,RAPL_ENERGY_DRAM_0,"RAPL_ENERGY_DRAM_0
",RAPL_ENERGY_DRAM_1,"RAPL_ENERGY_DRAM_1
",RAPL_ENERGY_DRAM_all,RAPL_ENERGY_PKG_0,"RAPL_ENERGY_PKG_0
",RAPL_ENERGY_PKG_1,"RAPL_ENERGY_PKG_1
",RAPL_ENERGY_PKG_all,begin,end,entryNumber,machineName,target,time,powers_av_all,type,methode,bench,class,Nbprocess,y_ax
149,208.0039291381836,,47.540977478027344,,2377.7428131103516,1477.3261413574219,,644.8717651367188,,4755.485626220703,2019-07-15 08:49:02.704,2019-07-15 08:49:14.712,1,50pbistest,cstates_oneCPU_CG_C_32_1,12.008,365.80658663236176,cstates,oneCPU,CG,C,32,cstates oneCPU
193,194.07415008544922,,43.643890380859375,,2192.3684005737305,1379.1498718261719,,575.50048828125,,4384.736801147461,2019-07-15 08:49:17.716,2019-07-15 08:49:28.723,2,50pbistest,cstates_oneCPU_CG_C_32_2,11.007,365.3947334289551,cstates,oneCPU,CG,C,32,cstates oneCPU
232,208.4380874633789,,47.76874542236328,,2368.576400756836,1483.5946350097656,,628.7749328613281,,4737.152801513672,2019-07-15 08:49:31.727,2019-07-15 08:49:43.734,3,50pbistest,cstates_oneCPU_CG_C_32_3,12.007,364.3963693472055,cstates,oneCPU,CG,C,32,cstates oneCPU
275,195.84393310546875,,43.693992614746094,,2200.83016204834,1381.0447998046875,,580.2474365234375,,4401.66032409668,2019-07-15 08:49:46.738,2019-07-15 08:49:57.745,4,50pbistest,cstates_oneCPU_CG_C_32_4,11.007,366.80502700805664,cstates,oneCPU,CG,C,32,cstates oneCPU
315,194.88756561279297,,43.70690155029297,,2201.8594818115234,1381.3868103027344,,581.8782043457031,,4403.718963623047,2019-07-15 08:50:00.749,2019-07-15 08:50:11.756,5,50pbistest,cstates_oneCPU_CG_C_32_5,11.007,366.9765803019206,cstates,oneCPU,CG,C,32,cstates oneCPU
356,192.61711883544922,,43.777740478515625,,2188.56649017334,1368.6622924804688,,583.5093383789062,,4377.13298034668,2019-07-15 08:50:14.760,2019-07-15 08:50:25.766,6,50pbistest,cstates_oneCPU_CG_C_32_6,11.006,364.76108169555664,cstates,oneCPU,CG,C,32,cstates oneCPU
398,196.42591857910156,,43.67979431152344,,2205.5487365722656,1382.6234130859375,,582.8196105957031,,4411.097473144531,2019-07-15 08:50:29.771,2019-07-15 08:50:40.778,7,50pbistest,cstates_oneCPU_CG_C_32_7,11.007,367.5914560953776,cstates,oneCPU,CG,C,32,cstates oneCPU
438,193.65865325927734,,43.733367919921875,,2196.107353210449,1379.74755859375,,578.9677734375,,4392.214706420898,2019-07-15 08:50:43.782,2019-07-15 08:50:54.789,8,50pbistest,cstates_oneCPU_CG_C_32_8,11.007,366.0178922017415,cstates,oneCPU,CG,C,32,cstates oneCPU
477,209.7201690673828,,47.757904052734375,,2369.3981170654297,1488.7676696777344,,623.1523742675781,,4738.796234130859,2019-07-15 08:50:57.794,2019-07-15 08:51:09.803,9,50pbistest,cstates_oneCPU_CG_C_32_9,12.009,364.5227872408353,cstates,oneCPU,CG,C,32,cstates oneCPU
520,196.246826171875,,43.62128448486328,,2196.707405090332,1383.1740417480469,,573.6652526855469,,4393.414810180664,2019-07-15 08:51:12.807,2019-07-15 08:51:23.815,10,50pbistest,cstates_oneCPU_CG_C_32_10,11.008,366.1179008483887,cstates,oneCPU,CG,C,32,cstates oneCPU
560,193.8736572265625,,43.76555633544922,,2182.1696701049805,1373.1792602539062,,571.3511962890625,,4364.339340209961,2019-07-15 08:51:26.819,2019-07-15 08:51:37.832,11,50pbistest,cstates_oneCPU_CG_C_32_11,11.013,363.69494501749676,cstates,oneCPU,CG,C,32,cstates oneCPU
603,196.3368377685547,,43.910491943359375,,2193.1258087158203,1382.2307434082031,,570.6477355957031,,4386.251617431641,2019-07-15 08:51:41.836,2019-07-15 08:51:52.844,12,50pbistest,cstates_oneCPU_CG_C_32_12,11.008,365.5209681193034,cstates,oneCPU,CG,C,32,cstates oneCPU
643,195.48395538330078,,43.746368408203125,,2179.656105041504,1382.0479431152344,,558.3778381347656,,4359.312210083008,2019-07-15 08:51:55.848,2019-07-15 08:52:06.856,13,50pbistest,cstates_oneCPU_CG_C_32_13,11.008,363.2760175069173,cstates,oneCPU,CG,C,32,cstates oneCPU
682,209.9033966064453,,47.997352600097656,,2355.5129013061523,1490.2879028320312,,607.3242492675781,,4711.025802612305,2019-07-15 08:52:09.860,2019-07-15 08:52:21.871,14,50pbistest,cstates_oneCPU_CG_C_32_14,12.011,362.38660020094653,cstates,oneCPU,CG,C,32,cstates oneCPU
725,196.50997161865234,,43.880714416503906,,2182.364532470703,1384.0647277832031,,557.9091186523438,,4364.729064941406,2019-07-15 08:52:24.876,2019-07-15 08:52:35.884,15,50pbistest,cstates_oneCPU_CG_C_32_15,11.008,363.7274220784505,cstates,oneCPU,CG,C,32,cstates oneCPU
766,194.55113983154297,,43.900177001953125,,2171.9099655151367,1376.2044982910156,,557.254150390625,,4343.819931030273,2019-07-15 08:52:38.888,2019-07-15 08:52:49.901,16,50pbistest,cstates_oneCPU_CG_C_32_16,11.013,361.98499425252277,cstates,oneCPU,CG,C,32,cstates oneCPU
805,210.3495635986328,,48.045074462890625,,2354.964645385742,1490.8847961425781,,605.6852111816406,,4709.929290771484,2019-07-15 08:52:52.906,2019-07-15 08:53:04.914,17,50pbistest,cstates_oneCPU_CG_C_32_17,12.008,362.302253136268,cstates,oneCPU,CG,C,32,cstates oneCPU
849,194.9429702758789,,43.85277557373047,,2180.0358276367188,1384.3797607421875,,556.8603210449219,,4360.0716552734375,2019-07-15 08:53:07.918,2019-07-15 08:53:18.926,18,50pbistest,cstates_oneCPU_CG_C_32_18,11.008,363.3393046061198,cstates,oneCPU,CG,C,32,cstates oneCPU
890,197.33019256591797,,43.863372802734375,,2179.625419616699,1383.23779296875,,555.1940612792969,,4359.250839233398,2019-07-15 08:53:22.930,2019-07-15 08:53:33.938,19,50pbistest,cstates_oneCPU_CG_C_32_19,11.008,363.2709032694499,cstates,oneCPU,CG,C,32,cstates oneCPU
930,196.8337631225586,,43.859535217285156,,2180.2057495117188,1383.9645385742188,,555.5479125976562,,4360.4114990234375,2019-07-15 08:53:36.942,2019-07-15 08:53:47.949,20,50pbistest,cstates_oneCPU_CG_C_32_20,11.007,363.3676249186198,cstates,oneCPU,CG,C,32,cstates oneCPU
1005,95.1978988647461,,95.36474609375,,1707.4722518920898,759.3719787597656,,757.5376281738281,,3414.9445037841797,2019-07-15 08:59:19.925,2019-07-15 08:59:25.930,1,50pbistest,cstates_noHT_CG_C_32_1,6.005,487.84921482631137,cstates,noHT,CG,C,32,cstates noHT
1030,96.04771423339844,,96.01193237304688,,1713.9486541748047,761.9446716308594,,759.9443359375,,3427.8973083496094,2019-07-15 08:59:28.934,2019-07-15 08:59:34.938,2,50pbistest,cstates_noHT_CG_C_32_2,6.004,489.6996154785156,cstates,noHT,CG,C,32,cstates noHT
1056,108.5761489868164,,102.28521728515625,,1961.7424087524414,878.5171813964844,,872.3638610839844,,3923.484817504883,2019-07-15 08:59:37.943,2019-07-15 08:59:44.948,3,50pbistest,cstates_noHT_CG_C_32_3,7.005,490.43560218811035,cstates,noHT,CG,C,32,cstates noHT
1083,93.44853973388672,,93.08477783203125,,1687.252311706543,750.6540832519531,,750.0649108886719,,3374.504623413086,2019-07-15 08:59:47.953,2019-07-15 08:59:53.958,4,50pbistest,cstates_noHT_CG_C_32_4,6.005,482.0720890590123,cstates,noHT,CG,C,32,cstates noHT
1110,96.33568572998047,,95.26795959472656,,1716.3837966918945,763.1980590820312,,761.5820922851562,,3432.767593383789,2019-07-15 08:59:57.962,2019-07-15 09:00:03.966,5,50pbistest,cstates_noHT_CG_C_32_5,6.004,490.39537048339844,cstates,noHT,CG,C,32,cstates noHT
1136,99.3310546875,,111.39469146728516,,1975.0029373168945,880.8783569335938,,883.3988342285156,,3950.005874633789,2019-07-15 09:00:06.971,2019-07-15 09:00:13.976,6,50pbistest,cstates_noHT_CG_C_32_6,7.005,493.75073432922363,cstates,noHT,CG,C,32,cstates noHT
1164,126.1146469116211,,107.38398742675781,,2220.843086242676,998.7110595703125,,988.6333923339844,,4441.686172485352,2019-07-15 09:00:16.980,2019-07-15 09:00:24.986,7,50pbistest,cstates_noHT_CG_C_32_7,8.006,493.52068583170575,cstates,noHT,CG,C,32,cstates noHT
1194,94.81907653808594,,94.62166595458984,,1708.058937072754,760.1480102539062,,758.4701843261719,,3416.117874145508,2019-07-15 09:00:27.991,2019-07-15 09:00:33.995,8,50pbistest,cstates_noHT_CG_C_32_8,6.004,488.01683916364397,cstates,noHT,CG,C,32,cstates noHT
1221,95.91791534423828,,96.50798797607422,,1715.3104858398438,762.0881042480469,,760.7964782714844,,3430.6209716796875,2019-07-15 09:00:38.000,2019-07-15 09:00:44.004,9,50pbistest,cstates_noHT_CG_C_32_9,6.004,490.08871023995533,cstates,noHT,CG,C,32,cstates noHT
1247,95.53032684326172,,94.26473236083984,,1713.4646759033203,762.9555969238281,,760.7140197753906,,3426.9293518066406,2019-07-15 09:00:47.008,2019-07-15 09:00:53.013,10,50pbistest,cstates_noHT_CG_C_32_10,6.005,489.5613359723772,cstates,noHT,CG,C,32,cstates noHT
1271,109.20498657226562,,107.99198913574219,,1961.658676147461,873.384765625,,871.0769348144531,,3923.317352294922,2019-07-15 09:00:56.017,2019-07-15 09:01:03.022,11,50pbistest,cstates_noHT_CG_C_32_11,7.005,490.41466903686523,cstates,noHT,CG,C,32,cstates noHT
1299,95.29296112060547,,95.0078353881836,,1713.8858184814453,762.3108825683594,,761.2741394042969,,3427.7716369628906,2019-07-15 09:01:06.026,2019-07-15 09:01:12.032,12,50pbistest,cstates_noHT_CG_C_32_12,6.006,489.6816624232701,cstates,noHT,CG,C,32,cstates noHT
1325,107.59890747070312,,108.16748809814453,,1948.5808792114258,867.3875122070312,,865.4269714355469,,3897.1617584228516,2019-07-15 09:01:15.037,2019-07-15 09:01:22.043,13,50pbistest,cstates_noHT_CG_C_32_13,7.006,487.14521980285645,cstates,noHT,CG,C,32,cstates noHT
1352,95.95254516601562,,95.69915771484375,,1718.2622985839844,763.8631591796875,,762.7474365234375,,3436.5245971679688,2019-07-15 09:01:25.048,2019-07-15 09:01:31.054,14,50pbistest,cstates_noHT_CG_C_32_14,6.006,490.9320853097098,cstates,noHT,CG,C,32,cstates noHT
1377,128.94024658203125,,104.83695220947266,,2234.511116027832,1006.6029357910156,,994.1309814453125,,4469.022232055664,2019-07-15 09:01:34.059,2019-07-15 09:01:42.066,15,50pbistest,cstates_noHT_CG_C_32_15,8.007,496.55802578396265,cstates,noHT,CG,C,32,cstates noHT
1409,94.35147857666016,,94.70405578613281,,1706.1951522827148,759.7562255859375,,757.3833923339844,,3412.3903045654297,2019-07-15 09:01:45.070,2019-07-15 09:01:51.076,16,50pbistest,cstates_noHT_CG_C_32_16,6.006,487.4843292236328,cstates,noHT,CG,C,32,cstates noHT
1435,96.4927749633789,,96.75311279296875,,1716.7551345825195,762.10498046875,,761.4042663574219,,3433.510269165039,2019-07-15 09:01:55.082,2019-07-15 09:02:01.088,17,50pbistest,cstates_noHT_CG_C_32_17,6.006,490.501467023577,cstates,noHT,CG,C,32,cstates noHT
1461,94.91514587402344,,95.1511001586914,,1710.4583053588867,760.3296508789062,,760.0624084472656,,3420.9166107177734,2019-07-15 09:02:04.092,2019-07-15 09:02:10.098,18,50pbistest,cstates_noHT_CG_C_32_18,6.006,488.7023729596819,cstates,noHT,CG,C,32,cstates noHT
1487,119.38013458251953,,113.16107177734375,,2246.5693130493164,1007.8078002929688,,1006.2203063964844,,4493.138626098633,2019-07-15 09:02:14.103,2019-07-15 09:02:22.110,19,50pbistest,cstates_noHT_CG_C_32_19,8.007,499.2376251220703,cstates,noHT,CG,C,32,cstates noHT
1518,165.20936584472656,,105.13794708251953,,2762.8349227905273,1260.6639404296875,,1231.8236694335938,,5525.669845581055,2019-07-15 09:02:25.114,2019-07-15 09:02:35.122,20,50pbistest,cstates_noHT_CG_C_32_20,10.008,502.33362232555044,cstates,noHT,CG,C,32,cstates noHT
1590,391.50646209716797,,380.06298065185547,,9422.462417602539,4381.997985839844,,4268.894989013672,,18844.924835205078,2019-07-15 09:08:06.490,2019-07-15 09:08:48.516,1,50pbistest,cstates_HT_CG_C_32_1,42.026,438.2540659350018,cstates,HT,CG,C,32,cstates HT
1723,486.3700714111328,,483.1674575805664,,12597.664360046387,5898.432434082031,,5729.694396972656,,25195.328720092773,2019-07-15 09:08:51.520,2019-07-15 09:09:46.554,2,50pbistest,cstates_HT_CG_C_32_2,55.034,449.91658428737094,cstates,HT,CG,C,32,cstates HT
1895,489.8895950317383,,479.6227493286133,,12723.726974487305,6000.707183837891,,5753.5074462890625,,25447.45394897461,2019-07-15 09:09:49.558,2019-07-15 09:10:44.589,3,50pbistest,cstates_HT_CG_C_32_3,55.031,454.41882051740373,cstates,HT,CG,C,32,cstates HT
2067,567.0820007324219,,551.5092391967773,,15043.245262145996,7091.870025634766,,6832.783996582031,,30086.490524291992,2019-07-15 09:10:47.593,2019-07-15 09:11:52.633,4,50pbistest,cstates_HT_CG_C_32_4,65.04,455.85591703472716,cstates,HT,CG,C,32,cstates HT
2269,470.14774322509766,,458.9316635131836,,12210.070678710938,5774.682403564453,,5506.308868408203,,24420.141357421875,2019-07-15 09:11:55.637,2019-07-15 09:12:47.669,5,50pbistest,cstates_HT_CG_C_32_5,52.032,460.7573841022995,cstates,HT,CG,C,32,cstates HT
2432,417.8345718383789,,406.25382232666016,,10766.858993530273,5085.5623779296875,,4857.208221435547,,21533.717987060547,2019-07-15 09:12:50.673,2019-07-15 09:13:36.704,6,50pbistest,cstates_HT_CG_C_32_6,46.031,458.16421249064996,cstates,HT,CG,C,32,cstates HT
2578,394.96934509277344,,398.23057556152344,,10102.508117675781,4762.442443847656,,4546.865753173828,,20205.016235351562,2019-07-15 09:13:39.708,2019-07-15 09:14:22.735,7,50pbistest,cstates_HT_CG_C_32_7,43.027,459.20491443980825,cstates,HT,CG,C,32,cstates HT
2713,425.3048324584961,,419.7108688354492,,11012.256942749023,5202.154296875,,4965.086944580078,,22024.513885498047,2019-07-15 09:14:25.739,2019-07-15 09:15:12.766,8,50pbistest,cstates_HT_CG_C_32_8,47.027,458.8440392812093,cstates,HT,CG,C,32,cstates HT
2861,455.1884536743164,,442.7472686767578,,11754.603965759277,5575.330383300781,,5281.337860107422,,23509.207931518555,2019-07-15 09:15:15.770,2019-07-15 09:16:05.801,9,50pbistest,cstates_HT_CG_C_32_9,50.031,460.96486140232463,cstates,HT,CG,C,32,cstates HT
3020,404.9732666015625,,394.21898651123047,,10378.33519744873,4920.5732421875,,4658.5697021484375,,20756.67039489746,2019-07-15 09:16:09.805,2019-07-15 09:16:53.833,10,50pbistest,cstates_HT_CG_C_32_10,44.028,461.25934210883247,cstates,HT,CG,C,32,cstates HT
3159,563.0026779174805,,544.5490493774414,,15073.64926147461,7179.871734619141,,6786.225799560547,,30147.29852294922,2019-07-15 09:16:56.837,2019-07-15 09:18:00.874,11,50pbistest,cstates_HT_CG_C_32_11,64.037,463.80459266075724,cstates,HT,CG,C,32,cstates HT
3358,373.0086975097656,,341.9847183227539,,8932.467506408691,4236.605316162109,,3980.8687744140625,,17864.935012817383,2019-07-15 09:18:03.879,2019-07-15 09:18:41.903,12,50pbistest,cstates_HT_CG_C_32_12,38.024,458.0752567389072,cstates,HT,CG,C,32,cstates HT
3479,366.77757263183594,,348.7830352783203,,8961.764038085938,4250.350921630859,,3995.852508544922,,17923.528076171875,2019-07-15 09:18:44.907,2019-07-15 09:19:22.930,13,50pbistest,cstates_HT_CG_C_32_13,38.023,459.57764297876605,cstates,HT,CG,C,32,cstates HT
3601,376.18155670166016,,365.28136444091797,,9447.198913574219,4481.113616943359,,4224.622375488281,,18894.397827148438,2019-07-15 09:19:25.934,2019-07-15 09:20:05.960,14,50pbistest,cstates_HT_CG_C_32_14,40.026,460.8389713938643,cstates,HT,CG,C,32,cstates HT
3729,454.31536865234375,,413.36592864990234,,11352.319969177246,5428.893646240234,,5055.745025634766,,22704.639938354492,2019-07-15 09:20:09.965,2019-07-15 09:20:57.994,15,50pbistest,cstates_HT_CG_C_32_15,48.029,463.3599987419284,cstates,HT,CG,C,32,cstates HT
3882,529.1296997070312,,490.66978454589844,,13741.718673706055,6575.335662841797,,6146.583526611328,,27483.43734741211,2019-07-15 09:21:01.999,2019-07-15 09:22:00.032,16,50pbistest,cstates_HT_CG_C_32_16,58.033,465.82097199003573,cstates,HT,CG,C,32,cstates HT
4063,353.0881805419922,,337.9737854003906,,8763.879196166992,4160.256195068359,,3912.56103515625,,17527.758392333984,2019-07-15 09:22:03.036,2019-07-15 09:22:40.057,17,50pbistest,cstates_HT_CG_C_32_17,37.021,461.25679979826276,cstates,HT,CG,C,32,cstates HT
4183,346.46016693115234,,335.2414779663086,,8528.525741577148,4050.9536743164062,,3795.8704223632812,,17057.051483154297,2019-07-15 09:22:44.062,2019-07-15 09:23:20.084,18,50pbistest,cstates_HT_CG_C_32_18,36.022,461.0013914366026,cstates,HT,CG,C,32,cstates HT
4298,352.62378692626953,,347.39510345458984,,8753.671478271484,4153.3135986328125,,3900.3389892578125,,17507.34295654297,2019-07-15 09:23:23.088,2019-07-15 09:24:00.113,19,50pbistest,cstates_HT_CG_C_32_19,37.025,460.71955148797286,cstates,HT,CG,C,32,cstates HT
4416,504.3251190185547,,489.1672897338867,,13237.728034973145,6325.611358642578,,5918.624267578125,,26475.45606994629,2019-07-15 09:24:03.118,2019-07-15 09:24:59.150,20,50pbistest,cstates_HT_CG_C_32_20,56.032,464.4816854376542,cstates,HT,CG,C,32,cstates HT
91,193.33025360107422,,44.590171813964844,,2210.223373413086,1354.2532653808594,,618.0496826171875,,4420.446746826172,2019-07-15 11:40:38.589,2019-07-15 11:40:49.600,1,50pbistest,cstates_oneCPU_CG_C_32_1,11.011,368.37056223551434,cstates,oneCPU,CG,C,32,cstates oneCPU
133,197.21672821044922,,44.646873474121094,,2237.2676544189453,1374.8247680664062,,620.5792846679688,,4474.535308837891,2019-07-15 11:40:53.605,2019-07-15 11:41:04.612,2,50pbistest,cstates_oneCPU_CG_C_32_2,11.007,372.87794240315753,cstates,oneCPU,CG,C,32,cstates oneCPU
174,195.62505340576172,,44.640380859375,,2228.3828659057617,1366.8077087402344,,621.3097229003906,,4456.765731811523,2019-07-15 11:41:07.617,2019-07-15 11:41:18.628,3,50pbistest,cstates_oneCPU_CG_C_32_3,11.011,371.39714431762695,cstates,oneCPU,CG,C,32,cstates oneCPU
215,197.1042251586914,,44.570068359375,,2237.661201477051,1373.8599243164062,,622.1269836425781,,4475.322402954102,2019-07-15 11:41:22.634,2019-07-15 11:41:33.641,4,50pbistest,cstates_oneCPU_CG_C_32_4,11.007,372.9435335795085,cstates,oneCPU,CG,C,32,cstates oneCPU
255,197.6003189086914,,44.602272033691406,,2240.961135864258,1376.314697265625,,622.44384765625,,4481.922271728516,2019-07-15 11:41:36.645,2019-07-15 11:41:47.652,5,50pbistest,cstates_oneCPU_CG_C_32_5,11.007,373.49352264404297,cstates,oneCPU,CG,C,32,cstates oneCPU
295,195.98358154296875,,44.85093688964844,,2234.0138397216797,1370.3998718261719,,622.7794494628906,,4468.027679443359,2019-07-15 11:41:50.656,2019-07-15 11:42:01.668,6,50pbistest,cstates_oneCPU_CG_C_32_6,11.012,372.3356399536133,cstates,oneCPU,CG,C,32,cstates oneCPU
335,194.70806884765625,,44.75164031982422,,2217.331657409668,1358.7327270507812,,619.1392211914062,,4434.663314819336,2019-07-15 11:42:04.673,2019-07-15 11:42:15.680,7,50pbistest,cstates_oneCPU_CG_C_32_7,11.007,369.55527623494464,cstates,oneCPU,CG,C,32,cstates oneCPU
377,198.68309783935547,,44.969932556152344,,2248.849136352539,1378.3832702636719,,626.8128356933594,,4497.698272705078,2019-07-15 11:42:19.684,2019-07-15 11:42:30.692,8,50pbistest,cstates_oneCPU_CG_C_32_8,11.008,374.80818939208984,cstates,oneCPU,CG,C,32,cstates oneCPU
418,196.17391967773438,,45.13165283203125,,2243.045684814453,1375.0102844238281,,626.7298278808594,,4486.091369628906,2019-07-15 11:42:33.696,2019-07-15 11:42:44.708,9,50pbistest,cstates_oneCPU_CG_C_32_9,11.012,373.8409474690755,cstates,oneCPU,CG,C,32,cstates oneCPU
459,198.40877532958984,,44.975257873535156,,2247.5037536621094,1374.9590454101562,,629.1606750488281,,4495.007507324219,2019-07-15 11:42:48.713,2019-07-15 11:42:59.720,10,50pbistest,cstates_oneCPU_CG_C_32_10,11.007,374.5839589436849,cstates,oneCPU,CG,C,32,cstates oneCPU
499,198.14324188232422,,44.962646484375,,2249.376823425293,1377.4008483886719,,628.8700866699219,,4498.753646850586,2019-07-15 11:43:02.724,2019-07-15 11:43:13.731,11,50pbistest,cstates_oneCPU_CG_C_32_11,11.007,374.8961372375488,cstates,oneCPU,CG,C,32,cstates oneCPU
540,196.33023834228516,,45.065208435058594,,2227.268798828125,1364.8174133300781,,621.0559387207031,,4454.53759765625,2019-07-15 11:43:16.735,2019-07-15 11:43:27.748,12,50pbistest,cstates_oneCPU_CG_C_32_12,11.013,371.2114664713542,cstates,oneCPU,CG,C,32,cstates oneCPU
581,199.49634552001953,,45.01764678955078,,2250.176742553711,1378.1252136230469,,627.5375366210938,,4500.353485107422,2019-07-15 11:43:31.753,2019-07-15 11:43:42.760,13,50pbistest,cstates_oneCPU_CG_C_32_13,11.007,375.02945709228516,cstates,oneCPU,CG,C,32,cstates oneCPU
622,198.18338775634766,,45.16204071044922,,2238.3048400878906,1375.5025024414062,,619.4569091796875,,4476.609680175781,2019-07-15 11:43:45.764,2019-07-15 11:43:56.777,14,50pbistest,cstates_oneCPU_CG_C_32_14,11.013,373.0508066813151,cstates,oneCPU,CG,C,32,cstates oneCPU
661,212.01786041259766,,49.27386474609375,,2424.553077697754,1478.8981323242188,,684.3632202148438,,4849.106155395508,2019-07-15 11:43:59.781,2019-07-15 11:44:11.788,15,50pbistest,cstates_oneCPU_CG_C_32_15,12.007,373.0081657996544,cstates,oneCPU,CG,C,32,cstates oneCPU
704,200.30093383789062,,45.221588134765625,,2256.1001892089844,1379.1495361328125,,631.4281311035156,,4512.200378417969,2019-07-15 11:44:14.792,2019-07-15 11:44:25.799,16,50pbistest,cstates_oneCPU_CG_C_32_16,11.007,376.0166982014974,cstates,oneCPU,CG,C,32,cstates oneCPU
744,198.38279724121094,,45.160377502441406,,2240.9448165893555,1374.646484375,,622.7551574707031,,4481.889633178711,2019-07-15 11:44:28.803,2019-07-15 11:44:39.811,17,50pbistest,cstates_oneCPU_CG_C_32_17,11.008,373.4908027648926,cstates,oneCPU,CG,C,32,cstates oneCPU
785,213.04312896728516,,49.520599365234375,,2422.3725357055664,1486.102294921875,,673.7065124511719,,4844.745071411133,2019-07-15 11:44:42.815,2019-07-15 11:44:54.827,18,50pbistest,cstates_oneCPU_CG_C_32_18,12.012,372.6726978008564,cstates,oneCPU,CG,C,32,cstates oneCPU
827,200.63214874267578,,45.32502746582031,,2246.1642990112305,1379.9237976074219,,620.2833251953125,,4492.328598022461,2019-07-15 11:44:57.831,2019-07-15 11:45:08.838,19,50pbistest,cstates_oneCPU_CG_C_32_19,11.007,374.36071650187176,cstates,oneCPU,CG,C,32,cstates oneCPU
867,198.09119415283203,,45.24017333984375,,2230.178871154785,1370.2481689453125,,616.5993347167969,,4460.35774230957,2019-07-15 11:45:11.842,2019-07-15 11:45:22.850,20,50pbistest,cstates_oneCPU_CG_C_32_20,11.008,371.69647852579754,cstates,oneCPU,CG,C,32,cstates oneCPU
940,101.38075256347656,,110.734619140625,,1948.7392120361328,859.7114562988281,,876.9123840332031,,3897.4784240722656,2019-07-15 11:50:53.868,2019-07-15 11:51:00.874,1,50pbistest,cstates_noHT_CG_C_32_1,7.006,487.1848030090332,cstates,noHT,CG,C,32,cstates noHT
968,139.4623031616211,,110.05696868896484,,2460.272994995117,1108.1582336425781,,1102.5954895019531,,4920.545989990234,2019-07-15 11:51:03.878,2019-07-15 11:51:12.886,2,50pbistest,cstates_noHT_CG_C_32_2,9.008,492.0545989990234,cstates,noHT,CG,C,32,cstates noHT
1002,101.6845932006836,,130.70777130126953,,2220.666961669922,981.7976989746094,,1006.4768981933594,,4441.333923339844,2019-07-15 11:51:15.891,2019-07-15 11:51:23.897,3,50pbistest,cstates_noHT_CG_C_32_3,8.006,493.48154703776044,cstates,noHT,CG,C,32,cstates noHT
1033,107.0414047241211,,106.67124938964844,,1954.6853103637695,865.9559020996094,,875.0167541503906,,3909.370620727539,2019-07-15 11:51:26.901,2019-07-15 11:51:33.906,4,50pbistest,cstates_noHT_CG_C_32_4,7.005,488.6713275909424,cstates,noHT,CG,C,32,cstates noHT
1061,124.53864288330078,,109.64592742919922,,2229.6253662109375,994.9375305175781,,1000.5032653808594,,4459.250732421875,2019-07-15 11:51:36.911,2019-07-15 11:51:44.918,5,50pbistest,cstates_noHT_CG_C_32_5,8.007,495.47230360243054,cstates,noHT,CG,C,32,cstates noHT
1092,147.3346710205078,,106.00247192382812,,2493.8670196533203,1122.7057800292969,,1117.8240966796875,,4987.734039306641,2019-07-15 11:51:47.922,2019-07-15 11:51:56.929,6,50pbistest,cstates_noHT_CG_C_32_6,9.007,498.7734039306641,cstates,noHT,CG,C,32,cstates noHT
1127,112.63961029052734,,103.41043090820312,,1975.0696334838867,876.6607666015625,,882.3588256835938,,3950.1392669677734,2019-07-15 11:51:59.934,2019-07-15 11:52:06.940,7,50pbistest,cstates_noHT_CG_C_32_7,7.006,493.7674083709717,cstates,noHT,CG,C,32,cstates noHT
1154,97.83704376220703,,115.83470153808594,,1967.974754333496,870.6241455078125,,883.6788635253906,,3935.949508666992,2019-07-15 11:52:09.944,2019-07-15 11:52:16.949,8,50pbistest,cstates_noHT_CG_C_32_8,7.005,491.993688583374,cstates,noHT,CG,C,32,cstates noHT
1182,106.74456787109375,,111.84076690673828,,1957.2825088500977,864.5293579101562,,874.1678161621094,,3914.5650177001953,2019-07-15 11:52:19.954,2019-07-15 11:52:26.960,9,50pbistest,cstates_noHT_CG_C_32_9,7.006,489.3206272125244,cstates,noHT,CG,C,32,cstates noHT
1210,94.06248474121094,,98.40924835205078,,1716.7351913452148,758.9927978515625,,765.2706604003906,,3433.4703826904297,2019-07-15 11:52:29.964,2019-07-15 11:52:35.969,10,50pbistest,cstates_noHT_CG_C_32_10,6.005,490.49576895577565,cstates,noHT,CG,C,32,cstates noHT
1238,164.02798461914062,,109.09765625,,2782.819091796875,1257.7428588867188,,1251.9505920410156,,5565.63818359375,2019-07-15 11:52:39.974,2019-07-15 11:52:49.984,11,50pbistest,cstates_noHT_CG_C_32_11,10.01,505.9671075994318,cstates,noHT,CG,C,32,cstates noHT
1274,110.0924072265625,,107.4701919555664,,1985.4058303833008,881.7036437988281,,886.1395874023438,,3970.8116607666016,2019-07-15 11:52:52.988,2019-07-15 11:52:59.994,12,50pbistest,cstates_noHT_CG_C_32_12,7.006,496.3514575958252,cstates,noHT,CG,C,32,cstates noHT
1302,108.99537658691406,,148.5240478515625,,2491.4319610595703,1105.0909729003906,,1128.8215637207031,,4982.863922119141,2019-07-15 11:53:02.999,2019-07-15 11:53:12.007,13,50pbistest,cstates_noHT_CG_C_32_13,9.008,498.28639221191406,cstates,noHT,CG,C,32,cstates noHT
1336,100.13856506347656,,114.56183624267578,,1988.528434753418,884.3314819335938,,889.4965515136719,,3977.056869506836,2019-07-15 11:53:15.011,2019-07-15 11:53:22.016,14,50pbistest,cstates_noHT_CG_C_32_14,7.005,497.1321086883545,cstates,noHT,CG,C,32,cstates noHT
1365,107.658203125,,110.86347198486328,,1956.5374221801758,865.0134582519531,,873.0022888183594,,3913.0748443603516,2019-07-15 11:53:25.020,2019-07-15 11:53:32.026,15,50pbistest,cstates_noHT_CG_C_32_15,7.006,489.13435554504395,cstates,noHT,CG,C,32,cstates noHT
1392,102.7091064453125,,152.57037353515625,,2506.112060546875,1113.9463806152344,,1136.8861999511719,,5012.22412109375,2019-07-15 11:53:35.030,2019-07-15 11:53:44.037,16,50pbistest,cstates_noHT_CG_C_32_16,9.007,501.222412109375,cstates,noHT,CG,C,32,cstates noHT
1426,107.64254760742188,,112.95916748046875,,1964.2614135742188,868.5744323730469,,875.0852661132812,,3928.5228271484375,2019-07-15 11:53:47.042,2019-07-15 11:53:54.048,17,50pbistest,cstates_noHT_CG_C_32_17,7.006,491.0653533935547,cstates,noHT,CG,C,32,cstates noHT
1454,95.689697265625,,99.47598266601562,,1722.8597412109375,762.1739196777344,,765.5201416015625,,3445.719482421875,2019-07-15 11:53:57.052,2019-07-15 11:54:03.056,18,50pbistest,cstates_noHT_CG_C_32_18,6.004,492.24564034598217,cstates,noHT,CG,C,32,cstates noHT
1480,108.6072006225586,,112.9705581665039,,1971.8198852539062,870.958740234375,,879.2833862304688,,3943.6397705078125,2019-07-15 11:54:06.061,2019-07-15 11:54:13.067,19,50pbistest,cstates_noHT_CG_C_32_19,7.006,492.95497131347656,cstates,noHT,CG,C,32,cstates noHT
1507,98.59574890136719,,134.60519409179688,,2243.4466705322266,996.8651428222656,,1013.3805847167969,,4486.893341064453,2019-07-15 11:54:16.071,2019-07-15 11:54:24.078,20,50pbistest,cstates_noHT_CG_C_32_20,8.007,498.54370456271704,cstates,noHT,CG,C,32,cstates noHT
1572,389.7053680419922,,414.8965148925781,,10153.885604858398,4498.5050048828125,,4850.778717041016,,20307.771209716797,2019-07-15 11:59:54.930,2019-07-15 12:00:39.959,1,50pbistest,cstates_HT_CG_C_32_1,45.029,441.47328716775644,cstates,HT,CG,C,32,cstates HT
1714,452.1866760253906,,486.8120803833008,,12359.137733459473,5502.3929443359375,,5917.746032714844,,24718.275466918945,2019-07-15 12:00:42.963,2019-07-15 12:01:36.997,2,50pbistest,cstates_HT_CG_C_32_2,54.034,449.4231903076172,cstates,HT,CG,C,32,cstates HT
1882,412.88978576660156,,438.8306121826172,,11045.437408447266,4913.872650146484,,5279.8443603515625,,22090.87481689453,2019-07-15 12:01:40.001,2019-07-15 12:02:28.033,3,50pbistest,cstates_HT_CG_C_32_3,48.032,450.83417993662306,cstates,HT,CG,C,32,cstates HT
2036,388.23474884033203,,422.12691497802734,,10423.531311035156,4623.410614013672,,4989.759033203125,,20847.062622070312,2019-07-15 12:02:32.037,2019-07-15 12:03:17.069,4,50pbistest,cstates_HT_CG_C_32_4,45.032,453.1970135232677,cstates,HT,CG,C,32,cstates HT
2180,424.3403549194336,,447.6230926513672,,11384.214210510254,5074.164093017578,,5438.086669921875,,22768.428421020508,2019-07-15 12:03:21.074,2019-07-15 12:04:10.108,5,50pbistest,cstates_HT_CG_C_32_5,49.034,455.36856842041016,cstates,HT,CG,C,32,cstates HT
2334,351.1726608276367,,374.4794616699219,,9106.76439666748,4055.4498291015625,,4325.662445068359,,18213.52879333496,2019-07-15 12:04:13.112,2019-07-15 12:04:52.138,6,50pbistest,cstates_HT_CG_C_32_6,39.026,455.338219833374,cstates,HT,CG,C,32,cstates HT
2457,347.5607147216797,,363.63733673095703,,8874.459770202637,3950.4910278320312,,4212.770690917969,,17748.919540405273,2019-07-15 12:04:55.142,2019-07-15 12:05:33.168,7,50pbistest,cstates_HT_CG_C_32_7,38.026,455.10050103603265,cstates,HT,CG,C,32,cstates HT
2578,355.1999740600586,,370.17272186279297,,9090.43522644043,4067.488250732422,,4297.574279785156,,18180.87045288086,2019-07-15 12:05:36.173,2019-07-15 12:06:15.200,8,50pbistest,cstates_HT_CG_C_32_8,39.027,454.52176132202146,cstates,HT,CG,C,32,cstates HT
2702,383.7914505004883,,402.8752212524414,,10014.100875854492,4475.323394775391,,4752.110809326172,,20028.201751708984,2019-07-15 12:06:18.204,2019-07-15 12:07:01.236,9,50pbistest,cstates_HT_CG_C_32_9,43.032,455.18640344793147,cstates,HT,CG,C,32,cstates HT
2838,332.21178436279297,,345.86451721191406,,8440.270973205566,3765.9615783691406,,3996.2330932617188,,16880.541946411133,2019-07-15 12:07:04.240,2019-07-15 12:07:40.265,10,50pbistest,cstates_HT_CG_C_32_10,36.025,456.2308634165171,cstates,HT,CG,C,32,cstates HT
2954,390.7037353515625,,406.6101303100586,,10235.493919372559,4588.222076416016,,4849.957977294922,,20470.987838745117,2019-07-15 12:07:43.270,2019-07-15 12:08:27.302,11,50pbistest,cstates_HT_CG_C_32_11,44.032,454.9108408610026,cstates,HT,CG,C,32,cstates HT
3092,480.05833435058594,,494.08099365234375,,12846.488418579102,5773.126373291016,,6099.222717285156,,25692.976837158203,2019-07-15 12:08:30.306,2019-07-15 12:09:25.347,12,50pbistest,cstates_HT_CG_C_32_12,55.041,458.8031578063965,cstates,HT,CG,C,32,cstates HT
3265,371.23255157470703,,385.03954315185547,,9575.254669189453,4285.746887207031,,4533.235687255859,,19150.509338378906,2019-07-15 12:09:28.352,2019-07-15 12:10:09.381,13,50pbistest,cstates_HT_CG_C_32_13,41.029,455.9645080566406,cstates,HT,CG,C,32,cstates HT
3396,406.4713821411133,,400.99928283691406,,10290.183280944824,4628.98583984375,,4853.726776123047,,20580.36656188965,2019-07-15 12:10:13.386,2019-07-15 12:10:57.418,14,50pbistest,cstates_HT_CG_C_32_14,44.032,457.3414791531033,cstates,HT,CG,C,32,cstates HT
3535,490.1617965698242,,462.18912506103516,,12626.984893798828,5715.1556396484375,,5959.478332519531,,25253.969787597656,2019-07-15 12:11:00.422,2019-07-15 12:11:54.458,15,50pbistest,cstates_HT_CG_C_32_15,54.036,459.16308704723014,cstates,HT,CG,C,32,cstates HT
3706,569.6750640869141,,594.8715515136719,,15840.778335571289,7129.481719970703,,7546.75,,31681.556671142578,2019-07-15 12:11:58.463,2019-07-15 12:13:06.510,16,50pbistest,cstates_HT_CG_C_32_16,68.047,459.15299523395043,cstates,HT,CG,C,32,cstates HT
3917,390.5219497680664,,406.7734375,,10286.315650939941,4616.859039306641,,4872.161224365234,,20572.631301879883,2019-07-15 12:13:09.514,2019-07-15 12:13:53.544,17,50pbistest,cstates_HT_CG_C_32_17,44.03,457.1695844862196,cstates,HT,CG,C,32,cstates HT
4056,447.5303039550781,,462.60069274902344,,11874.297561645508,5325.373291015625,,5638.793273925781,,23748.595123291016,2019-07-15 12:13:56.549,2019-07-15 12:14:47.585,18,50pbistest,cstates_HT_CG_C_32_18,51.036,456.7037523709811,cstates,HT,CG,C,32,cstates HT
4216,442.57249450683594,,449.81632232666016,,11693.488334655762,5244.318664550781,,5556.780853271484,,23386.976669311523,2019-07-15 12:14:50.589,2019-07-15 12:15:40.621,19,50pbistest,cstates_HT_CG_C_32_19,50.032,458.56816998650044,cstates,HT,CG,C,32,cstates HT
4374,400.18446350097656,,405.2112579345703,,10293.106903076172,4619.534973144531,,4868.176208496094,,20586.213806152344,2019-07-15 12:15:43.626,2019-07-15 12:16:27.658,20,50pbistest,cstates_HT_CG_C_32_20,44.032,457.47141791449656,cstates,HT,CG,C,32,cstates HT
98,,104.72705078125,,108.22430419921875,1946.7935485839844,,868.6423645019531,,865.1998291015625,3893.5870971679688,2019-07-17 13:27:17.857,2019-07-17 13:27:24.863,1,50pbistest,cstates_noHT_CG_C_32_1,7.006,486.6983871459961,cstates,noHT,CG,C,32,cstates noHT
127,,127.52608489990234,,107.00536346435547,2236.2950286865234,,1009.5138854980469,,992.2496948242188,4472.590057373047,2019-07-17 13:27:28.868,2019-07-17 13:27:36.874,2,50pbistest,cstates_noHT_CG_C_32_2,8.006,496.9544508192274,cstates,noHT,CG,C,32,cstates noHT
161,,97.00700378417969,,93.65975189208984,1717.9509048461914,,765.3887329101562,,761.8954162597656,3435.901809692383,2019-07-17 13:27:40.879,2019-07-17 13:27:46.884,3,50pbistest,cstates_noHT_CG_C_32_3,6.005,490.8431156703404,cstates,noHT,CG,C,32,cstates noHT
187,,100.90727233886719,,110.11139678955078,1982.3506698608398,,885.7352294921875,,885.5967712402344,3964.7013397216797,2019-07-17 13:27:50.888,2019-07-17 13:27:57.894,4,50pbistest,cstates_noHT_CG_C_32_4,7.006,495.58766746520996,cstates,noHT,CG,C,32,cstates noHT
217,,96.14966583251953,,93.22698974609375,1709.8483657836914,,763.6587524414062,,756.8129577636719,3419.696731567383,2019-07-17 13:28:01.898,2019-07-17 13:28:07.904,5,50pbistest,cstates_noHT_CG_C_32_5,6.006,488.52810450962613,cstates,noHT,CG,C,32,cstates noHT
244,,94.87171173095703,,91.14302825927734,1689.8881225585938,,754.620361328125,,749.2530212402344,3379.7762451171875,2019-07-17 13:28:11.909,2019-07-17 13:28:17.913,6,50pbistest,cstates_noHT_CG_C_32_6,6.004,482.82517787388394,cstates,noHT,CG,C,32,cstates noHT
271,,108.326416015625,,122.44832611083984,2223.7514266967773,,995.8941040039062,,997.0825805664062,4447.502853393555,2019-07-17 13:28:21.918,2019-07-17 13:28:29.924,7,50pbistest,cstates_noHT_CG_C_32_7,8.006,494.16698371039496,cstates,noHT,CG,C,32,cstates noHT
304,,97.02911376953125,,93.54827117919922,1719.9532089233398,,765.9833984375,,763.3924255371094,3439.9064178466797,2019-07-17 13:28:33.928,2019-07-17 13:28:39.933,8,50pbistest,cstates_noHT_CG_C_32_8,6.005,491.41520254952565,cstates,noHT,CG,C,32,cstates noHT
331,,110.89409637451172,,124.72806549072266,2245.7767028808594,,1005.0728759765625,,1005.0816650390625,4491.553405761719,2019-07-17 13:28:43.938,2019-07-17 13:28:51.945,9,50pbistest,cstates_noHT_CG_C_32_9,8.007,499.06148952907984,cstates,noHT,CG,C,32,cstates noHT
364,,107.35653686523438,,103.00181579589844,1987.737533569336,,888.9068298339844,,888.4723510742188,3975.475067138672,2019-07-17 13:28:55.950,2019-07-17 13:29:02.955,10,50pbistest,cstates_noHT_CG_C_32_10,7.005,496.934383392334,cstates,noHT,CG,C,32,cstates noHT
394,,112.38694763183594,,99.44966888427734,1983.0759048461914,,889.8071594238281,,881.43212890625,3966.151809692383,2019-07-17 13:29:06.959,2019-07-17 13:29:13.965,11,50pbistest,cstates_noHT_CG_C_32_11,7.006,495.76897621154785,cstates,noHT,CG,C,32,cstates noHT
424,,95.21295928955078,,92.52238464355469,1710.584342956543,,763.0848693847656,,759.7641296386719,3421.168685913086,2019-07-17 13:29:17.969,2019-07-17 13:29:23.974,12,50pbistest,cstates_noHT_CG_C_32_12,6.005,488.7383837018694,cstates,noHT,CG,C,32,cstates noHT
452,,94.60260772705078,,91.72515869140625,1698.6520767211914,,758.8544311523438,,753.4698791503906,3397.304153442383,2019-07-17 13:29:27.979,2019-07-17 13:29:33.984,13,50pbistest,cstates_noHT_CG_C_32_13,6.005,485.32916477748324,cstates,noHT,CG,C,32,cstates noHT
478,,107.76783752441406,,107.26824188232422,1967.1796035766602,,877.1163330078125,,875.0271911621094,3934.3592071533203,2019-07-17 13:29:37.989,2019-07-17 13:29:44.994,14,50pbistest,cstates_noHT_CG_C_32_14,7.005,491.79490089416504,cstates,noHT,CG,C,32,cstates noHT
508,,106.0135269165039,,103.54110717773438,1989.143440246582,,890.5634765625,,889.0253295898438,3978.286880493164,2019-07-17 13:29:48.999,2019-07-17 13:29:56.004,15,50pbistest,cstates_noHT_CG_C_32_15,7.005,497.2858600616455,cstates,noHT,CG,C,32,cstates noHT
539,,95.20154571533203,,92.66735076904297,1708.3211669921875,,762.6154174804688,,757.8368530273438,3416.642333984375,2019-07-17 13:30:00.009,2019-07-17 13:30:06.015,16,50pbistest,cstates_noHT_CG_C_32_16,6.006,488.09176199776783,cstates,noHT,CG,C,32,cstates noHT
565,,112.01339721679688,,138.92230224609375,2487.875213623047,,1114.4265441894531,,1122.5129699707031,4975.750427246094,2019-07-17 13:30:10.019,2019-07-17 13:30:19.027,17,50pbistest,cstates_noHT_CG_C_32_17,9.008,497.5750427246094,cstates,noHT,CG,C,32,cstates noHT
602,,102.9115982055664,,110.56680297851562,1990.964454650879,,890.3720703125,,887.1139831542969,3981.928909301758,2019-07-17 13:30:23.032,2019-07-17 13:30:30.038,18,50pbistest,cstates_noHT_CG_C_32_18,7.006,497.7411136627197,cstates,noHT,CG,C,32,cstates noHT
632,,106.9552001953125,,103.92832946777344,1988.8986358642578,,890.7650146484375,,887.2500915527344,3977.7972717285156,2019-07-17 13:30:34.043,2019-07-17 13:30:41.050,19,50pbistest,cstates_noHT_CG_C_32_19,7.007,497.22465896606445,cstates,noHT,CG,C,32,cstates noHT
662,,96.23313903808594,,93.2913589477539,1718.211051940918,,765.3461303710938,,763.3404235839844,3436.422103881836,2019-07-17 13:30:45.055,2019-07-17 13:30:51.060,20,50pbistest,cstates_noHT_CG_C_32_20,6.005,490.91744341169084,cstates,noHT,CG,C,32,cstates noHT
721,,392.36334228515625,,378.33470153808594,9806.030685424805,,4636.8514404296875,,4398.481201171875,19612.06137084961,2019-07-17 13:36:23.171,2019-07-17 13:37:06.197,1,50pbistest,cstates_HT_CG_C_32_1,43.026,445.7286675193093,cstates,HT,CG,C,32,cstates HT
859,,380.09326934814453,,367.43038177490234,9721.691375732422,,4606.205383300781,,4367.962341308594,19443.382751464844,2019-07-17 13:37:10.202,2019-07-17 13:37:52.226,2,50pbistest,cstates_HT_CG_C_32_2,42.024,452.17169189453125,cstates,HT,CG,C,32,cstates HT
994,,371.3675994873047,,360.86759185791016,9616.829124450684,,4566.2034912109375,,4318.390441894531,19233.658248901367,2019-07-17 13:37:56.231,2019-07-17 13:38:37.255,3,50pbistest,cstates_HT_CG_C_32_3,41.024,457.94424402146115,cstates,HT,CG,C,32,cstates HT
1126,,435.2079391479492,,413.4866180419922,11199.7212600708,,5340.156402587891,,5010.870300292969,22399.4425201416,2019-07-17 13:38:41.259,2019-07-17 13:39:29.287,4,50pbistest,cstates_HT_CG_C_32_4,48.028,457.1314800028898,cstates,HT,CG,C,32,cstates HT
1277,,459.3082962036133,,421.8025817871094,11745.807136535645,,5634.221527099609,,5230.4747314453125,23491.61427307129,2019-07-17 13:39:32.291,2019-07-17 13:40:22.322,5,50pbistest,cstates_HT_CG_C_32_5,50.031,460.61988770728016,cstates,HT,CG,C,32,cstates HT
1436,,347.27164459228516,,334.6105041503906,8775.564430236816,,4194.758819580078,,3898.9234619140625,17551.128860473633,2019-07-17 13:40:26.327,2019-07-17 13:41:03.349,6,50pbistest,cstates_HT_CG_C_32_6,37.022,461.8718121177272,cstates,HT,CG,C,32,cstates HT
1556,,437.2360153198242,,395.1346740722656,11099.58568572998,,5348.608428955078,,4918.6065673828125,22199.17137145996,2019-07-17 13:41:07.354,2019-07-17 13:41:54.383,7,50pbistest,cstates_HT_CG_C_32_7,47.029,462.48273690541583,cstates,HT,CG,C,32,cstates HT
1706,,366.4546585083008,,334.5082702636719,8981.039558410645,,4315.611755371094,,3964.464874267578,17962.07911682129,2019-07-17 13:41:58.388,2019-07-17 13:42:36.412,8,50pbistest,cstates_HT_CG_C_32_8,38.024,460.5661312005459,cstates,HT,CG,C,32,cstates HT
1829,,395.64708709716797,,379.2820587158203,10189.765357971191,,4890.817413330078,,4524.018798828125,20379.530715942383,2019-07-17 13:42:40.417,2019-07-17 13:43:23.442,9,50pbistest,cstates_HT_CG_C_32_9,43.025,463.17115263505417,cstates,HT,CG,C,32,cstates HT
1967,,422.23020935058594,,400.2339553833008,10897.076805114746,,5240.847137451172,,4833.7655029296875,21794.153610229492,2019-07-17 13:43:27.447,2019-07-17 13:44:13.474,10,50pbistest,cstates_HT_CG_C_32_10,46.027,463.70539596232965,cstates,HT,CG,C,32,cstates HT
2114,,435.80384826660156,,403.1962356567383,11151.941215515137,,5378.7911376953125,,4934.149993896484,22303.882431030273,2019-07-17 13:44:17.478,2019-07-17 13:45:04.509,11,50pbistest,cstates_HT_CG_C_32_11,47.031,464.6642173131307,cstates,HT,CG,C,32,cstates HT
2264,,386.7507858276367,,368.5710983276367,9956.406051635742,,4790.135589599609,,4410.948577880859,19912.812103271484,2019-07-17 13:45:08.514,2019-07-17 13:45:50.539,12,50pbistest,cstates_HT_CG_C_32_12,42.025,463.0886535644531,cstates,HT,CG,C,32,cstates HT
2400,,461.1270294189453,,438.8448257446289,12122.445274353027,,5840.744232177734,,5381.729187011719,24244.890548706055,2019-07-17 13:45:54.544,2019-07-17 13:46:45.574,13,50pbistest,cstates_HT_CG_C_32_13,51.03,466.24789516742413,cstates,HT,CG,C,32,cstates HT
2561,,424.8410110473633,,400.60455322265625,10955.358375549316,,5271.805938720703,,4858.106872558594,21910.716751098633,2019-07-17 13:46:49.578,2019-07-17 13:47:35.607,14,50pbistest,cstates_HT_CG_C_32_14,46.029,466.18546278933263,cstates,HT,CG,C,32,cstates HT
2708,,427.520751953125,,409.36666107177734,11189.209922790527,,5396.074401855469,,4956.248107910156,22378.419845581055,2019-07-17 13:47:39.612,2019-07-17 13:48:26.640,15,50pbistest,cstates_HT_CG_C_32_15,47.028,466.217080116272,cstates,HT,CG,C,32,cstates HT
2858,,436.43228912353516,,415.48413848876953,11425.912307739258,,5497.3778076171875,,5076.618072509766,22851.824615478516,2019-07-17 13:48:30.645,2019-07-17 13:49:18.674,16,50pbistest,cstates_HT_CG_C_32_16,48.029,466.36376766282683,cstates,HT,CG,C,32,cstates HT
3009,,442.06322479248047,,421.45545196533203,11607.100341796875,,5602.174072265625,,5141.4075927734375,23214.20068359375,2019-07-17 13:49:21.679,2019-07-17 13:50:10.709,17,50pbistest,cstates_HT_CG_C_32_17,49.03,464.284013671875,cstates,HT,CG,C,32,cstates HT
3165,,499.1004180908203,,469.5409927368164,13330.381614685059,,6451.194396972656,,5910.545806884766,26660.763229370117,2019-07-17 13:50:14.714,2019-07-17 13:51:10.747,18,50pbistest,cstates_HT_CG_C_32_18,56.033,467.73268823456345,cstates,HT,CG,C,32,cstates HT
3342,,381.4022750854492,,362.1486511230469,9741.000816345215,,4684.064239501953,,4313.385650634766,19482.00163269043,2019-07-17 13:51:14.751,2019-07-17 13:51:55.777,19,50pbistest,cstates_HT_CG_C_32_19,41.026,463.8571817307245,cstates,HT,CG,C,32,cstates HT
3474,,441.5444030761719,,421.4995574951172,11634.765884399414,,5594.595947265625,,5177.1259765625,23269.531768798828,2019-07-17 13:51:59.781,2019-07-17 13:52:48.810,20,50pbistest,cstates_HT_CG_C_32_20,49.029,465.39063537597656,cstates,HT,CG,C,32,cstates HT
218,206.94339752197266,,41.28704833984375,,2185.282051086426,1383.5726928710938,,553.4789123535156,,4370.564102172852,2019-07-12 10:38:19.492,2019-07-12 10:38:30.500,1,50pbistest,cstates_oneCPU_CG_C_32_1,11.008,364.213675181071,cstates,oneCPU,CG,C,32,cstates oneCPU
257,209.8057403564453,,41.744300842285156,,2192.9399948120117,1384.5823364257812,,556.8076171875,,4385.879989624023,2019-07-12 10:38:33.504,2019-07-12 10:38:44.511,2,50pbistest,cstates_oneCPU_CG_C_32_2,11.007,365.48999913533527,cstates,oneCPU,CG,C,32,cstates oneCPU
297,223.07283782958984,,45.25389862060547,,2363.711715698242,1495.6629333496094,,599.7220458984375,,4727.423431396484,2019-07-12 10:38:47.516,2019-07-12 10:38:59.527,3,50pbistest,cstates_oneCPU_CG_C_32_3,12.011,363.647956261268,cstates,oneCPU,CG,C,32,cstates oneCPU
341,208.32061004638672,,41.22322082519531,,2182.031898498535,1384.7129516601562,,547.7751159667969,,4364.06379699707,2019-07-12 10:39:02.532,2019-07-12 10:39:13.539,4,50pbistest,cstates_oneCPU_CG_C_32_4,11.007,363.6719830830892,cstates,oneCPU,CG,C,32,cstates oneCPU
381,223.28103637695312,,45.112388610839844,,2349.665946960449,1496.0608825683594,,585.2116394042969,,4699.331893920898,2019-07-12 10:39:16.543,2019-07-12 10:39:28.556,5,50pbistest,cstates_oneCPU_CG_C_32_5,12.013,361.48706876314606,cstates,oneCPU,CG,C,32,cstates oneCPU
423,209.63091278076172,,41.218040466308594,,2171.9461212158203,1385.3809814453125,,535.7161865234375,,4343.892242431641,2019-07-12 10:39:31.560,2019-07-12 10:39:42.568,6,50pbistest,cstates_oneCPU_CG_C_32_6,11.008,361.9910202026367,cstates,oneCPU,CG,C,32,cstates oneCPU
463,223.69021606445312,,45.09062194824219,,2350.443801879883,1497.6273498535156,,584.0356140136719,,4700.887603759766,2019-07-12 10:39:45.572,2019-07-12 10:39:57.583,7,50pbistest,cstates_oneCPU_CG_C_32_7,12.011,361.6067387507512,cstates,oneCPU,CG,C,32,cstates oneCPU
506,208.3566131591797,,41.26930236816406,,2169.8821716308594,1385.6015930175781,,534.6546630859375,,4339.764343261719,2019-07-12 10:40:00.587,2019-07-12 10:40:11.595,8,50pbistest,cstates_oneCPU_CG_C_32_8,11.008,361.64702860514325,cstates,oneCPU,CG,C,32,cstates oneCPU
546,224.517578125,,45.13238525390625,,2348.5677795410156,1496.0941162109375,,582.8236999511719,,4697.135559082031,2019-07-12 10:40:14.600,2019-07-12 10:40:26.608,9,50pbistest,cstates_oneCPU_CG_C_32_9,12.008,361.318119929387,cstates,oneCPU,CG,C,32,cstates oneCPU
590,209.04747772216797,,41.291297912597656,,2170.9520568847656,1385.7413940429688,,534.8718872070312,,4341.904113769531,2019-07-12 10:40:29.612,2019-07-12 10:40:40.619,10,50pbistest,cstates_oneCPU_CG_C_32_10,11.007,361.8253428141276,cstates,oneCPU,CG,C,32,cstates oneCPU
629,224.3781509399414,,45.16522216796875,,2347.663887023926,1496.1925964355469,,581.9279174804688,,4695.327774047852,2019-07-12 10:40:43.624,2019-07-12 10:40:55.631,11,50pbistest,cstates_oneCPU_CG_C_32_11,12.007,361.17905954214245,cstates,oneCPU,CG,C,32,cstates oneCPU
672,208.0205841064453,,41.25321960449219,,2170.041229248047,1385.7697448730469,,534.9976806640625,,4340.082458496094,2019-07-12 10:40:58.636,2019-07-12 10:41:09.643,12,50pbistest,cstates_oneCPU_CG_C_32_12,11.007,361.6735382080078,cstates,oneCPU,CG,C,32,cstates oneCPU
714,208.9187240600586,,41.296226501464844,,2164.404342651367,1383.2431335449219,,530.9462585449219,,4328.808685302734,2019-07-12 10:41:13.648,2019-07-12 10:41:24.655,13,50pbistest,cstates_oneCPU_CG_C_32_13,11.007,360.7340571085612,cstates,oneCPU,CG,C,32,cstates oneCPU
754,224.58861541748047,,45.198036193847656,,2351.4977111816406,1500.2315673828125,,581.4794921875,,4702.995422363281,2019-07-12 10:41:27.660,2019-07-12 10:41:39.672,14,50pbistest,cstates_oneCPU_CG_C_32_14,12.012,361.76887864332934,cstates,oneCPU,CG,C,32,cstates oneCPU
797,208.9980697631836,,41.314117431640625,,2166.6687545776367,1385.3870544433594,,530.9695129394531,,4333.337509155273,2019-07-12 10:41:42.677,2019-07-12 10:41:53.683,15,50pbistest,cstates_oneCPU_CG_C_32_15,11.006,361.11145909627277,cstates,oneCPU,CG,C,32,cstates oneCPU
837,224.51639556884766,,45.23286437988281,,2349.0537338256836,1499.587158203125,,579.7173156738281,,4698.107467651367,2019-07-12 10:41:56.688,2019-07-12 10:42:08.696,16,50pbistest,cstates_oneCPU_CG_C_32_16,12.008,361.39288212702826,cstates,oneCPU,CG,C,32,cstates oneCPU
880,208.75353240966797,,41.33781433105469,,2167.988929748535,1386.5978698730469,,531.2997131347656,,4335.97785949707,2019-07-12 10:42:11.700,2019-07-12 10:42:22.712,17,50pbistest,cstates_oneCPU_CG_C_32_17,11.012,361.33148829142254,cstates,oneCPU,CG,C,32,cstates oneCPU
922,210.8472671508789,,41.32624053955078,,2162.7931060791016,1383.5532531738281,,527.0663452148438,,4325.586212158203,2019-07-12 10:42:26.717,2019-07-12 10:42:37.724,18,50pbistest,cstates_oneCPU_CG_C_32_18,11.007,360.4655176798503,cstates,oneCPU,CG,C,32,cstates oneCPU
963,208.68912506103516,,41.32350158691406,,2169.408317565918,1386.5758056640625,,532.8198852539062,,4338.816635131836,2019-07-12 10:42:40.728,2019-07-12 10:42:51.740,19,50pbistest,cstates_oneCPU_CG_C_32_19,11.012,361.568052927653,cstates,oneCPU,CG,C,32,cstates oneCPU
1004,209.47015380859375,,41.27476501464844,,2163.4327850341797,1383.35546875,,529.3323974609375,,4326.865570068359,2019-07-12 10:42:55.745,2019-07-12 10:43:06.753,20,50pbistest,cstates_oneCPU_CG_C_32_20,11.008,360.57213083902997,cstates,oneCPU,CG,C,32,cstates oneCPU
1078,115.2021713256836,,105.04682159423828,,1959.2851867675781,871.6433715820312,,867.392822265625,,3918.5703735351562,2019-07-12 10:48:36.875,2019-07-12 10:48:43.881,1,50pbistest,cstates_noHT_CG_C_32_1,7.006,489.82129669189453,cstates,noHT,CG,C,32,cstates noHT
1105,117.3663330078125,,104.58615112304688,,1964.0728149414062,872.6860046386719,,869.434326171875,,3928.1456298828125,2019-07-12 10:48:46.885,2019-07-12 10:48:53.891,2,50pbistest,cstates_noHT_CG_C_32_2,7.006,491.01820373535156,cstates,noHT,CG,C,32,cstates noHT
1133,102.27775573730469,,91.84971618652344,,1721.0912170410156,764.3016967773438,,762.6620483398438,,3442.1824340820312,2019-07-12 10:48:56.895,2019-07-12 10:49:02.900,3,50pbistest,cstates_noHT_CG_C_32_3,6.005,491.7403477260045,cstates,noHT,CG,C,32,cstates noHT
1159,116.25503540039062,,103.51824951171875,,1955.9722900390625,870.1184692382812,,866.0805358886719,,3911.944580078125,2019-07-12 10:49:05.904,2019-07-12 10:49:12.910,4,50pbistest,cstates_noHT_CG_C_32_4,7.006,488.9930725097656,cstates,noHT,CG,C,32,cstates noHT
1187,100.56735229492188,,90.59520721435547,,1717.8341903686523,763.2731628417969,,763.3984680175781,,3435.6683807373047,2019-07-12 10:49:15.914,2019-07-12 10:49:21.919,5,50pbistest,cstates_noHT_CG_C_32_5,6.005,490.8097686767578,cstates,noHT,CG,C,32,cstates noHT
1214,116.79552459716797,,105.42115783691406,,1996.7695693969727,888.1341247558594,,886.4187622070312,,3993.5391387939453,2019-07-12 10:49:25.923,2019-07-12 10:49:32.929,6,50pbistest,cstates_noHT_CG_C_32_6,7.006,499.19239234924316,cstates,noHT,CG,C,32,cstates noHT
1242,118.72407531738281,,99.61173248291016,,1991.1886520385742,888.5611877441406,,884.2916564941406,,3982.3773040771484,2019-07-12 10:49:35.933,2019-07-12 10:49:42.938,7,50pbistest,cstates_noHT_CG_C_32_7,7.005,497.79716300964355,cstates,noHT,CG,C,32,cstates noHT
1270,112.77113342285156,,100.84613800048828,,1990.6679916381836,888.4697570800781,,888.5809631347656,,3981.335983276367,2019-07-12 10:49:45.943,2019-07-12 10:49:52.949,8,50pbistest,cstates_noHT_CG_C_32_8,7.006,497.6669979095459,cstates,noHT,CG,C,32,cstates noHT
1297,117.28587341308594,,102.81295776367188,,1974.2376251220703,878.737548828125,,875.4012451171875,,3948.4752502441406,2019-07-12 10:49:55.953,2019-07-12 10:50:02.959,9,50pbistest,cstates_noHT_CG_C_32_9,7.006,493.5594062805176,cstates,noHT,CG,C,32,cstates noHT
1325,101.98744201660156,,91.3018798828125,,1720.4639434814453,763.8090209960938,,763.3656005859375,,3440.9278869628906,2019-07-12 10:50:05.963,2019-07-12 10:50:11.967,10,50pbistest,cstates_noHT_CG_C_32_10,6.004,491.5611267089844,cstates,noHT,CG,C,32,cstates noHT
1352,95.96967315673828,,94.35356140136719,,1716.3566818237305,762.7760009765625,,763.2574462890625,,3432.713363647461,2019-07-12 10:50:15.972,2019-07-12 10:50:21.977,11,50pbistest,cstates_noHT_CG_C_32_11,6.005,490.38762337820873,cstates,noHT,CG,C,32,cstates noHT
1379,111.54137420654297,,126.7719955444336,,2260.410842895508,1010.2639770507812,,1011.83349609375,,4520.821685791016,2019-07-12 10:50:25.981,2019-07-12 10:50:33.989,12,50pbistest,cstates_noHT_CG_C_32_12,8.008,502.31352064344617,cstates,noHT,CG,C,32,cstates noHT
1411,133.69730377197266,,99.18622589111328,,2225.5963592529297,1002.0282287597656,,990.6846008300781,,4451.192718505859,2019-07-12 10:50:36.993,2019-07-12 10:50:44.999,13,50pbistest,cstates_noHT_CG_C_32_13,8.006,494.5769687228733,cstates,noHT,CG,C,32,cstates noHT
1444,102.81852722167969,,92.48209381103516,,1722.703727722168,763.6799926757812,,763.7231140136719,,3445.407455444336,2019-07-12 10:50:49.004,2019-07-12 10:50:55.009,14,50pbistest,cstates_noHT_CG_C_32_14,6.005,492.20106506347656,cstates,noHT,CG,C,32,cstates noHT
1468,135.72303009033203,,103.17550659179688,,2236.113136291504,1002.8026428222656,,994.4119567871094,,4472.226272583008,2019-07-12 10:50:58.014,2019-07-12 10:51:06.021,15,50pbistest,cstates_noHT_CG_C_32_15,8.007,496.91403028700086,cstates,noHT,CG,C,32,cstates noHT
1500,119.87776947021484,,160.06275177001953,,2770.3318481445312,1237.77294921875,,1252.6183776855469,,5540.6636962890625,2019-07-12 10:51:09.025,2019-07-12 10:51:19.035,16,50pbistest,cstates_noHT_CG_C_32_16,10.01,503.69669966264206,cstates,noHT,CG,C,32,cstates noHT
1536,101.07524108886719,,90.8144760131836,,1719.4325332641602,763.36083984375,,764.1819763183594,,3438.8650665283203,2019-07-12 10:51:22.039,2019-07-12 10:51:28.045,17,50pbistest,cstates_noHT_CG_C_32_17,6.006,491.26643807547435,cstates,noHT,CG,C,32,cstates noHT
1563,102.215087890625,,112.28194427490234,,1989.349723815918,886.9580078125,,887.8946838378906,,3978.699447631836,2019-07-12 10:51:32.050,2019-07-12 10:51:39.056,18,50pbistest,cstates_noHT_CG_C_32_18,7.006,497.3374309539795,cstates,noHT,CG,C,32,cstates noHT
1593,114.47808074951172,,122.12872314453125,,2260.001853942871,1011.7098999023438,,1011.6851501464844,,4520.003707885742,2019-07-12 10:51:43.061,2019-07-12 10:51:51.068,19,50pbistest,cstates_noHT_CG_C_32_19,8.007,502.2226342095269,cstates,noHT,CG,C,32,cstates noHT
1625,136.63228607177734,,106.32291412353516,,2251.222869873047,1006.9085998535156,,1001.3590698242188,,4502.445739746094,2019-07-12 10:51:54.073,2019-07-12 10:52:02.080,20,50pbistest,cstates_noHT_CG_C_32_20,8.007,500.27174886067706,cstates,noHT,CG,C,32,cstates noHT
1688,424.27518463134766,,360.10054779052734,,9485.07992553711,4437.294738769531,,4263.409454345703,,18970.15985107422,2019-07-12 10:57:32.163,2019-07-12 10:58:13.188,1,50pbistest,cstates_HT_CG_C_32_1,41.025,451.6704726446243,cstates,HT,CG,C,32,cstates HT
1819,440.10260009765625,,368.1193313598633,,9912.82886505127,4657.275726318359,,4447.331207275391,,19825.65773010254,2019-07-12 10:58:16.192,2019-07-12 10:58:58.215,2,50pbistest,cstates_HT_CG_C_32_2,42.023,461.06180767680326,cstates,HT,CG,C,32,cstates HT
1951,418.94285583496094,,351.5448532104492,,9597.490913391113,4548.523498535156,,4278.479705810547,,19194.981826782227,2019-07-12 10:59:01.219,2019-07-12 10:59:41.244,3,50pbistest,cstates_HT_CG_C_32_3,40.025,468.1702884581031,cstates,HT,CG,C,32,cstates HT
2079,522.2192153930664,,431.7383499145508,,12249.645431518555,5828.484771728516,,5467.203094482422,,24499.29086303711,2019-07-12 10:59:44.248,2019-07-12 11:00:35.279,4,50pbistest,cstates_HT_CG_C_32_4,51.031,471.1402089045598,cstates,HT,CG,C,32,cstates HT
2240,546.7115631103516,,454.11547088623047,,13092.663734436035,6257.019592285156,,5834.817108154297,,26185.32746887207,2019-07-12 11:00:39.284,2019-07-12 11:01:33.317,5,50pbistest,cstates_HT_CG_C_32_5,54.033,476.0968630704013,cstates,HT,CG,C,32,cstates HT
2409,489.29044342041016,,403.23231506347656,,11398.447776794434,5445.349365234375,,5060.575653076172,,22796.895553588867,2019-07-12 11:01:36.321,2019-07-12 11:02:23.351,6,50pbistest,cstates_HT_CG_C_32_6,47.03,474.9353240331014,cstates,HT,CG,C,32,cstates HT
2557,469.84027099609375,,385.9819793701172,,10939.554977416992,5226.156524658203,,4857.576202392578,,21879.109954833984,2019-07-12 11:02:26.355,2019-07-12 11:03:11.382,7,50pbistest,cstates_HT_CG_C_32_7,45.027,475.6328251050866,cstates,HT,CG,C,32,cstates HT
2701,487.1111068725586,,401.31295013427734,,11494.951400756836,5509.460601806641,,5097.066741943359,,22989.902801513672,2019-07-12 11:03:15.386,2019-07-12 11:04:02.413,8,50pbistest,cstates_HT_CG_C_32_8,47.027,478.95630836486816,cstates,HT,CG,C,32,cstates HT
2849,473.9318084716797,,391.21302795410156,,10980.023010253906,5252.037139892578,,4862.841033935547,,21960.046020507812,2019-07-12 11:04:05.418,2019-07-12 11:04:50.446,9,50pbistest,cstates_HT_CG_C_32_9,45.028,477.3923047936481,cstates,HT,CG,C,32,cstates HT
2991,494.7379684448242,,413.4493637084961,,11757.88117980957,5634.12451171875,,5215.5693359375,,23515.76235961914,2019-07-12 11:04:53.450,2019-07-12 11:05:41.480,10,50pbistest,cstates_HT_CG_C_32_10,48.03,479.9135175432478,cstates,HT,CG,C,32,cstates HT
3142,384.6112060546875,,319.69398498535156,,8522.972152709961,4065.9910888671875,,3752.6758728027344,,17045.944305419922,2019-07-12 11:05:44.484,2019-07-12 11:06:19.505,11,50pbistest,cstates_HT_CG_C_32_11,35.021,473.4984529283312,cstates,HT,CG,C,32,cstates HT
3255,446.11830139160156,,370.8471221923828,,10306.540588378906,4929.2197265625,,4560.355438232422,,20613.081176757812,2019-07-12 11:06:22.509,2019-07-12 11:07:04.537,12,50pbistest,cstates_HT_CG_C_32_12,42.028,479.37398085483284,cstates,HT,CG,C,32,cstates HT
3387,450.72769927978516,,371.8937454223633,,10518.18489074707,5038.68115234375,,4656.882293701172,,21036.36978149414,2019-07-12 11:07:07.542,2019-07-12 11:07:50.567,13,50pbistest,cstates_HT_CG_C_32_13,43.025,478.0993132157759,cstates,HT,CG,C,32,cstates HT
3523,448.4931945800781,,364.7113723754883,,10231.958839416504,4902.7421875,,4516.0120849609375,,20463.917678833008,2019-07-12 11:07:53.571,2019-07-12 11:08:35.598,14,50pbistest,cstates_HT_CG_C_32_14,42.027,475.90506229844203,cstates,HT,CG,C,32,cstates HT
3657,455.3061828613281,,375.50587463378906,,10513.418350219727,5039.758209228516,,4642.848083496094,,21026.836700439453,2019-07-12 11:08:38.602,2019-07-12 11:09:21.630,15,50pbistest,cstates_HT_CG_C_32_15,43.028,477.88265228271484,cstates,HT,CG,C,32,cstates HT
3794,546.7243118286133,,449.4821014404297,,12982.522575378418,6225.571014404297,,5760.745147705078,,25965.045150756836,2019-07-12 11:09:25.635,2019-07-12 11:10:18.668,16,50pbistest,cstates_HT_CG_C_32_16,53.033,480.83416945845994,cstates,HT,CG,C,32,cstates HT
3960,664.3259201049805,,542.6312789916992,,16154.255294799805,7764.7437744140625,,7182.5543212890625,,32308.51058959961,2019-07-12 11:10:21.673,2019-07-12 11:11:27.716,17,50pbistest,cstates_HT_CG_C_32_17,66.043,482.2165759641733,cstates,HT,CG,C,32,cstates HT
4165,451.76959228515625,,369.2971954345703,,10244.305953979492,4907.444610595703,,4515.7945556640625,,20488.611907958984,2019-07-12 11:11:30.720,2019-07-12 11:12:12.744,18,50pbistest,cstates_HT_CG_C_32_18,42.024,476.47934669672054,cstates,HT,CG,C,32,cstates HT
4298,434.36449432373047,,358.0937957763672,,10057.264167785645,4816.494812011719,,4448.311065673828,,20114.52833557129,2019-07-12 11:12:15.748,2019-07-12 11:12:56.772,19,50pbistest,cstates_HT_CG_C_32_19,41.024,478.9173413231259,cstates,HT,CG,C,32,cstates HT
4430,464.71175384521484,,384.3515625,,10769.54598236084,5159.912506103516,,4760.570159912109,,21539.09196472168,2019-07-12 11:13:00.776,2019-07-12 11:13:44.802,20,50pbistest,cstates_HT_CG_C_32_20,44.026,478.6464881049262,cstates,HT,CG,C,32,cstates HT
