,target,RAPL_ENERGY_DRAM_0,RAPL_ENERGY_DRAM_1,RAPL_ENERGY_PKG_0,RAPL_ENERGY_PKG_1,begin,end,entryNumber,RAPL_ENERGY_PKG_all,RAPL_ENERGY_DRAM_all,Machine,time,powers_av_all,type,bench,class,Nbprocess,y_ax,RAPL_ENERGY_PKG_BOTH
77,normal_test_CG_C_32_1,90.15556335449219,192.24720764160156,1156.9891052246094,1503.8699340820312,2019-08-01 08:31:48.498,2019-08-01 08:32:00.510,1,2943.2618103027344,5886.523620605469,Dahu30,12.012,226.40475463867188,normal,CG,C,32,normal,2660.8590393066406
121,normal_test_CG_C_32_2,200.38288116455078,85.52323913574219,1502.8419494628906,1190.6179809570312,2019-08-01 08:32:04.515,2019-08-01 08:32:16.529,2,2979.366050720215,5958.73210144043,Dahu30,12.014,229.182003901555,normal,CG,C,32,normal,2693.459930419922
166,normal_test_CG_C_32_3,201.09739685058594,90.29222106933594,1502.9137268066406,1224.6232604980469,2019-08-01 08:32:20.534,2019-08-01 08:32:32.546,3,3018.9266052246094,6037.853210449219,Dahu30,12.012,232.2251234788161,normal,CG,C,32,normal,2727.5369873046875
209,normal_test_CG_C_32_4,98.50072479248047,209.86495971679688,1282.6013793945312,1615.7786560058594,2019-08-01 08:32:35.550,2019-08-01 08:32:48.564,4,3206.745719909668,6413.491439819336,Dahu30,13.014,229.05326570783342,normal,CG,C,32,normal,2898.3800354003906
256,normal_test_CG_C_32_5,98.62108612060547,208.28861236572266,1287.1621398925781,1618.5790710449219,2019-08-01 08:32:51.568,2019-08-01 08:33:04.582,5,3212.650909423828,6425.301818847656,Dahu30,13.014,229.47506495884485,normal,CG,C,32,normal,2905.7412109375
301,normal_test_CG_C_32_6,95.88567352294922,195.18846893310547,1218.2417907714844,1495.0534973144531,2019-08-01 08:33:07.587,2019-08-01 08:33:19.598,6,3004.369430541992,6008.738861083984,Dahu30,12.011,231.10534081092248,normal,CG,C,32,normal,2713.2952880859375
346,normal_test_CG_C_32_7,200.74346923828125,86.93077850341797,1505.7772216796875,1218.3705139160156,2019-08-01 08:33:23.603,2019-08-01 08:33:35.617,7,3011.8219833374023,6023.643966674805,Dahu30,12.014,231.6786141028771,normal,CG,C,32,normal,2724.147735595703
391,normal_test_CG_C_32_8,91.84215545654297,195.77037811279297,1235.38525390625,1505.9269104003906,2019-08-01 08:33:39.623,2019-08-01 08:33:51.637,8,3028.9246978759766,6057.849395751953,Dahu30,12.014,232.99420752892127,normal,CG,C,32,normal,2741.3121643066406
435,normal_test_CG_C_32_9,96.09130096435547,162.1708984375,1131.3146057128906,1237.4396667480469,2019-08-01 08:33:54.643,2019-08-01 08:34:04.651,9,2627.016471862793,5254.032943725586,Dahu30,10.008,238.8196792602539,normal,CG,C,32,normal,2368.7542724609375
473,normal_test_CG_C_32_10,201.2920684814453,92.01958465576172,1507.5329895019531,1251.9289245605469,2019-08-01 08:34:08.657,2019-08-01 08:34:20.669,10,3052.773567199707,6105.547134399414,Dahu30,12.012,234.828735938439,normal,CG,C,32,normal,2759.4619140625
517,normal_test_CG_C_32_11,215.8021469116211,92.80767059326172,1623.8299255371094,1299.9495544433594,2019-08-01 08:34:23.674,2019-08-01 08:34:36.686,11,3232.3892974853516,6464.778594970703,Dahu30,13.012,230.88494982038225,normal,CG,C,32,normal,2923.7794799804688
562,normal_test_CG_C_32_12,216.4977035522461,91.35045623779297,1622.2054443359375,1288.1119079589844,2019-08-01 08:34:39.690,2019-08-01 08:34:52.704,12,3218.165512084961,6436.331024169922,Dahu30,13.014,229.86896514892578,normal,CG,C,32,normal,2910.317352294922
609,normal_test_CG_C_32_13,100.32719421386719,209.5478744506836,1329.0994567871094,1621.68408203125,2019-08-01 08:34:55.709,2019-08-01 08:35:08.723,13,3260.65860748291,6521.31721496582,Dahu30,13.014,232.9041862487793,normal,CG,C,32,normal,2950.7835388183594
655,normal_test_CG_C_32_14,100.32872009277344,209.98065185546875,1330.3089599609375,1621.1201782226562,2019-08-01 08:35:11.728,2019-08-01 08:35:24.739,14,3261.738510131836,6523.477020263672,Dahu30,13.011,232.981322152274,normal,CG,C,32,normal,2951.4291381835938
701,normal_test_CG_C_32_15,216.6397247314453,93.61953735351562,1625.4657287597656,1313.9502258300781,2019-08-01 08:35:27.744,2019-08-01 08:35:40.755,15,3249.6752166748047,6499.350433349609,Dahu30,13.011,232.11965833391463,normal,CG,C,32,normal,2939.4159545898438
746,normal_test_CG_C_32_16,217.31277465820312,93.33114624023438,1624.7139282226562,1300.3600158691406,2019-08-01 08:35:43.761,2019-08-01 08:35:56.778,16,3235.7178649902344,6471.435729980469,Dahu30,13.017,231.1227046421596,normal,CG,C,32,normal,2925.073944091797
792,normal_test_CG_C_32_17,97.70581817626953,194.73123931884766,1266.27734375,1498.1415710449219,2019-08-01 08:35:59.783,2019-08-01 08:36:11.794,17,3056.855972290039,6113.711944580078,Dahu30,12.011,235.14276709923377,normal,CG,C,32,normal,2764.418914794922
837,normal_test_CG_C_32_18,186.8128433227539,92.91007995605469,1384.9450988769531,1188.2911987304688,2019-08-01 08:36:15.799,2019-08-01 08:36:26.809,18,2852.9592208862305,5705.918441772461,Dahu30,11.01,237.7466017405192,normal,CG,C,32,normal,2573.236297607422
877,normal_test_CG_C_32_19,218.6396255493164,93.79803466796875,1630.6840209960938,1306.8682250976562,2019-08-01 08:36:29.814,2019-08-01 08:36:42.826,19,3249.989906311035,6499.97981262207,Dahu30,13.012,232.14213616507394,normal,CG,C,32,normal,2937.55224609375
924,normal_test_CG_C_32_20,96.3941879272461,195.23414611816406,1257.9299926757812,1506.3315734863281,2019-08-01 08:36:45.831,2019-08-01 08:36:57.844,20,3055.8899002075195,6111.779800415039,Dahu30,12.013,235.06845386211688,normal,CG,C,32,normal,2764.2615661621094
969,normal_test_EP_B_1_1,519.5200729370117,239.8779296875,4074.9417724609375,3185.097930908203,2019-08-01 08:37:01.849,2019-08-01 08:38:09.900,1,8019.437705993652,16038.875411987305,Dahu30,68.051,116.22373486947322,normal,EP,B,1,normal,7260.039703369141
1182,normal_test_EP_B_1_2,519.6632995605469,239.4061050415039,4063.9624633789062,3131.0445556640625,2019-08-01 08:38:13.905,2019-08-01 08:39:21.954,2,7954.0764236450195,15908.152847290039,Dahu30,68.049,115.27646990789883,normal,EP,B,1,normal,7195.007019042969
1392,normal_test_EP_B_1_3,534.6327133178711,244.74921417236328,4094.669677734375,3247.3228759765625,2019-08-01 08:39:24.959,2019-08-01 08:40:35.009,3,8121.374481201172,16242.748962402344,Dahu30,70.05,114.38555607325594,normal,EP,B,1,normal,7341.9925537109375
1612,normal_test_EP_B_1_4,510.52093505859375,233.2945556640625,3880.4683227539062,3085.4343872070312,2019-08-01 08:40:39.014,2019-08-01 08:41:46.064,4,7709.718200683594,15419.436401367188,Dahu30,67.05,113.37820883358226,normal,EP,B,1,normal,6965.9027099609375
1819,normal_test_EP_B_1_5,537.7858123779297,246.44297790527344,4094.460235595703,3280.814727783203,2019-08-01 08:41:49.069,2019-08-01 08:43:00.124,5,8159.503753662109,16319.007507324219,Dahu30,71.055,113.32644102308485,normal,EP,B,1,normal,7375.274963378906
2040,normal_test_EP_B_1_6,514.6186141967773,236.36624145507812,3943.171600341797,3129.6965942382812,2019-08-01 08:43:03.129,2019-08-01 08:44:11.169,6,7823.853050231934,15647.706100463867,Dahu30,68.04,113.38917464104252,normal,EP,B,1,normal,7072.868194580078
2251,normal_test_EP_B_1_7,289.60990142822266,479.61536407470703,3314.196014404297,3976.9305725097656,2019-08-01 08:44:14.174,2019-08-01 08:45:24.224,7,8060.351852416992,16120.703704833984,Dahu30,70.05,113.52608242840834,normal,EP,B,1,normal,7291.1265869140625
2468,normal_test_EP_B_1_8,511.7406692504883,236.40697479248047,3947.439666748047,3129.7380981445312,2019-08-01 08:45:27.229,2019-08-01 08:46:35.281,8,7825.325408935547,15650.650817871094,Dahu30,68.052,113.41051317297894,normal,EP,B,1,normal,7077.177764892578
2679,normal_test_EP_B_1_9,527.6871948242188,245.371826171875,4070.6742248535156,3266.5213928222656,2019-08-01 08:46:38.286,2019-08-01 08:47:48.326,9,8110.254638671875,16220.50927734375,Dahu30,70.04,114.2289385728433,normal,EP,B,1,normal,7337.195617675781
2895,normal_test_EP_B_1_10,283.2366714477539,466.6238555908203,3220.276092529297,3901.9020385742188,2019-08-01 08:47:51.331,2019-08-01 08:48:59.369,10,7872.03865814209,15744.07731628418,Dahu30,68.038,114.08751678466797,normal,EP,B,1,normal,7122.178131103516
3108,normal_test_EP_B_1_11,506.2648696899414,233.2872314453125,3887.2571716308594,3085.7449951171875,2019-08-01 08:49:03.374,2019-08-01 08:50:10.424,11,7712.554267883301,15425.108535766602,Dahu30,67.05,113.41991570416619,normal,EP,B,1,normal,6973.002166748047
3318,normal_test_EP_B_1_12,551.1140899658203,254.13919067382812,4239.695251464844,3437.588409423828,2019-08-01 08:50:14.430,2019-08-01 08:51:27.481,12,8482.53694152832,16965.07388305664,Dahu30,73.051,114.62887758822055,normal,EP,B,1,normal,7677.283660888672
3545,normal_test_EP_B_1_13,534.8821487426758,247.27371215820312,4136.855377197266,3292.3345947265625,2019-08-01 08:51:30.485,2019-08-01 08:52:41.537,13,8211.345832824707,16422.691665649414,Dahu30,71.052,114.04646990034315,normal,EP,B,1,normal,7429.189971923828
3765,normal_test_EP_B_1_14,535.1812210083008,246.58360290527344,4124.262542724609,3307.945770263672,2019-08-01 08:52:44.542,2019-08-01 08:53:55.592,14,8213.973136901855,16427.94627380371,Dahu30,71.05,114.08296023474799,normal,EP,B,1,normal,7432.208312988281
3985,normal_test_EP_B_1_15,279.7047119140625,465.1862564086914,3171.7220764160156,3887.7045288085938,2019-08-01 08:53:58.598,2019-08-01 08:55:06.648,15,7804.317573547363,15608.635147094727,Dahu30,68.05,113.1060517905415,normal,EP,B,1,normal,7059.426605224609
4198,normal_test_EP_B_1_16,503.0994567871094,233.19432067871094,3812.3052368164062,3086.198944091797,2019-08-01 08:55:10.654,2019-08-01 08:56:17.703,16,7634.797958374023,15269.595916748047,Dahu30,67.049,112.27644056432388,normal,EP,B,1,normal,6898.504180908203
4405,normal_test_EP_B_1_17,292.7542724609375,486.6224136352539,3314.937255859375,4050.347869873047,2019-08-01 08:56:20.707,2019-08-01 08:57:31.748,17,8144.661811828613,16289.323623657227,Dahu30,71.041,113.12030294206407,normal,EP,B,1,normal,7365.285125732422
4626,normal_test_EP_B_1_18,294.7892837524414,493.9920196533203,3402.8580932617188,4096.4073486328125,2019-08-01 08:57:34.753,2019-08-01 08:58:46.805,18,8288.046745300293,16576.093490600586,Dahu30,72.052,113.53488692192182,normal,EP,B,1,normal,7499.265441894531
4851,normal_test_EP_B_1_19,503.43214416503906,233.4938735961914,3889.4559020996094,3086.099822998047,2019-08-01 08:58:50.811,2019-08-01 08:59:57.861,19,7712.481742858887,15424.963485717773,Dahu30,67.05,113.41884915968951,normal,EP,B,1,normal,6975.555725097656
5058,normal_test_EP_B_1_20,287.9693832397461,479.1830825805664,3230.3598022460938,3994.9847106933594,2019-08-01 09:00:00.866,2019-08-01 09:01:10.908,20,7992.496978759766,15984.993957519531,Dahu30,70.042,112.5703799825319,normal,EP,B,1,normal,7225.344512939453
5326,optimized_test_CG_C_32_1,195.5402069091797,39.08673858642578,1365.1466064453125,554.3813171386719,2019-08-01 09:06:50.721,2019-08-01 09:07:01.729,1,2154.15486907959,4308.30973815918,Dahu30,11.008,179.51290575663248,optimized,CG,C,32,optimized,1919.5279235839844
5367,optimized_test_CG_C_32_2,209.0336685180664,42.55248260498047,1475.2886352539062,606.4309387207031,2019-08-01 09:07:04.733,2019-08-01 09:07:16.741,2,2333.3057250976562,4666.6114501953125,Dahu30,12.008,179.4850557767428,optimized,CG,C,32,optimized,2081.7195739746094
5409,optimized_test_CG_C_32_3,195.98687744140625,38.96819305419922,1369.1136779785156,559.9121704101562,2019-08-01 09:07:19.745,2019-08-01 09:07:30.752,3,2163.9809188842773,4327.961837768555,Dahu30,11.007,180.33174324035645,optimized,CG,C,32,optimized,1929.0258483886719
5449,optimized_test_CG_C_32_4,195.12103271484375,39.23406219482422,1362.6630859375,558.4653930664062,2019-08-01 09:07:33.757,2019-08-01 09:07:44.764,4,2155.483573913574,4310.967147827148,Dahu30,11.007,179.6236311594645,optimized,CG,C,32,optimized,1921.1284790039062
5489,optimized_test_CG_C_32_5,193.59186553955078,39.20912170410156,1350.8189086914062,556.5719604492188,2019-08-01 09:07:47.768,2019-08-01 09:07:58.776,5,2140.1918563842773,4280.383712768555,Dahu30,11.008,178.34932136535645,optimized,CG,C,32,optimized,1907.390869140625
5531,optimized_test_CG_C_32_6,197.22960662841797,38.95037078857422,1372.4669494628906,560.0631408691406,2019-08-01 09:08:02.780,2019-08-01 09:08:13.787,6,2168.7100677490234,4337.420135498047,Dahu30,11.007,180.7258389790853,optimized,CG,C,32,optimized,1932.5300903320312
5571,optimized_test_CG_C_32_7,196.66999053955078,39.19572448730469,1372.8031311035156,560.1770935058594,2019-08-01 09:08:16.791,2019-08-01 09:08:27.798,7,2168.8459396362305,4337.691879272461,Dahu30,11.007,180.73716163635254,optimized,CG,C,32,optimized,1932.980224609375
5611,optimized_test_CG_C_32_8,194.83767700195312,39.21818542480469,1363.5752868652344,558.1028442382812,2019-08-01 09:08:30.802,2019-08-01 09:08:41.813,8,2155.7339935302734,4311.467987060547,Dahu30,11.011,179.6444994608561,optimized,CG,C,32,optimized,1921.6781311035156
5651,optimized_test_CG_C_32_9,209.85769653320312,43.31361389160156,1471.8694458007812,606.5578308105469,2019-08-01 09:08:44.818,2019-08-01 09:08:56.827,9,2331.598587036133,4663.197174072266,Dahu30,12.009,179.3537374643179,optimized,CG,C,32,optimized,2078.427276611328
5694,optimized_test_CG_C_32_10,196.21636962890625,39.45808410644531,1374.4818420410156,559.630615234375,2019-08-01 09:08:59.831,2019-08-01 09:09:10.839,10,2169.786911010742,4339.573822021484,Dahu30,11.008,180.81557591756186,optimized,CG,C,32,optimized,1934.1124572753906
5734,optimized_test_CG_C_32_11,194.18017578125,39.557289123535156,1361.3117065429688,557.6797485351562,2019-08-01 09:09:13.844,2019-08-01 09:09:24.855,11,2152.72891998291,4305.45783996582,Dahu30,11.011,179.39407666524252,optimized,CG,C,32,optimized,1918.991455078125
5776,optimized_test_CG_C_32_12,197.04134368896484,39.51653289794922,1374.6187744140625,559.5918884277344,2019-08-01 09:09:28.860,2019-08-01 09:09:39.868,12,2170.768539428711,4341.537078857422,Dahu30,11.008,180.89737828572592,optimized,CG,C,32,optimized,1934.2106628417969
5816,optimized_test_CG_C_32_13,195.97132110595703,39.43340301513672,1369.2739868164062,558.5425109863281,2019-08-01 09:09:42.873,2019-08-01 09:09:53.887,13,2163.221221923828,4326.442443847656,Dahu30,11.014,180.268435160319,optimized,CG,C,32,optimized,1927.8164978027344
5856,optimized_test_CG_C_32_14,210.22429656982422,43.131134033203125,1473.6357421875,606.1387329101562,2019-08-01 09:09:56.893,2019-08-01 09:10:08.902,14,2333.1299057006836,4666.259811401367,Dahu30,12.009,179.4715312077449,optimized,CG,C,32,optimized,2079.7744750976562
5899,optimized_test_CG_C_32_15,197.08477020263672,39.138084411621094,1371.5923767089844,557.9692993164062,2019-08-01 09:10:11.906,2019-08-01 09:10:22.915,15,2165.7845306396484,4331.569061279297,Dahu30,11.009,180.4820442199707,optimized,CG,C,32,optimized,1929.5616760253906
5939,optimized_test_CG_C_32_16,197.33831787109375,39.340606689453125,1375.6137390136719,558.9709167480469,2019-08-01 09:10:25.919,2019-08-01 09:10:36.927,16,2171.2635803222656,4342.527160644531,Dahu30,11.008,180.93863169352213,optimized,CG,C,32,optimized,1934.5846557617188
5979,optimized_test_CG_C_32_17,195.31918334960938,39.56676483154297,1365.9497680664062,557.0941772460938,2019-08-01 09:10:39.932,2019-08-01 09:10:50.950,17,2157.9298934936523,4315.859786987305,Dahu30,11.018,179.82749112447104,optimized,CG,C,32,optimized,1923.0439453125
6021,optimized_test_CG_C_32_18,197.70490264892578,39.274208068847656,1376.5640869140625,558.2727966308594,2019-08-01 09:10:54.957,2019-08-01 09:11:05.965,18,2171.8159942626953,4343.631988525391,Dahu30,11.008,180.98466618855795,optimized,CG,C,32,optimized,1934.8368835449219
6062,optimized_test_CG_C_32_19,195.18189239501953,39.45879364013672,1362.9800109863281,557.1779479980469,2019-08-01 09:11:08.969,2019-08-01 09:11:19.988,19,2154.7986450195312,4309.5972900390625,Dahu30,11.019,179.5665537516276,optimized,CG,C,32,optimized,1920.157958984375
6103,optimized_test_CG_C_32_20,197.54844665527344,39.096038818359375,1376.4831848144531,557.911376953125,2019-08-01 09:11:23.994,2019-08-01 09:11:35.001,20,2171.039047241211,4342.078094482422,Dahu30,11.007,180.91992060343424,optimized,CG,C,32,optimized,1934.3945617675781
6143,optimized_test_EP_B_1_1,778.5271682739258,361.30397033691406,6129.659332275391,5198.046295166016,2019-08-01 09:11:38.006,2019-08-01 09:13:20.076,1,12467.536766052246,24935.073532104492,Dahu30,102.07,121.0440462723519,optimized,EP,B,1,optimized,11327.705627441406
6456,optimized_test_EP_B_1_2,776.9217071533203,361.64644622802734,6082.904449462891,5198.885040283203,2019-08-01 09:13:23.080,2019-08-01 09:15:05.151,2,12420.357643127441,24840.715286254883,Dahu30,102.071,120.58599653521787,optimized,EP,B,1,optimized,11281.789489746094
6769,optimized_test_EP_B_1_3,775.573974609375,362.1770706176758,6048.286773681641,5198.610870361328,2019-08-01 09:15:08.155,2019-08-01 09:16:50.228,3,12384.64868927002,24769.29737854004,Dahu30,102.073,120.23930766281572,optimized,EP,B,1,optimized,11246.897644042969
7082,optimized_test_EP_B_1_4,772.9079666137695,358.5909194946289,5944.298645019531,5198.380065917969,2019-08-01 09:16:53.232,2019-08-01 09:18:35.306,4,12274.177597045898,24548.355194091797,Dahu30,102.074,119.16677278685339,optimized,EP,B,1,optimized,11142.6787109375
7395,optimized_test_EP_B_1_5,770.2226943969727,357.8476333618164,5936.523468017578,5197.824310302734,2019-08-01 09:18:38.310,2019-08-01 09:20:20.384,5,12262.418106079102,24524.836212158203,Dahu30,102.074,119.05260297164176,optimized,EP,B,1,optimized,11134.347778320312
7708,optimized_test_EP_B_1_6,766.8413925170898,359.3857116699219,5932.058563232422,5198.065124511719,2019-08-01 09:20:23.388,2019-08-01 09:22:05.458,6,12256.350791931152,24512.701583862305,Dahu30,102.07,118.99369700904032,optimized,EP,B,1,optimized,11130.12368774414
8021,optimized_test_EP_B_1_7,768.2556762695312,358.65804290771484,5931.594970703125,5197.654052734375,2019-08-01 09:22:08.462,2019-08-01 09:23:50.533,7,12256.162742614746,24512.325485229492,Dahu30,102.071,118.9918712875218,optimized,EP,B,1,optimized,11129.2490234375
8334,optimized_test_EP_B_1_8,770.9586944580078,358.95286560058594,5940.177947998047,5198.2384033203125,2019-08-01 09:23:53.538,2019-08-01 09:25:35.608,8,12268.327911376953,24536.655822753906,Dahu30,102.07,119.10997972210635,optimized,EP,B,1,optimized,11138.41635131836
8647,optimized_test_EP_B_1_9,769.3409118652344,358.98961639404297,5939.867889404297,5197.953704833984,2019-08-01 09:25:38.613,2019-08-01 09:27:20.687,9,12266.152122497559,24532.304244995117,Dahu30,102.074,119.08885555822873,optimized,EP,B,1,optimized,11137.821594238281
8960,optimized_test_EP_B_1_10,768.3150100708008,358.3726043701172,5930.018005371094,5196.415344238281,2019-08-01 09:27:23.691,2019-08-01 09:29:05.763,10,12253.120964050293,24506.241928100586,Dahu30,102.072,118.96233945679896,optimized,EP,B,1,optimized,11126.433349609375
9274,optimized_test_EP_B_1_11,768.3223648071289,360.4788284301758,5929.078460693359,5194.483001708984,2019-08-01 09:29:08.768,2019-08-01 09:30:50.824,11,12252.362655639648,24504.725311279297,Dahu30,102.056,118.95497723921989,optimized,EP,B,1,optimized,11123.561462402344
9586,optimized_test_EP_B_1_12,768.3550415039062,359.2922821044922,5923.645843505859,5192.416595458984,2019-08-01 09:30:53.828,2019-08-01 09:32:35.883,12,12243.709762573242,24487.419525146484,Dahu30,102.055,118.87096856867225,optimized,EP,B,1,optimized,11116.062438964844
9899,optimized_test_EP_B_1_13,768.6723022460938,363.3327331542969,5924.154541015625,5193.677673339844,2019-08-01 09:32:38.887,2019-08-01 09:34:20.960,13,12249.83724975586,24499.67449951172,Dahu30,102.073,118.93045873549379,optimized,EP,B,1,optimized,11117.832214355469
10212,optimized_test_EP_B_1_14,768.5518341064453,362.6637420654297,5925.389617919922,5192.326202392578,2019-08-01 09:34:23.964,2019-08-01 09:36:06.036,14,12248.931396484375,24497.86279296875,Dahu30,102.072,118.92166404353762,optimized,EP,B,1,optimized,11117.7158203125
10527,optimized_test_EP_B_1_15,760.4953765869141,355.31101989746094,5869.037322998047,5144.811370849609,2019-08-01 09:36:10.041,2019-08-01 09:37:51.114,15,12129.655090332031,24259.310180664062,Dahu30,101.073,118.91818716011795,optimized,EP,B,1,optimized,11013.848693847656
10839,optimized_test_EP_B_1_16,760.9259338378906,355.2926483154297,5871.60009765625,5144.714813232422,2019-08-01 09:37:55.118,2019-08-01 09:39:36.190,16,12132.533493041992,24265.066986083984,Dahu30,101.072,118.94640679452934,optimized,EP,B,1,optimized,11016.314910888672
11151,optimized_test_EP_B_1_17,768.826530456543,359.85914611816406,5929.154052734375,5194.9456787109375,2019-08-01 09:39:40.195,2019-08-01 09:41:22.257,17,12252.78540802002,24505.57081604004,Dahu30,102.062,118.95908163126232,optimized,EP,B,1,optimized,11124.099731445312
11464,optimized_test_EP_B_1_18,769.7842178344727,361.89625549316406,5929.860015869141,5196.649963378906,2019-08-01 09:41:25.261,2019-08-01 09:43:07.326,18,12258.190452575684,24516.380905151367,Dahu30,102.065,119.01155779199692,optimized,EP,B,1,optimized,11126.509979248047
11777,optimized_test_EP_B_1_19,770.1279067993164,363.2812271118164,5931.133605957031,5197.1435546875,2019-08-01 09:43:10.331,2019-08-01 09:44:52.403,19,12261.686294555664,24523.372589111328,Dahu30,102.072,119.04549800539479,optimized,EP,B,1,optimized,11128.277160644531
12090,optimized_test_EP_B_1_20,769.1672973632812,362.4317321777344,5931.808807373047,5197.369354248047,2019-08-01 09:44:55.407,2019-08-01 09:46:37.481,20,12260.77719116211,24521.55438232422,Dahu30,102.074,119.03667175885543,optimized,EP,B,1,optimized,11129.178161621094
111,normal_test_CG_C_32_1,215.10667419433594,94.15998077392578,1627.8045043945312,1294.3407287597656,2019-08-01 08:30:55.559,2019-08-01 08:31:08.571,1,3231.4118881225586,6462.823776245117,Dahu3,13.012,230.81513486589705,normal,CG,C,32,normal,2922.145233154297
157,normal_test_CG_C_32_2,99.32511138916016,195.88697814941406,1317.669921875,1492.2145385742188,2019-08-01 08:31:11.576,2019-08-01 08:31:23.588,2,3105.096549987793,6210.193099975586,Dahu3,12.012,238.85358076829178,normal,CG,C,32,normal,2809.8844604492188
199,normal_test_CG_C_32_3,215.57129669189453,94.06761932373047,1626.5128479003906,1323.023681640625,2019-08-01 08:31:26.593,2019-08-01 08:31:39.606,3,3259.1754455566406,6518.350891113281,Dahu3,13.013,232.7982461111886,normal,CG,C,32,normal,2949.5365295410156
246,normal_test_CG_C_32_4,102.03234100341797,209.74827575683594,1405.87451171875,1609.76123046875,2019-08-01 08:31:42.611,2019-08-01 08:31:55.625,4,3327.416358947754,6654.832717895508,Dahu3,13.014,237.6725970676967,normal,CG,C,32,normal,3015.6357421875
292,normal_test_CG_C_32_5,96.70250701904297,199.30506896972656,1351.759521484375,1509.5602416992188,2019-08-01 08:31:58.631,2019-08-01 08:32:10.644,5,3157.3273391723633,6314.654678344727,Dahu3,12.013,242.87133378248947,normal,CG,C,32,normal,2861.3197631835938
334,normal_test_CG_C_32_6,216.7743682861328,93.11431884765625,1629.6058349609375,1346.5787963867188,2019-08-01 08:32:13.649,2019-08-01 08:32:26.660,6,3286.0733184814453,6572.146636962891,Dahu3,13.011,234.71952274867468,normal,CG,C,32,normal,2976.1846313476562
380,normal_test_CG_C_32_7,215.91200256347656,100.10533905029297,1624.5872497558594,1369.78076171875,2019-08-01 08:32:29.665,2019-08-01 08:32:42.678,7,3310.385353088379,6620.770706176758,Dahu3,13.013,236.45609664916992,normal,CG,C,32,normal,2994.3680114746094
427,normal_test_CG_C_32_8,98.37203979492188,214.0303192138672,1402.4596252441406,1634.9941711425781,2019-08-01 08:32:45.683,2019-08-01 08:32:58.698,8,3349.856155395508,6699.712310791016,Dahu3,13.015,239.2754396711077,normal,CG,C,32,normal,3037.4537963867188
473,normal_test_CG_C_32_9,95.11917877197266,197.6341323852539,1332.2244262695312,1506.8122863769531,2019-08-01 08:33:01.703,2019-08-01 08:33:13.716,9,3131.790023803711,6263.580047607422,Dahu3,12.013,240.90692490797775,normal,CG,C,32,normal,2839.0367126464844
516,normal_test_CG_C_32_10,104.06031799316406,210.52293395996094,1453.2282409667969,1614.1478271484375,2019-08-01 08:33:16.720,2019-08-01 08:33:29.733,10,3381.9593200683594,6763.918640136719,Dahu3,13.013,241.56852286202567,normal,CG,C,32,normal,3067.3760681152344
561,normal_test_CG_C_32_11,201.97811126708984,92.93318939208984,1512.7793273925781,1277.8922729492188,2019-08-01 08:33:32.738,2019-08-01 08:33:44.749,11,3085.5829010009766,6171.165802001953,Dahu3,12.011,237.35253084622897,normal,CG,C,32,normal,2790.671600341797
606,normal_test_CG_C_32_12,102.46896362304688,197.3985137939453,1397.2226867675781,1507.6329040527344,2019-08-01 08:33:48.754,2019-08-01 08:34:00.765,12,3204.7230682373047,6409.446136474609,Dahu3,12.011,246.51715909517728,normal,CG,C,32,normal,2904.8555908203125
649,normal_test_CG_C_32_13,218.57173919677734,92.47413635253906,1632.7635498046875,1343.2394714355469,2019-08-01 08:34:03.769,2019-08-01 08:34:16.783,13,3287.048896789551,6574.097793579102,Dahu3,13.014,234.78920691353935,normal,CG,C,32,normal,2976.0030212402344
695,normal_test_CG_C_32_14,217.0426483154297,94.76277923583984,1626.7683410644531,1352.1649780273438,2019-08-01 08:34:19.788,2019-08-01 08:34:32.800,14,3290.7387466430664,6581.477493286133,Dahu3,13.012,235.0527676173619,normal,CG,C,32,normal,2978.933319091797
741,normal_test_CG_C_32_15,216.53797912597656,100.64261627197266,1622.7546081542969,1359.6809387207031,2019-08-01 08:34:35.807,2019-08-01 08:34:48.819,15,3299.616142272949,6599.232284545898,Dahu3,13.012,235.68686730521065,normal,CG,C,32,normal,2982.435546875
788,normal_test_CG_C_32_16,98.3323745727539,197.2324676513672,1387.4647827148438,1509.4432983398438,2019-08-01 08:34:51.823,2019-08-01 08:35:03.836,16,3192.4729232788086,6384.945846557617,Dahu3,12.013,245.57484025221603,normal,CG,C,32,normal,2896.9080810546875
830,normal_test_CG_C_32_17,218.02600860595703,99.67443084716797,1621.9332885742188,1373.7314758300781,2019-08-01 08:35:06.841,2019-08-01 08:35:19.853,17,3313.365203857422,6626.730407714844,Dahu3,13.012,236.66894313267298,normal,CG,C,32,normal,2995.664764404297
876,normal_test_CG_C_32_18,219.59830474853516,95.32610321044922,1637.7601928710938,1361.8505249023438,2019-08-01 08:35:22.858,2019-08-01 08:35:35.871,18,3314.535125732422,6629.070251464844,Dahu3,13.013,236.75250898088728,normal,CG,C,32,normal,2999.6107177734375
922,normal_test_CG_C_32_19,219.3570098876953,93.59992980957031,1632.7565002441406,1352.314208984375,2019-08-01 08:35:38.875,2019-08-01 08:35:51.888,19,3298.0276489257812,6596.0552978515625,Dahu3,13.013,235.57340349469865,normal,CG,C,32,normal,2985.0707092285156
969,normal_test_CG_C_32_20,104.1266860961914,212.56402587890625,1443.2160339355469,1615.755126953125,2019-08-01 08:35:54.893,2019-08-01 08:36:07.912,20,3375.6618728637695,6751.323745727539,Dahu3,13.019,241.11870520455497,normal,CG,C,32,normal,3058.971160888672
1015,normal_test_EP_B_1_1,306.00553131103516,522.8718719482422,4102.422760009766,4606.593200683594,2019-08-01 08:36:10.917,2019-08-01 08:37:24.968,1,9537.893363952637,19075.786727905273,Dahu3,74.051,127.17191151936849,normal,EP,B,1,normal,8709.01596069336
1243,normal_test_EP_B_1_2,293.2294235229492,500.1005401611328,3776.633514404297,4344.800109863281,2019-08-01 08:37:27.973,2019-08-01 08:38:39.025,2,8914.76358795166,17829.52717590332,Dahu3,71.052,123.81616094377306,normal,EP,B,1,normal,8121.433624267578
1464,normal_test_EP_B_1_3,529.5598754882812,263.34212493896484,4591.630645751953,3556.1544494628906,2019-08-01 08:38:42.031,2019-08-01 08:39:53.082,3,8940.68709564209,17881.37419128418,Dahu3,71.051,124.1762096616957,normal,EP,B,1,normal,8147.785095214844
1683,normal_test_EP_B_1_4,513.2225036621094,256.00621032714844,4410.125244140625,3361.62744140625,2019-08-01 08:39:56.086,2019-08-01 08:41:05.138,4,8540.981399536133,17081.962799072266,Dahu3,69.052,122.01401999337332,normal,EP,B,1,normal,7771.752685546875
1898,normal_test_EP_B_1_5,290.0050506591797,496.7553024291992,3754.3601989746094,4331.591979980469,2019-08-01 08:41:08.142,2019-08-01 08:42:19.193,5,8872.712532043457,17745.425064086914,Dahu3,71.051,123.23211850060358,normal,EP,B,1,normal,8085.952178955078
2118,normal_test_EP_B_1_6,511.04443359375,255.33041381835938,4384.895935058594,3377.7920837402344,2019-08-01 08:42:22.197,2019-08-01 08:43:31.248,6,8529.062866210938,17058.125732421875,Dahu3,69.051,121.84375523158482,normal,EP,B,1,normal,7762.688018798828
2332,normal_test_EP_B_1_7,289.22948455810547,489.4304962158203,3691.621124267578,4264.5933837890625,2019-08-01 08:43:34.254,2019-08-01 08:44:44.304,7,8734.874488830566,17469.748977661133,Dahu3,70.05,123.02640125113474,normal,EP,B,1,normal,7956.214508056641
2551,normal_test_EP_B_1_8,299.6532211303711,517.4303131103516,3965.0094604492188,4526.0111083984375,2019-08-01 08:44:48.309,2019-08-01 08:46:02.358,8,9308.104103088379,18616.208206176758,Dahu3,74.049,124.10805470784506,normal,EP,B,1,normal,8491.020568847656
2779,normal_test_EP_B_1_9,509.38035583496094,256.1149673461914,4380.0433349609375,3390.795379638672,2019-08-01 08:46:05.363,2019-08-01 08:47:14.413,9,8536.334037780762,17072.668075561523,Dahu3,69.05,121.94762911115374,normal,EP,B,1,normal,7770.838714599609
2996,normal_test_EP_B_1_10,275.03348541259766,476.7931594848633,3543.736114501953,4164.888244628906,2019-08-01 08:47:18.418,2019-08-01 08:48:26.468,10,8460.45100402832,16920.90200805664,Dahu3,68.05,122.61523194243942,normal,EP,B,1,normal,7708.624359130859
3207,normal_test_EP_B_1_11,279.1361083984375,481.57408142089844,3593.2926330566406,4226.969940185547,2019-08-01 08:48:29.473,2019-08-01 08:49:38.525,11,8580.972763061523,17161.945526123047,Dahu3,69.052,122.5853251865932,normal,EP,B,1,normal,7820.2625732421875
3421,normal_test_EP_B_1_12,274.85765838623047,474.7097625732422,3543.5838623046875,4159.929351806641,2019-08-01 08:49:41.531,2019-08-01 08:50:49.579,12,8453.0806350708,16906.1612701416,Dahu3,68.048,122.5084150010261,normal,EP,B,1,normal,7703.513214111328
3631,normal_test_EP_B_1_13,299.908203125,510.00929260253906,3912.155487060547,4449.499053955078,2019-08-01 08:50:52.584,2019-08-01 08:52:05.624,13,9171.572036743164,18343.144073486328,Dahu3,73.04,123.9401626586914,normal,EP,B,1,normal,8361.654541015625
3858,normal_test_EP_B_1_14,502.4534225463867,250.1873550415039,4320.081756591797,3356.101806640625,2019-08-01 08:52:08.629,2019-08-01 08:53:16.668,14,8428.824340820312,16857.648681640625,Dahu3,68.039,122.1568745046422,normal,EP,B,1,normal,7676.183563232422
4068,normal_test_EP_B_1_15,287.40599060058594,495.156982421875,3775.0277404785156,4307.767395019531,2019-08-01 08:53:19.673,2019-08-01 08:54:30.714,15,8865.358108520508,17730.716217041016,Dahu3,71.041,123.12997372945149,normal,EP,B,1,normal,8082.795135498047
4290,normal_test_EP_B_1_16,275.3210220336914,475.0889434814453,3539.1109313964844,4141.388031005859,2019-08-01 08:54:34.720,2019-08-01 08:55:42.771,16,8430.90892791748,16861.81785583496,Dahu3,68.051,122.18708591184755,normal,EP,B,1,normal,7680.498962402344
4502,normal_test_EP_B_1_17,291.52136993408203,502.98089599609375,3794.5442810058594,4386.202728271484,2019-08-01 08:55:45.775,2019-08-01 08:56:57.827,17,8975.24927520752,17950.49855041504,Dahu3,72.052,122.94862020832218,normal,EP,B,1,normal,8180.747009277344
4725,normal_test_EP_B_1_18,283.2806167602539,489.87357330322266,3687.467529296875,4260.388519287109,2019-08-01 08:57:00.832,2019-08-01 08:58:10.872,18,8721.010238647461,17442.020477294922,Dahu3,70.04,122.83113012179523,normal,EP,B,1,normal,7947.856048583984
4944,normal_test_EP_B_1_19,279.0825729370117,481.29994201660156,3591.3203735351562,4212.278381347656,2019-08-01 08:58:14.877,2019-08-01 08:59:23.928,19,8563.981269836426,17127.96253967285,Dahu3,69.051,122.3425895690918,normal,EP,B,1,normal,7803.5987548828125
5158,normal_test_EP_B_1_20,523.7140960693359,261.2158737182617,4524.057647705078,3527.9537963867188,2019-08-01 08:59:26.933,2019-08-01 09:00:37.984,20,8836.941413879395,17673.88282775879,Dahu3,71.051,122.73529741499159,normal,EP,B,1,normal,8052.011444091797
5431,optimized_test_CG_C_32_1,195.85047912597656,42.872764587402344,1383.0113525390625,539.0703125,2019-08-01 09:06:18.344,2019-08-01 09:06:29.351,1,2160.8049087524414,4321.609817504883,Dahu3,11.007,180.06707572937012,optimized,CG,C,32,optimized,1922.0816650390625
5472,optimized_test_CG_C_32_2,197.4601593017578,42.73835754394531,1384.9891967773438,536.7708740234375,2019-08-01 09:06:33.356,2019-08-01 09:06:44.363,2,2161.9585876464844,4323.917175292969,Dahu3,11.007,180.16321563720703,optimized,CG,C,32,optimized,1921.7600708007812
5513,optimized_test_CG_C_32_3,194.1124725341797,43.06549072265625,1377.4584045410156,536.4165649414062,2019-08-01 09:06:47.367,2019-08-01 09:06:58.379,3,2151.052932739258,4302.105865478516,Dahu3,11.012,179.25441106160483,optimized,CG,C,32,optimized,1913.8749694824219
5554,optimized_test_CG_C_32_4,197.48997497558594,42.69145965576172,1384.9806823730469,534.5929870605469,2019-08-01 09:07:02.384,2019-08-01 09:07:13.391,4,2159.7551040649414,4319.510208129883,Dahu3,11.007,179.97959200541177,optimized,CG,C,32,optimized,1919.5736694335938
5594,optimized_test_CG_C_32_5,195.06979370117188,42.79889678955078,1381.8399963378906,534.9736022949219,2019-08-01 09:07:16.395,2019-08-01 09:07:27.408,5,2154.682289123535,4309.36457824707,Dahu3,11.013,179.55685742696127,optimized,CG,C,32,optimized,1916.8135986328125
5636,optimized_test_CG_C_32_6,196.12371063232422,42.80879211425781,1385.3546142578125,532.4927673339844,2019-08-01 09:07:31.413,2019-08-01 09:07:42.420,6,2156.779884338379,4313.559768676758,Dahu3,11.007,179.73165702819824,optimized,CG,C,32,optimized,1917.8473815917969
5677,optimized_test_CG_C_32_7,210.72427368164062,46.64061737060547,1496.4610595703125,580.4124450683594,2019-08-01 09:07:45.424,2019-08-01 09:07:57.432,7,2334.238395690918,4668.476791381836,Dahu3,12.008,179.55679966853216,optimized,CG,C,32,optimized,2076.873504638672
5719,optimized_test_CG_C_32_8,197.0765609741211,42.797325134277344,1385.5660400390625,533.0604553222656,2019-08-01 09:08:00.436,2019-08-01 09:08:11.443,8,2158.5003814697266,4317.000762939453,Dahu3,11.007,179.8750317891439,optimized,CG,C,32,optimized,1918.6264953613281
5759,optimized_test_CG_C_32_9,194.9236297607422,42.957000732421875,1377.4969177246094,532.6062622070312,2019-08-01 09:08:14.447,2019-08-01 09:08:25.459,9,2147.9838104248047,4295.967620849609,Dahu3,11.012,178.99865086873373,optimized,CG,C,32,optimized,1910.1031799316406
5801,optimized_test_CG_C_32_10,197.52237701416016,42.78739929199219,1385.3295288085938,530.8980407714844,2019-08-01 09:08:29.464,2019-08-01 09:08:40.471,10,2156.5373458862305,4313.074691772461,Dahu3,11.007,179.7114454905192,optimized,CG,C,32,optimized,1916.2275695800781
5842,optimized_test_CG_C_32_11,194.79212951660156,42.729522705078125,1380.5609436035156,532.3797302246094,2019-08-01 09:08:43.475,2019-08-01 09:08:54.489,11,2150.4623260498047,4300.924652099609,Dahu3,11.014,179.20519383748373,optimized,CG,C,32,optimized,1912.940673828125
5883,optimized_test_CG_C_32_12,196.92640686035156,42.7615966796875,1386.8735961914062,532.1762084960938,2019-08-01 09:08:58.494,2019-08-01 09:09:09.501,12,2158.737808227539,4317.475616455078,Dahu3,11.007,179.89481735229492,optimized,CG,C,32,optimized,1919.0498046875
5924,optimized_test_CG_C_32_13,211.70862579345703,46.805946350097656,1494.9590454101562,577.5740966796875,2019-08-01 09:09:12.505,2019-08-01 09:09:24.518,13,2331.0477142333984,4662.095428466797,Dahu3,12.013,179.31136263333835,optimized,CG,C,32,optimized,2072.5331420898438
5966,optimized_test_CG_C_32_14,197.5525360107422,42.62306213378906,1385.9551086425781,527.326416015625,2019-08-01 09:09:27.523,2019-08-01 09:09:38.530,14,2153.4571228027344,4306.914245605469,Dahu3,11.007,179.4547602335612,optimized,CG,C,32,optimized,1913.2815246582031
6006,optimized_test_CG_C_32_15,195.5871124267578,42.43614196777344,1378.4729309082031,523.9764404296875,2019-08-01 09:09:41.534,2019-08-01 09:09:52.547,15,2140.472625732422,4280.945251464844,Dahu3,11.013,178.37271881103516,optimized,CG,C,32,optimized,1902.4493713378906
6048,optimized_test_CG_C_32_16,198.51754760742188,42.58385467529297,1385.6854248046875,520.9844665527344,2019-08-01 09:09:56.552,2019-08-01 09:10:07.559,16,2147.7712936401367,4295.542587280273,Dahu3,11.007,178.98094113667807,optimized,CG,C,32,optimized,1906.6698913574219
6089,optimized_test_CG_C_32_17,196.8050537109375,42.81694030761719,1384.5544738769531,519.5723266601562,2019-08-01 09:10:10.564,2019-08-01 09:10:21.576,17,2143.748794555664,4287.497589111328,Dahu3,11.012,178.64573287963867,optimized,CG,C,32,optimized,1904.1268005371094
6130,optimized_test_CG_C_32_18,197.6796875,42.83422088623047,1384.8380432128906,516.5913391113281,2019-08-01 09:10:25.581,2019-08-01 09:10:36.588,18,2141.943290710449,4283.886581420898,Dahu3,11.007,178.49527422587076,optimized,CG,C,32,optimized,1901.4293823242188
6171,optimized_test_CG_C_32_19,195.91795349121094,42.882041931152344,1376.3609008789062,519.1791381835938,2019-08-01 09:10:39.592,2019-08-01 09:10:50.605,19,2134.3400344848633,4268.680068969727,Dahu3,11.013,177.86166954040527,optimized,CG,C,32,optimized,1895.5400390625
6213,optimized_test_CG_C_32_20,197.76305389404297,42.71026611328125,1386.721435546875,518.3052673339844,2019-08-01 09:10:54.610,2019-08-01 09:11:05.616,20,2145.5000228881836,4291.000045776367,Dahu3,11.006,178.7916685740153,optimized,CG,C,32,optimized,1905.0267028808594
6255,optimized_test_EP_B_1_1,766.0087127685547,386.9972381591797,6916.752502441406,5555.7938232421875,2019-08-01 09:11:09.620,2019-08-01 09:12:51.683,1,13625.552276611328,27251.104553222656,Dahu3,102.063,132.2869153069061,optimized,EP,B,1,optimized,12472.546325683594
6570,optimized_test_EP_B_1_2,754.9496688842773,380.9901428222656,6764.335540771484,5494.285552978516,2019-08-01 09:12:55.687,2019-08-01 09:14:36.747,2,13394.560905456543,26789.121810913086,Dahu3,101.06,131.31922456329943,optimized,EP,B,1,optimized,12258.62109375
6881,optimized_test_EP_B_1_3,758.7288284301758,388.24192810058594,6822.679931640625,5533.701812744141,2019-08-01 09:14:40.751,2019-08-01 09:16:22.813,3,13503.352500915527,27006.705001831055,Dahu3,102.062,131.10050971762647,optimized,EP,B,1,optimized,12356.381744384766
7195,optimized_test_EP_B_1_4,757.9310073852539,387.1096649169922,6816.148498535156,5537.749420166016,2019-08-01 09:16:25.817,2019-08-01 09:18:07.878,4,13498.938591003418,26997.877182006836,Dahu3,102.061,131.05765622333416,optimized,EP,B,1,optimized,12353.897918701172
7508,optimized_test_EP_B_1_5,757.8101577758789,387.2452697753906,6819.268981933594,5548.4459228515625,2019-08-01 09:18:10.882,2019-08-01 09:19:52.945,5,13512.770332336426,27025.54066467285,Dahu3,102.063,131.19194497414006,optimized,EP,B,1,optimized,12367.714904785156
7820,optimized_test_EP_B_1_6,758.0850524902344,387.4548873901367,6815.6754150390625,5540.4197998046875,2019-08-01 09:19:55.949,2019-08-01 09:21:37.995,6,13501.635154724121,27003.270309448242,Dahu3,102.046,131.08383645363224,optimized,EP,B,1,optimized,12356.09521484375
8133,optimized_test_EP_B_1_7,758.3082656860352,385.8091125488281,6802.453216552734,5528.501983642578,2019-08-01 09:21:41.000,2019-08-01 09:23:23.063,7,13475.072578430176,26950.14515686035,Dahu3,102.063,130.82594736339976,optimized,EP,B,1,optimized,12330.955200195312
8446,optimized_test_EP_B_1_8,757.3586654663086,386.0248565673828,6805.956329345703,5552.251861572266,2019-08-01 09:23:26.067,2019-08-01 09:25:08.113,8,13501.59171295166,27003.18342590332,Dahu3,102.046,131.08341468885106,optimized,EP,B,1,optimized,12358.208190917969
8760,optimized_test_EP_B_1_9,757.4139175415039,385.0745544433594,6811.463684082031,5543.514587402344,2019-08-01 09:25:11.118,2019-08-01 09:26:53.180,9,13497.466743469238,26994.933486938477,Dahu3,102.062,131.0433664414489,optimized,EP,B,1,optimized,12354.978271484375
9072,optimized_test_EP_B_1_10,757.4186706542969,388.08531951904297,6813.788360595703,5559.6766357421875,2019-08-01 09:26:56.184,2019-08-01 09:28:38.230,10,13518.96898651123,27037.93797302246,Dahu3,102.046,131.2521260826333,optimized,EP,B,1,optimized,12373.46499633789
9386,optimized_test_EP_B_1_11,757.2545013427734,389.9044647216797,6819.363525390625,5553.808410644531,2019-08-01 09:28:41.234,2019-08-01 09:30:23.298,11,13520.33090209961,27040.66180419922,Dahu3,102.064,131.2653485640739,optimized,EP,B,1,optimized,12373.171936035156
9699,optimized_test_EP_B_1_12,756.9755172729492,390.96508026123047,6812.649932861328,5548.628509521484,2019-08-01 09:30:26.303,2019-08-01 09:32:08.349,12,13509.219039916992,27018.438079833984,Dahu3,102.046,131.15746640696108,optimized,EP,B,1,optimized,12361.278442382812
10012,optimized_test_EP_B_1_13,756.7551040649414,389.38736724853516,6815.6607666015625,5545.471282958984,2019-08-01 09:32:11.353,2019-08-01 09:33:53.419,13,13507.274520874023,27014.549041748047,Dahu3,102.066,131.1385875813012,optimized,EP,B,1,optimized,12361.132049560547
10324,optimized_test_EP_B_1_14,756.4704284667969,390.50052642822266,6816.141784667969,5556.671966552734,2019-08-01 09:33:56.423,2019-08-01 09:35:38.469,14,13519.784706115723,27039.569412231445,Dahu3,102.046,131.26004569044392,optimized,EP,B,1,optimized,12372.813751220703
10638,optimized_test_EP_B_1_15,757.5483932495117,390.8453369140625,6819.9735107421875,5555.028259277344,2019-08-01 09:35:41.473,2019-08-01 09:37:23.535,15,13523.395500183105,27046.79100036621,Dahu3,102.062,131.29510194352528,optimized,EP,B,1,optimized,12375.001770019531
10950,optimized_test_EP_B_1_16,757.9397964477539,388.91280364990234,6813.261169433594,5549.570831298828,2019-08-01 09:37:26.539,2019-08-01 09:39:08.585,16,13509.684600830078,27019.369201660156,Dahu3,102.046,131.161986415826,optimized,EP,B,1,optimized,12362.832000732422
11263,optimized_test_EP_B_1_17,757.3039474487305,389.26161193847656,6809.698211669922,5557.018981933594,2019-08-01 09:39:11.589,2019-08-01 09:40:53.635,17,13513.282752990723,27026.565505981445,Dahu3,102.046,131.19691993194877,optimized,EP,B,1,optimized,12366.717193603516
11577,optimized_test_EP_B_1_18,756.8995208740234,389.9473114013672,6814.921661376953,5552.165771484375,2019-08-01 09:40:56.639,2019-08-01 09:42:38.703,18,13513.934265136719,27027.868530273438,Dahu3,102.064,131.20324529258951,optimized,EP,B,1,optimized,12367.087432861328
11892,optimized_test_EP_B_1_19,750.5622711181641,383.3942413330078,6756.051605224609,5504.5909423828125,2019-08-01 09:42:42.707,2019-08-01 09:44:23.768,19,13394.599060058594,26789.198120117188,Dahu3,101.061,131.31959862802543,optimized,EP,B,1,optimized,12260.642547607422
12204,optimized_test_EP_B_1_20,758.3259582519531,389.3542938232422,6822.303405761719,5559.757263183594,2019-08-01 09:44:27.772,2019-08-01 09:46:09.836,20,13529.740921020508,27059.481842041016,Dahu3,102.064,131.3567079710729,optimized,EP,B,1,optimized,12382.060668945312
308,normal_test_CG_C_32_1,209.2861785888672,96.91850280761719,1609.8838195800781,1276.7632751464844,2019-08-01 08:50:18.038,2019-08-01 08:50:31.049,1,3192.851776123047,6385.703552246094,Dahu29,13.011,228.0608411516462,normal,CG,C,32,normal,2886.6470947265625
356,normal_test_CG_C_32_2,93.38792419433594,198.3370590209961,1252.7969970703125,1505.8890991210938,2019-08-01 08:50:35.054,2019-08-01 08:50:47.065,2,3050.4110794067383,6100.822158813477,Dahu29,12.011,234.64700610821063,normal,CG,C,32,normal,2758.6860961914062
399,normal_test_CG_C_32_3,179.92998504638672,97.2503662109375,1382.8104248046875,1207.4481506347656,2019-08-01 08:50:50.070,2019-08-01 08:51:01.080,3,2867.4389266967773,5734.877853393555,Dahu29,11.01,238.9532438913981,normal,CG,C,32,normal,2590.258575439453
439,normal_test_CG_C_32_4,210.8123016357422,95.6174545288086,1615.57958984375,1305.5139770507812,2019-08-01 08:51:04.085,2019-08-01 08:51:17.098,4,3227.523323059082,6455.046646118164,Dahu29,13.013,230.53738021850586,normal,CG,C,32,normal,2921.0935668945312
485,normal_test_CG_C_32_5,210.43446350097656,95.64495086669922,1613.7123413085938,1299.8451843261719,2019-08-01 08:51:20.105,2019-08-01 08:51:33.116,5,3219.6369400024414,6439.273880004883,Dahu29,13.011,229.97406714303153,normal,CG,C,32,normal,2913.5575256347656
533,normal_test_CG_C_32_6,94.37925720214844,200.2111358642578,1274.4810791015625,1500.84375,2019-08-01 08:51:37.121,2019-08-01 08:51:49.131,6,3069.9152221679688,6139.8304443359375,Dahu29,12.01,236.14732478215143,normal,CG,C,32,normal,2775.3248291015625
576,normal_test_CG_C_32_7,98.22189331054688,200.23365783691406,1300.797607421875,1504.2333068847656,2019-08-01 08:51:52.136,2019-08-01 08:52:04.147,7,3103.4864654541016,6206.972930908203,Dahu29,12.011,238.72972811185397,normal,CG,C,32,normal,2805.0309143066406
619,normal_test_CG_C_32_8,90.1445083618164,185.12706756591797,1197.475341796875,1386.02490234375,2019-08-01 08:52:07.151,2019-08-01 08:52:18.162,8,2858.7718200683594,5717.543640136719,Dahu29,11.011,238.23098500569662,normal,CG,C,32,normal,2583.500244140625
661,normal_test_CG_C_32_9,94.20637512207031,200.3780746459961,1281.5631103515625,1510.8551025390625,2019-08-01 08:52:22.167,2019-08-01 08:52:34.179,9,3087.0026626586914,6174.005325317383,Dahu29,12.012,237.4617432814378,normal,CG,C,32,normal,2792.418212890625
705,normal_test_CG_C_32_10,94.73893737792969,214.85861206054688,1318.8043823242188,1624.9453430175781,2019-08-01 08:52:37.184,2019-08-01 08:52:50.195,10,3253.3472747802734,6506.694549560547,Dahu29,13.011,232.38194819859095,normal,CG,C,32,normal,2943.749725341797
750,normal_test_CG_C_32_11,211.83626556396484,98.25871276855469,1626.3731384277344,1348.0955505371094,2019-08-01 08:52:53.201,2019-08-01 08:53:06.213,11,3284.5636672973633,6569.127334594727,Dahu29,13.012,234.61169052124023,normal,CG,C,32,normal,2974.4686889648438
796,normal_test_CG_C_32_12,196.14371490478516,100.81430053710938,1503.1014404296875,1313.3520202636719,2019-08-01 08:53:09.219,2019-08-01 08:53:21.230,12,3113.411476135254,6226.822952270508,Dahu29,12.011,239.4931904719426,normal,CG,C,32,normal,2816.4534606933594
840,normal_test_CG_C_32_13,196.84730529785156,94.5760498046875,1500.0233459472656,1258.7647399902344,2019-08-01 08:53:24.236,2019-08-01 08:53:36.249,13,3050.211441040039,6100.422882080078,Dahu29,12.013,234.63164931077225,normal,CG,C,32,normal,2758.7880859375
884,normal_test_CG_C_32_14,198.1505889892578,90.21247100830078,1509.129150390625,1257.5209045410156,2019-08-01 08:53:40.255,2019-08-01 08:53:52.268,14,3055.013114929199,6110.026229858398,Dahu29,12.013,235.00100884070764,normal,CG,C,32,normal,2766.6500549316406
930,normal_test_CG_C_32_15,212.97183227539062,98.1842269897461,1627.4493103027344,1365.6248168945312,2019-08-01 08:53:56.274,2019-08-01 08:54:09.288,15,3304.2301864624023,6608.460372924805,Dahu29,13.014,236.0164418901716,normal,CG,C,32,normal,2993.0741271972656
975,normal_test_CG_C_32_16,199.00629425048828,94.53228759765625,1509.8587341308594,1245.0420227050781,2019-08-01 08:54:12.294,2019-08-01 08:54:24.305,16,3048.439338684082,6096.878677368164,Dahu29,12.011,234.49533374492938,normal,CG,C,32,normal,2754.9007568359375
1018,normal_test_CG_C_32_17,98.94963073730469,214.68707275390625,1368.6149597167969,1619.0865478515625,2019-08-01 08:54:27.310,2019-08-01 08:54:40.323,17,3301.3382110595703,6602.676422119141,Dahu29,13.013,235.80987221854073,normal,CG,C,32,normal,2987.7015075683594
1065,normal_test_CG_C_32_18,93.79251098632812,200.4102020263672,1252.5091552734375,1509.2862854003906,2019-08-01 08:54:43.328,2019-08-01 08:54:55.338,18,3055.9981536865234,6111.996307373047,Dahu29,12.01,235.0767810528095,normal,CG,C,32,normal,2761.795440673828
1107,normal_test_CG_C_32_19,98.42745971679688,197.64069366455078,1305.0790100097656,1491.5082397460938,2019-08-01 08:54:58.343,2019-08-01 08:55:10.353,19,3092.655403137207,6185.310806274414,Dahu29,12.01,237.89656947209284,normal,CG,C,32,normal,2796.5872497558594
1152,normal_test_CG_C_32_20,197.58511352539062,91.02542877197266,1508.735107421875,1278.5359497070312,2019-08-01 08:55:14.360,2019-08-01 08:55:26.374,20,3075.8815994262695,6151.763198852539,Dahu29,12.014,236.60627687894382,normal,CG,C,32,normal,2787.2710571289062
1198,normal_test_EP_B_1_1,267.4540023803711,497.00732421875,3427.105682373047,4218.637939453125,2019-08-01 08:55:30.379,2019-08-01 08:56:38.429,1,8410.204948425293,16820.409896850586,Dahu29,68.05,121.88702823804772,normal,EP,B,1,normal,7645.743621826172
1409,normal_test_EP_B_1_2,268.34842681884766,503.32532501220703,3408.8124389648438,4191.643157958984,2019-08-01 08:56:41.433,2019-08-01 08:57:50.472,2,8372.129348754883,16744.258697509766,Dahu29,69.039,119.60184783935547,normal,EP,B,1,normal,7600.455596923828
1623,normal_test_EP_B_1_3,536.6842498779297,290.02320098876953,4420.329376220703,3804.3809814453125,2019-08-01 08:57:53.477,2019-08-01 08:59:07.516,3,9051.417808532715,18102.83561706543,Dahu29,74.039,120.6855707804362,normal,EP,B,1,normal,8224.710357666016
1852,normal_test_EP_B_1_4,500.7148971557617,269.45874786376953,4104.325408935547,3330.963653564453,2019-08-01 08:59:10.523,2019-08-01 09:00:19.574,4,8205.462707519531,16410.925415039062,Dahu29,69.051,117.22089582170759,normal,EP,B,1,normal,7435.2890625
2066,normal_test_EP_B_1_5,514.3467636108398,278.02992248535156,4234.881774902344,3503.895782470703,2019-08-01 09:00:22.578,2019-08-01 09:01:33.618,5,8531.154243469238,17062.308486938477,Dahu29,71.04,118.4882533815172,normal,EP,B,1,normal,7738.777557373047
2286,normal_test_EP_B_1_6,263.6448440551758,502.76812744140625,3334.2968139648438,4115.441070556641,2019-08-01 09:01:36.623,2019-08-01 09:02:45.674,6,8216.150856018066,16432.301712036133,Dahu29,69.051,117.37358365740094,normal,EP,B,1,normal,7449.737884521484
2500,normal_test_EP_B_1_7,274.84434509277344,523.6604843139648,3536.661834716797,4353.417175292969,2019-08-01 09:02:48.679,2019-08-01 09:04:00.729,7,8688.583839416504,17377.167678833008,Dahu29,72.05,119.02169643036306,normal,EP,B,1,normal,7890.079010009766
2723,normal_test_EP_B_1_8,492.1930847167969,265.39012145996094,4056.6952514648438,3296.3817138671875,2019-08-01 09:04:03.734,2019-08-01 09:05:11.782,8,8110.660171508789,16221.320343017578,Dahu29,68.048,117.5457995870839,normal,EP,B,1,normal,7353.076965332031
2936,normal_test_EP_B_1_9,499.97462463378906,269.0433120727539,4109.561920166016,3332.9500427246094,2019-08-01 09:05:15.787,2019-08-01 09:06:24.836,9,8211.529899597168,16423.059799194336,Dahu29,69.049,117.30756999424526,normal,EP,B,1,normal,7442.511962890625
3149,normal_test_EP_B_1_10,513.6537475585938,276.0467758178711,4207.831512451172,3515.786895751953,2019-08-01 09:06:27.842,2019-08-01 09:07:38.891,10,8513.31893157959,17026.63786315918,Dahu29,71.049,118.2405407163832,normal,EP,B,1,normal,7723.618408203125
3370,normal_test_EP_B_1_11,262.57135009765625,501.80701446533203,3319.862335205078,4117.689727783203,2019-08-01 09:07:41.898,2019-08-01 09:08:50.949,11,8201.93042755127,16403.86085510254,Dahu29,69.051,117.17043467930385,normal,EP,B,1,normal,7437.552062988281
3584,normal_test_EP_B_1_12,277.14196014404297,531.0686111450195,3559.824951171875,4387.541473388672,2019-08-01 09:08:53.953,2019-08-01 09:10:07.005,12,8755.57699584961,17511.15399169922,Dahu29,73.052,118.31860805202174,normal,EP,B,1,normal,7947.366424560547
3810,normal_test_EP_B_1_13,509.3052749633789,277.69469451904297,4219.071228027344,3498.376434326172,2019-08-01 09:10:10.010,2019-08-01 09:11:21.059,13,8504.447631835938,17008.895263671875,Dahu29,71.049,118.11732821994357,normal,EP,B,1,normal,7717.447662353516
4030,normal_test_EP_B_1_14,255.48627471923828,494.58263397216797,3271.5943908691406,4060.341583251953,2019-08-01 09:11:24.064,2019-08-01 09:12:32.102,14,8082.0048828125,16164.009765625,Dahu29,68.038,117.13050554800725,normal,EP,B,1,normal,7331.935974121094
4243,normal_test_EP_B_1_15,489.5896911621094,264.8898010253906,4055.2305297851562,3286.578582763672,2019-08-01 09:12:36.108,2019-08-01 09:13:44.158,15,8096.288604736328,16192.577209472656,Dahu29,68.05,117.33751601067142,normal,EP,B,1,normal,7341.809112548828
4454,normal_test_EP_B_1_16,261.1590347290039,500.72595977783203,3331.1536254882812,4150.2293701171875,2019-08-01 09:13:47.164,2019-08-01 09:14:56.215,16,8243.267990112305,16486.53598022461,Dahu29,69.051,117.76097128731864,normal,EP,B,1,normal,7481.382995605469
4668,normal_test_EP_B_1_17,275.7444610595703,529.5357971191406,3550.405029296875,4438.892425537109,2019-08-01 09:14:59.221,2019-08-01 09:16:12.274,17,8794.577713012695,17589.15542602539,Dahu29,73.053,118.84564477044182,normal,EP,B,1,normal,7989.297454833984
4894,normal_test_EP_B_1_18,488.83206939697266,263.8822708129883,4031.2821655273438,3329.2154541015625,2019-08-01 09:16:15.278,2019-08-01 09:17:23.317,18,8113.211959838867,16226.423919677734,Dahu29,68.039,117.58278202665025,normal,EP,B,1,normal,7360.497619628906
5107,normal_test_EP_B_1_19,511.21876525878906,275.5478057861328,4229.144378662109,3506.4080505371094,2019-08-01 09:17:27.322,2019-08-01 09:18:38.373,19,8522.31900024414,17044.63800048828,Dahu29,71.051,118.36554167005751,normal,EP,B,1,normal,7735.552429199219
5327,normal_test_EP_B_1_20,266.0819778442383,513.3881225585938,3448.4967346191406,4218.429748535156,2019-08-01 09:18:41.377,2019-08-01 09:19:52.428,20,8446.396583557129,16892.793167114258,Dahu29,71.051,117.31106366051569,normal,EP,B,1,normal,7666.926483154297
5597,optimized_test_CG_C_32_1,188.6810760498047,44.08209991455078,1377.0443115234375,601.8153686523438,2019-08-01 09:25:32.733,2019-08-01 09:25:43.739,1,2211.6228561401367,4423.245712280273,Dahu29,11.006,184.30190467834473,optimized,CG,C,32,optimized,1978.8596801757812
5639,optimized_test_CG_C_32_2,190.85506439208984,43.824005126953125,1378.1245422363281,599.2451171875,2019-08-01 09:25:47.744,2019-08-01 09:25:58.751,2,2212.048728942871,4424.097457885742,Dahu29,11.007,184.3373940785726,optimized,CG,C,32,optimized,1977.3696594238281
5679,optimized_test_CG_C_32_3,191.23346710205078,43.72150421142578,1377.8732604980469,599.4201354980469,2019-08-01 09:26:01.755,2019-08-01 09:26:12.762,3,2212.2483673095703,4424.496734619141,Dahu29,11.007,184.35403060913086,optimized,CG,C,32,optimized,1977.2933959960938
5719,optimized_test_CG_C_32_4,189.17808532714844,43.8575439453125,1367.9640502929688,595.5695495605469,2019-08-01 09:26:15.767,2019-08-01 09:26:26.778,4,2196.5692291259766,4393.138458251953,Dahu29,11.011,183.04743576049805,optimized,CG,C,32,optimized,1963.5335998535156
5761,optimized_test_CG_C_32_5,192.25371551513672,43.77996826171875,1379.6455078125,599.9034729003906,2019-08-01 09:26:30.783,2019-08-01 09:26:41.790,5,2215.582664489746,4431.165328979492,Dahu29,11.007,184.63188870747885,optimized,CG,C,32,optimized,1979.5489807128906
5802,optimized_test_CG_C_32_6,190.4074935913086,43.76103973388672,1378.6446533203125,599.4057312011719,2019-08-01 09:26:44.794,2019-08-01 09:26:55.801,6,2212.2189178466797,4424.437835693359,Dahu29,11.007,184.3515764872233,optimized,CG,C,32,optimized,1978.0503845214844
5842,optimized_test_CG_C_32_7,203.91810607910156,47.930686950683594,1481.1712341308594,649.889404296875,2019-08-01 09:26:58.805,2019-08-01 09:27:10.813,7,2382.9094314575195,4765.818862915039,Dahu29,12.008,183.30072549673227,optimized,CG,C,32,optimized,2131.0606384277344
5885,optimized_test_CG_C_32_8,192.54383850097656,43.68418884277344,1379.6167602539062,598.657958984375,2019-08-01 09:27:13.817,2019-08-01 09:27:24.824,8,2214.5027465820312,4429.0054931640625,Dahu29,11.007,184.5418955485026,optimized,CG,C,32,optimized,1978.2747192382812
5924,optimized_test_CG_C_32_9,204.19615936279297,47.641937255859375,1494.6944580078125,635.3586120605469,2019-08-01 09:27:27.828,2019-08-01 09:27:39.839,9,2381.8911666870117,4763.782333374023,Dahu29,12.011,183.22239743746243,optimized,CG,C,32,optimized,2130.0530700683594
5967,optimized_test_CG_C_32_10,192.46268463134766,43.567230224609375,1379.7534484863281,584.7261047363281,2019-08-01 09:27:42.844,2019-08-01 09:27:53.851,10,2200.5094680786133,4401.018936157227,Dahu29,11.007,183.37578900655112,optimized,CG,C,32,optimized,1964.4795532226562
6007,optimized_test_CG_C_32_11,191.3533477783203,43.72706604003906,1376.3060302734375,583.1246032714844,2019-08-01 09:27:56.855,2019-08-01 09:28:07.865,11,2194.5110473632812,4389.0220947265625,Dahu29,11.01,182.87592061360678,optimized,CG,C,32,optimized,1959.4306335449219
6047,optimized_test_CG_C_32_12,205.19751739501953,47.69135284423828,1483.6359558105469,631.8250732421875,2019-08-01 09:28:10.870,2019-08-01 09:28:22.890,12,2368.349899291992,4736.699798583984,Dahu29,12.02,182.1807614839994,optimized,CG,C,32,optimized,2115.4610290527344
6090,optimized_test_CG_C_32_13,192.17131805419922,43.70379638671875,1379.8069458007812,582.5423278808594,2019-08-01 09:28:25.895,2019-08-01 09:28:36.902,13,2198.2243881225586,4396.448776245117,Dahu29,11.007,183.18536567687988,optimized,CG,C,32,optimized,1962.3492736816406
6130,optimized_test_CG_C_32_14,190.9297332763672,43.709503173828125,1377.5478210449219,581.9693908691406,2019-08-01 09:28:39.906,2019-08-01 09:28:50.918,14,2194.156448364258,4388.312896728516,Dahu29,11.012,182.84637069702148,optimized,CG,C,32,optimized,1959.5172119140625
6170,optimized_test_CG_C_32_15,205.18862915039062,47.808502197265625,1483.508056640625,631.41162109375,2019-08-01 09:28:53.923,2019-08-01 09:29:05.930,15,2367.9168090820312,4735.8336181640625,Dahu29,12.007,182.14744685246393,optimized,CG,C,32,optimized,2114.919677734375
6213,optimized_test_CG_C_32_16,192.62918090820312,43.819549560546875,1380.4548645019531,582.8624267578125,2019-08-01 09:29:08.934,2019-08-01 09:29:19.941,16,2199.7660217285156,4399.532043457031,Dahu29,11.007,183.31383514404297,optimized,CG,C,32,optimized,1963.3172912597656
6253,optimized_test_CG_C_32_17,190.32428741455078,43.827789306640625,1369.8966674804688,582.94970703125,2019-08-01 09:29:22.946,2019-08-01 09:29:33.957,17,2186.99845123291,4373.99690246582,Dahu29,11.011,182.24987093607584,optimized,CG,C,32,optimized,1952.8463745117188
6295,optimized_test_CG_C_32_18,192.8585968017578,43.92009735107422,1380.4588317871094,584.3662414550781,2019-08-01 09:29:37.962,2019-08-01 09:29:48.969,18,2201.6037673950195,4403.207534790039,Dahu29,11.007,183.46698061625162,optimized,CG,C,32,optimized,1964.8250732421875
6335,optimized_test_CG_C_32_19,190.3050765991211,43.95116424560547,1373.0412902832031,584.2772827148438,2019-08-01 09:29:51.973,2019-08-01 09:30:02.985,19,2191.5748138427734,4383.149627685547,Dahu29,11.012,182.6312344868978,optimized,CG,C,32,optimized,1957.3185729980469
6377,optimized_test_CG_C_32_20,192.29828643798828,43.746246337890625,1380.5917053222656,583.6910400390625,2019-08-01 09:30:06.990,2019-08-01 09:30:17.998,20,2200.327278137207,4400.654556274414,Dahu29,11.008,183.36060651143393,optimized,CG,C,32,optimized,1964.2827453613281
6417,optimized_test_EP_B_1_1,740.954833984375,402.52489471435547,6233.409332275391,5585.385833740234,2019-08-01 09:30:21.002,2019-08-01 09:32:03.065,1,12962.274894714355,25924.54978942871,Dahu29,102.063,125.84732907489665,optimized,EP,B,1,optimized,11818.795166015625
6731,optimized_test_EP_B_1_2,738.0733337402344,401.7344741821289,6082.214172363281,5705.273254394531,2019-08-01 09:32:06.070,2019-08-01 09:33:48.134,2,12927.295234680176,25854.59046936035,Dahu29,102.064,125.50772072505025,optimized,EP,B,1,optimized,11787.487426757812
7043,optimized_test_EP_B_1_3,735.1727676391602,403.4269485473633,6080.590393066406,5730.972930908203,2019-08-01 09:33:51.139,2019-08-01 09:35:33.187,3,12950.163040161133,25900.326080322266,Dahu29,102.048,125.72973825399158,optimized,EP,B,1,optimized,11811.56332397461
7357,optimized_test_EP_B_1_4,734.0673141479492,403.5219268798828,6067.365783691406,5708.361022949219,2019-08-01 09:35:36.191,2019-08-01 09:37:18.255,4,12913.316047668457,25826.632095336914,Dahu29,102.064,125.37200046280056,optimized,EP,B,1,optimized,11775.726806640625
7669,optimized_test_EP_B_1_5,734.3563919067383,405.3097610473633,6069.372863769531,5710.832183837891,2019-08-01 09:37:21.259,2019-08-01 09:39:03.306,5,12919.871200561523,25839.742401123047,Dahu29,102.047,125.43564272389828,optimized,EP,B,1,optimized,11780.205047607422
7982,optimized_test_EP_B_1_6,731.9160842895508,403.42989349365234,6074.356872558594,5656.964538574219,2019-08-01 09:39:06.310,2019-08-01 09:40:48.357,6,12866.667388916016,25733.33477783203,Dahu29,102.047,124.91910086326229,optimized,EP,B,1,optimized,11731.321411132812
8296,optimized_test_EP_B_1_7,731.9324493408203,402.45008087158203,6027.7786865234375,5706.607513427734,2019-08-01 09:40:51.362,2019-08-01 09:42:33.426,7,12868.768730163574,25737.53746032715,Dahu29,102.064,124.93950223459781,optimized,EP,B,1,optimized,11734.386199951172
8608,optimized_test_EP_B_1_8,732.6501846313477,403.6070861816406,6056.1995849609375,5718.23974609375,2019-08-01 09:42:36.430,2019-08-01 09:44:18.477,8,12910.696601867676,25821.39320373535,Dahu29,102.047,125.34656895017162,optimized,EP,B,1,optimized,11774.439331054688
8922,optimized_test_EP_B_1_9,733.7010345458984,403.6271743774414,6070.979461669922,5585.526794433594,2019-08-01 09:44:21.482,2019-08-01 09:46:03.529,9,12793.834465026855,25587.66893005371,Dahu29,102.047,124.2119850973481,optimized,EP,B,1,optimized,11656.506256103516
9237,optimized_test_EP_B_1_10,725.7536697387695,400.0386505126953,6008.753204345703,5663.622863769531,2019-08-01 09:46:07.533,2019-08-01 09:47:48.594,10,12798.1683883667,25596.3367767334,Dahu29,101.061,125.4722391016343,optimized,EP,B,1,optimized,11672.376068115234
9549,optimized_test_EP_B_1_11,732.3798599243164,404.78834533691406,6069.518157958984,5738.803131103516,2019-08-01 09:47:52.599,2019-08-01 09:49:34.663,11,12945.48949432373,25890.97898864746,Dahu29,102.064,125.68436402256049,optimized,EP,B,1,optimized,11808.3212890625
9862,optimized_test_EP_B_1_12,733.1607360839844,403.90772247314453,6077.2374267578125,5714.815093994141,2019-08-01 09:49:37.667,2019-08-01 09:51:19.731,12,12929.120979309082,25858.241958618164,Dahu29,102.064,125.52544640105904,optimized,EP,B,1,optimized,11792.052520751953
10175,optimized_test_EP_B_1_13,726.8670349121094,400.32239532470703,6076.253570556641,5688.245330810547,2019-08-01 09:51:22.735,2019-08-01 09:53:03.797,13,12891.688331604004,25783.376663208008,Dahu29,101.062,126.38910129023533,optimized,EP,B,1,optimized,11764.498901367188
10487,optimized_test_EP_B_1_14,737.8831176757812,406.0538787841797,6235.646209716797,5904.570007324219,2019-08-01 09:53:07.802,2019-08-01 09:54:49.865,14,13284.153213500977,26568.306427001953,Dahu29,102.063,128.972361296126,optimized,EP,B,1,optimized,12140.216217041016
10799,optimized_test_EP_B_1_15,731.5428161621094,401.5070571899414,6170.040069580078,5872.346038818359,2019-08-01 09:54:52.869,2019-08-01 09:56:33.933,15,13175.435981750488,26350.871963500977,Dahu29,101.064,129.1709409975538,optimized,EP,B,1,optimized,12042.386108398438
11111,optimized_test_EP_B_1_16,740.7658157348633,405.2475128173828,6251.893615722656,5880.3984375,2019-08-01 09:56:37.937,2019-08-01 09:58:20.001,16,13278.305381774902,26556.610763549805,Dahu29,102.064,128.9155862308243,optimized,EP,B,1,optimized,12132.292053222656
11425,optimized_test_EP_B_1_17,741.591911315918,404.9184036254883,6256.654602050781,5915.829925537109,2019-08-01 09:58:23.006,2019-08-01 10:00:05.072,17,13318.994842529297,26637.989685058594,Dahu29,102.066,129.3106295391194,optimized,EP,B,1,optimized,12172.48452758789
11737,optimized_test_EP_B_1_18,743.3315582275391,404.77323150634766,6227.0611572265625,5918.134857177734,2019-08-01 10:00:08.075,2019-08-01 10:01:50.141,18,13293.300804138184,26586.601608276367,Dahu29,102.066,129.0611728557105,optimized,EP,B,1,optimized,12145.196014404297
12051,optimized_test_EP_B_1_19,743.5138320922852,403.60887908935547,6258.423736572266,5763.796142578125,2019-08-01 10:01:53.145,2019-08-01 10:03:35.212,19,13169.342590332031,26338.685180664062,Dahu29,102.067,127.8576950517673,optimized,EP,B,1,optimized,12022.21987915039
12364,optimized_test_EP_B_1_20,743.7106704711914,403.1236114501953,6256.280334472656,5922.519195556641,2019-08-01 10:03:38.215,2019-08-01 10:05:20.281,20,13325.633811950684,26651.267623901367,Dahu29,102.066,129.37508555291924,optimized,EP,B,1,optimized,12178.799530029297
74,normal_test_CG_C_32_1,192.73178100585938,96.68508911132812,1506.6078796386719,1141.6588745117188,2019-08-01 08:31:09.986,2019-08-01 08:31:21.997,1,2937.683624267578,5875.367248535156,Dahu25,12.011,225.9756634051983,normal,CG,C,32,normal,2648.2667541503906
118,normal_test_CG_C_32_2,89.35384368896484,206.1691131591797,1461.1173095703125,1588.1704406738281,2019-08-01 08:31:25.002,2019-08-01 08:31:38.013,2,3344.810707092285,6689.62141418457,Dahu25,13.011,238.9150505065918,normal,CG,C,32,normal,3049.2877502441406
163,normal_test_CG_C_32_3,87.89826965332031,210.8939666748047,1463.3746337890625,1593.0141906738281,2019-08-01 08:31:41.018,2019-08-01 08:31:54.031,3,3355.1810607910156,6710.362121582031,Dahu25,13.013,239.6557900565011,normal,CG,C,32,normal,3056.3888244628906
209,normal_test_CG_C_32_4,208.91204833984375,101.896484375,1629.6526489257812,1255.5626525878906,2019-08-01 08:31:57.036,2019-08-01 08:32:10.047,4,3196.0238342285156,6392.047668457031,Dahu25,13.011,228.28741673060827,normal,CG,C,32,normal,2885.215301513672
256,normal_test_CG_C_32_5,90.25421905517578,210.89369201660156,1511.1861572265625,1604.2751770019531,2019-08-01 08:32:13.052,2019-08-01 08:32:26.064,5,3416.609245300293,6833.218490600586,Dahu25,13.012,244.0435175214495,normal,CG,C,32,normal,3115.4613342285156
302,normal_test_CG_C_32_6,83.87744140625,195.1699676513672,1402.5947570800781,1488.4871826171875,2019-08-01 08:32:29.068,2019-08-01 08:32:41.080,6,3170.129348754883,6340.258697509766,Dahu25,12.012,243.8561037503756,normal,CG,C,32,normal,2891.0819396972656
347,normal_test_CG_C_32_7,90.13788604736328,196.53787994384766,1437.0430908203125,1489.9424133300781,2019-08-01 08:32:45.088,2019-08-01 08:32:57.099,7,3213.6612701416016,6427.322540283203,Dahu25,12.011,247.2047130878155,normal,CG,C,32,normal,2926.9855041503906
389,normal_test_CG_C_32_8,210.45403289794922,97.14160919189453,1634.3009338378906,1240.42724609375,2019-08-01 08:33:00.104,2019-08-01 08:33:13.117,8,3182.3238220214844,6364.647644042969,Dahu25,13.013,227.30884443010603,normal,CG,C,32,normal,2874.7281799316406
435,normal_test_CG_C_32_9,90.46825408935547,209.31265258789062,1481.1866455078125,1587.7437438964844,2019-08-01 08:33:16.122,2019-08-01 08:33:29.133,9,3368.711296081543,6737.422592163086,Dahu25,13.011,240.62223543439592,normal,CG,C,32,normal,3068.930389404297
481,normal_test_CG_C_32_10,90.57913970947266,209.5739288330078,1534.4044494628906,1601.7768249511719,2019-08-01 08:33:32.139,2019-08-01 08:33:45.148,10,3436.334342956543,6872.668685913086,Dahu25,13.009,245.4524530683245,normal,CG,C,32,normal,3136.1812744140625
528,normal_test_CG_C_32_11,95.50193786621094,192.84027862548828,1452.5693359375,1470.900390625,2019-08-01 08:33:48.153,2019-08-01 08:34:00.164,11,3211.811943054199,6423.623886108398,Dahu25,12.011,247.06245715801532,normal,CG,C,32,normal,2923.4697265625
572,normal_test_CG_C_32_12,91.00235748291016,196.65990447998047,1458.7161560058594,1491.2425231933594,2019-08-01 08:34:04.170,2019-08-01 08:34:16.181,12,3237.6209411621094,6475.241882324219,Dahu25,12.011,249.04776470477765,normal,CG,C,32,normal,2949.9586791992188
615,normal_test_CG_C_32_13,211.63648986816406,101.54855346679688,1633.1175231933594,1266.0530700683594,2019-08-01 08:34:19.186,2019-08-01 08:34:32.203,13,3212.3556365966797,6424.711273193359,Dahu25,13.017,229.45397404262,normal,CG,C,32,normal,2899.1705932617188
662,normal_test_CG_C_32_14,94.70856475830078,163.18714904785156,1248.712158203125,1241.8561706542969,2019-08-01 08:34:35.208,2019-08-01 08:34:45.217,14,2748.464042663574,5496.928085327148,Dahu25,10.009,249.86036751487038,normal,CG,C,32,normal,2490.568328857422
699,normal_test_CG_C_32_15,91.68660736083984,210.9576416015625,1555.3485412597656,1603.3528747558594,2019-08-01 08:34:48.222,2019-08-01 08:35:01.234,15,3461.3456649780273,6922.691329956055,Dahu25,13.012,247.2389760698591,normal,CG,C,32,normal,3158.701416015625
744,normal_test_CG_C_32_16,212.50814819335938,101.02031707763672,1631.4024963378906,1242.7454528808594,2019-08-01 08:35:04.238,2019-08-01 08:35:17.256,16,3187.676414489746,6375.352828979492,Dahu25,13.018,227.6911724635533,normal,CG,C,32,normal,2874.14794921875
790,normal_test_CG_C_32_17,91.18492126464844,195.4434585571289,1446.0880126953125,1486.8943481445312,2019-08-01 08:35:20.261,2019-08-01 08:35:32.271,17,3219.610740661621,6439.221481323242,Dahu25,12.01,247.66236466627853,normal,CG,C,32,normal,2932.9823608398438
836,normal_test_CG_C_32_18,86.17121887207031,195.4897003173828,1468.2303466796875,1493.7828674316406,2019-08-01 08:35:36.278,2019-08-01 08:35:48.288,18,3243.6741333007812,6487.3482666015625,Dahu25,12.01,249.51339486929086,normal,CG,C,32,normal,2962.013214111328
880,normal_test_CG_C_32_19,92.91267395019531,211.3820343017578,1570.1107177734375,1609.5857849121094,2019-08-01 08:35:52.293,2019-08-01 08:36:05.305,19,3483.9912109375,6967.982421875,Dahu25,13.012,248.85651506696428,normal,CG,C,32,normal,3179.696502685547
926,normal_test_CG_C_32_20,213.86504364013672,97.83200073242188,1638.5280456542969,1245.7264709472656,2019-08-01 08:36:08.311,2019-08-01 08:36:21.327,20,3195.951560974121,6391.903121948242,Dahu25,13.016,228.28225435529436,normal,CG,C,32,normal,2884.2545166015625
973,normal_test_EP_B_1_1,494.97569274902344,287.5793685913086,5308.611480712891,3210.371856689453,2019-08-01 08:36:24.331,2019-08-01 08:37:35.372,1,9301.538398742676,18603.07679748535,Dahu25,71.041,129.18803331587048,normal,EP,B,1,normal,8518.983337402344
1193,normal_test_EP_B_1_2,249.73236846923828,494.5992736816406,4130.630218505859,3739.7793884277344,2019-08-01 08:37:38.377,2019-08-01 08:38:46.428,2,8614.741249084473,17229.482498168945,Dahu25,68.051,124.85132245049961,normal,EP,B,1,normal,7870.409606933594
1405,normal_test_EP_B_1_3,259.0851135253906,516.7409133911133,4335.009063720703,3873.772979736328,2019-08-01 08:38:50.433,2019-08-01 08:40:01.485,3,8984.608070373535,17969.21614074707,Dahu25,71.052,124.78622319963243,normal,EP,B,1,normal,8208.782043457031
1625,normal_test_EP_B_1_4,258.47662353515625,514.731689453125,4361.334075927734,3846.7069702148438,2019-08-01 08:40:04.489,2019-08-01 08:41:15.530,4,8981.24935913086,17962.49871826172,Dahu25,71.041,124.73957443237305,normal,EP,B,1,normal,8208.041046142578
1846,normal_test_EP_B_1_5,470.96319580078125,268.61927795410156,4879.877868652344,3002.7100830078125,2019-08-01 08:41:18.534,2019-08-01 08:42:26.573,5,8622.170425415039,17244.340850830078,Dahu25,68.039,124.95899167268172,normal,EP,B,1,normal,7882.587951660156
2056,normal_test_EP_B_1_6,471.4639892578125,267.84391021728516,4910.216003417969,3006.4327087402344,2019-08-01 08:42:29.579,2019-08-01 08:43:37.629,6,8655.9566116333,17311.9132232666,Dahu25,68.05,125.44864654541016,normal,EP,B,1,normal,7916.648712158203
2268,normal_test_EP_B_1_7,255.91024780273438,513.2271499633789,4247.326507568359,3802.128662109375,2019-08-01 08:43:40.634,2019-08-01 08:44:51.685,7,8818.592567443848,17637.185134887695,Dahu25,71.051,122.480452325609,normal,EP,B,1,normal,8049.455169677734
2488,normal_test_EP_B_1_8,489.8691101074219,280.70275115966797,5054.253112792969,3170.321563720703,2019-08-01 08:44:54.689,2019-08-01 08:46:05.730,8,8995.146537780762,17990.293075561523,Dahu25,71.041,124.93259080251057,normal,EP,B,1,normal,8224.574676513672
2708,normal_test_EP_B_1_9,257.4903869628906,519.5943756103516,4287.783935546875,3851.519073486328,2019-08-01 08:46:08.735,2019-08-01 08:47:20.786,9,8916.387771606445,17832.77554321289,Dahu25,72.051,122.14229824118418,normal,EP,B,1,normal,8139.303009033203
2930,normal_test_EP_B_1_10,242.3262176513672,491.13993072509766,3998.3333435058594,3668.6264038085938,2019-08-01 08:47:23.790,2019-08-01 08:48:31.841,10,8400.425895690918,16800.851791381836,Dahu25,68.051,121.74530283610027,normal,EP,B,1,normal,7666.959747314453
3141,normal_test_EP_B_1_11,468.3431396484375,278.16526794433594,4831.303497314453,3026.0997619628906,2019-08-01 08:48:34.846,2019-08-01 08:49:42.885,11,8603.911666870117,17207.823333740234,Dahu25,68.039,124.69437198362489,normal,EP,B,1,normal,7857.403259277344
3354,normal_test_EP_B_1_12,242.86624145507812,492.69776916503906,4036.4201049804688,3664.205291748047,2019-08-01 08:49:46.891,2019-08-01 08:50:54.941,12,8436.189407348633,16872.378814697266,Dahu25,68.05,122.26361459925555,normal,EP,B,1,normal,7700.625396728516
3565,normal_test_EP_B_1_13,475.49925231933594,272.6728286743164,4936.027587890625,3032.7015991210938,2019-08-01 08:50:57.946,2019-08-01 08:52:06.996,13,8716.901268005371,17433.802536010742,Dahu25,69.05,124.5271609715053,normal,EP,B,1,normal,7968.729187011719
3780,normal_test_EP_B_1_14,243.73487854003906,491.71324157714844,4068.3681640625,3678.230743408203,2019-08-01 08:52:10.002,2019-08-01 08:53:18.052,14,8482.04702758789,16964.09405517578,Dahu25,68.05,122.92821779112884,normal,EP,B,1,normal,7746.598907470703
3993,normal_test_EP_B_1_15,489.66473388671875,279.87940216064453,5104.060546875,3167.1898803710938,2019-08-01 08:53:22.060,2019-08-01 08:54:33.111,15,9040.794563293457,18081.589126586914,Dahu25,71.051,125.56659115685358,normal,EP,B,1,normal,8271.250427246094
4212,normal_test_EP_B_1_16,462.6896743774414,264.41517639160156,4817.828155517578,2953.8804626464844,2019-08-01 08:54:36.115,2019-08-01 08:55:43.166,16,8498.813468933105,16997.62693786621,Dahu25,67.051,124.98255101372214,normal,EP,B,1,normal,7771.7086181640625
4422,normal_test_EP_B_1_17,244.37374877929688,492.3922119140625,4075.718719482422,3655.8191528320312,2019-08-01 08:55:47.179,2019-08-01 08:56:55.229,17,8468.303833007812,16936.607666015625,Dahu25,68.05,122.72904105808423,normal,EP,B,1,normal,7731.537872314453
4633,normal_test_EP_B_1_18,246.6346435546875,499.4598159790039,4073.5001831054688,3701.8643798828125,2019-08-01 08:56:58.234,2019-08-01 08:58:07.274,18,8521.459022521973,17042.918045043945,Dahu25,69.04,121.73512889317104,normal,EP,B,1,normal,7775.364562988281
4848,normal_test_EP_B_1_19,482.2543487548828,275.8094482421875,4950.359527587891,3126.058563232422,2019-08-01 08:58:10.278,2019-08-01 08:59:20.318,19,8834.481887817383,17668.963775634766,Dahu25,70.04,124.4293223636251,normal,EP,B,1,normal,8076.4180908203125
5065,normal_test_EP_B_1_20,488.5800552368164,279.3517379760742,5080.106170654297,3179.5448303222656,2019-08-01 08:59:23.323,2019-08-01 09:00:34.363,20,9027.582794189453,18055.165588378906,Dahu25,71.04,125.3830943637424,normal,EP,B,1,normal,8259.651000976562
5337,optimized_test_CG_C_32_1,203.60540771484375,48.52008819580078,1506.7017517089844,477.71502685546875,2019-08-01 09:06:14.654,2019-08-01 09:06:26.662,1,2236.5422744750977,4473.084548950195,Dahu25,12.008,172.04171342116135,optimized,CG,C,32,optimized,1984.4167785644531
5380,optimized_test_CG_C_32_2,192.50635528564453,44.12938690185547,1386.9940490722656,436.8899230957031,2019-08-01 09:06:29.666,2019-08-01 09:06:40.673,2,2060.5197143554688,4121.0394287109375,Dahu25,11.007,171.70997619628906,optimized,CG,C,32,optimized,1823.8839721679688
5420,optimized_test_CG_C_32_3,205.0741195678711,48.30845642089844,1503.4939270019531,477.44366455078125,2019-08-01 09:06:43.677,2019-08-01 09:06:55.685,3,2234.320167541504,4468.640335083008,Dahu25,12.008,171.8707821185772,optimized,CG,C,32,optimized,1980.9375915527344
5463,optimized_test_CG_C_32_4,205.63723754882812,48.24480438232422,1512.5114135742188,474.3398132324219,2019-08-01 09:06:58.690,2019-08-01 09:07:10.699,4,2240.733268737793,4481.466537475586,Dahu25,12.009,172.36409759521484,optimized,CG,C,32,optimized,1986.8512268066406
5506,optimized_test_CG_C_32_5,206.46846771240234,48.314918518066406,1507.6133117675781,470.4619445800781,2019-08-01 09:07:13.704,2019-08-01 09:07:25.711,5,2232.858642578125,4465.71728515625,Dahu25,12.007,171.75835712139423,optimized,CG,C,32,optimized,1978.0752563476562
5549,optimized_test_CG_C_32_6,191.30245208740234,44.20188903808594,1386.7528076171875,422.3890686035156,2019-08-01 09:07:28.716,2019-08-01 09:07:39.723,6,2044.6462173461914,4089.292434692383,Dahu25,11.007,170.38718477884927,optimized,CG,C,32,optimized,1809.1418762207031
5592,optimized_test_CG_C_32_7,189.8639144897461,44.16888427734375,1385.0725708007812,420.6848449707031,2019-08-01 09:07:43.728,2019-08-01 09:07:54.735,7,2039.7902145385742,4079.5804290771484,Dahu25,11.007,169.9825178782145,optimized,CG,C,32,optimized,1805.7574157714844
5633,optimized_test_CG_C_32_8,191.0309829711914,44.1669921875,1386.6215209960938,421.4829406738281,2019-08-01 09:07:58.740,2019-08-01 09:08:09.747,8,2043.3024368286133,4086.6048736572266,Dahu25,11.007,170.27520306905112,optimized,CG,C,32,optimized,1808.1044616699219
5675,optimized_test_CG_C_32_9,191.4653778076172,44.142303466796875,1384.8983459472656,420.1672668457031,2019-08-01 09:08:13.752,2019-08-01 09:08:24.759,9,2040.6732940673828,4081.3465881347656,Dahu25,11.007,170.05610783894858,optimized,CG,C,32,optimized,1805.0656127929688
5716,optimized_test_CG_C_32_10,204.05751037597656,48.262535095214844,1501.5077209472656,461.5077819824219,2019-08-01 09:08:27.763,2019-08-01 09:08:39.771,10,2215.335548400879,4430.671096801758,Dahu25,12.008,170.4104268000676,optimized,CG,C,32,optimized,1963.0155029296875
5758,optimized_test_CG_C_32_11,204.8211669921875,48.24678039550781,1501.0466003417969,462.0655822753906,2019-08-01 09:08:42.775,2019-08-01 09:08:54.783,11,2216.180130004883,4432.360260009766,Dahu25,12.008,170.47539461576022,optimized,CG,C,32,optimized,1963.1121826171875
5803,optimized_test_CG_C_32_12,191.51419830322266,44.091880798339844,1386.9472351074219,421.03399658203125,2019-08-01 09:08:58.787,2019-08-01 09:09:09.794,12,2043.5873107910156,4087.1746215820312,Dahu25,11.007,170.29894256591797,optimized,CG,C,32,optimized,1807.9812316894531
5845,optimized_test_CG_C_32_13,191.09180450439453,44.092681884765625,1385.212158203125,419.09100341796875,2019-08-01 09:09:13.799,2019-08-01 09:09:24.806,13,2039.487648010254,4078.975296020508,Dahu25,11.007,169.9573040008545,optimized,CG,C,32,optimized,1804.3031616210938
5887,optimized_test_CG_C_32_14,207.1303482055664,48.02790069580078,1512.8516235351562,458.7821960449219,2019-08-01 09:09:28.810,2019-08-01 09:09:40.818,14,2226.7920684814453,4453.584136962891,Dahu25,12.008,171.2916975754958,optimized,CG,C,32,optimized,1971.6338195800781
5930,optimized_test_CG_C_32_15,207.54190063476562,48.02093505859375,1513.1133117675781,459.8539733886719,2019-08-01 09:09:43.823,2019-08-01 09:09:55.831,15,2228.5301208496094,4457.060241699219,Dahu25,12.008,171.42539391150842,optimized,CG,C,32,optimized,1972.96728515625
5973,optimized_test_CG_C_32_16,208.12744140625,48.07086181640625,1513.7635803222656,459.095703125,2019-08-01 09:09:58.835,2019-08-01 09:10:10.842,16,2229.057586669922,4458.115173339844,Dahu25,12.007,171.4659682053786,optimized,CG,C,32,optimized,1972.8592834472656
6016,optimized_test_CG_C_32_17,207.71507263183594,48.09819793701172,1514.0614929199219,459.28289794921875,2019-08-01 09:10:13.846,2019-08-01 09:10:25.854,17,2229.1576614379883,4458.315322875977,Dahu25,12.008,171.47366626446063,optimized,CG,C,32,optimized,1973.3443908691406
6059,optimized_test_CG_C_32_18,208.24987030029297,48.130043029785156,1512.9235534667969,459.4757385253906,2019-08-01 09:10:28.858,2019-08-01 09:10:40.871,18,2228.7792053222656,4457.558410644531,Dahu25,12.013,171.4445542555589,optimized,CG,C,32,optimized,1972.3992919921875
6102,optimized_test_CG_C_32_19,207.61719512939453,48.21765899658203,1510.423828125,459.0349426269531,2019-08-01 09:10:43.875,2019-08-01 09:10:55.883,19,2225.2936248779297,4450.587249755859,Dahu25,12.008,171.17643268291766,optimized,CG,C,32,optimized,1969.4587707519531
6145,optimized_test_CG_C_32_20,207.36703491210938,48.378631591796875,1509.7548217773438,459.25225830078125,2019-08-01 09:10:58.888,2019-08-01 09:11:10.901,20,2224.7527465820312,4449.5054931640625,Dahu25,12.013,171.13482666015625,optimized,CG,C,32,optimized,1969.007080078125
6188,optimized_test_EP_B_1_1,714.1487426757812,406.72689056396484,7962.811431884766,4925.850250244141,2019-08-01 09:11:13.906,2019-08-01 09:12:55.969,1,14009.537315368652,28019.074630737305,Dahu25,102.063,136.01492539192867,optimized,EP,B,1,optimized,12888.661682128906
6501,optimized_test_EP_B_1_2,711.4792633056641,405.14209747314453,7694.437469482422,4971.815246582031,2019-08-01 09:12:58.973,2019-08-01 09:14:41.019,2,13782.874076843262,27565.748153686523,Dahu25,102.046,133.81431142566274,optimized,EP,B,1,optimized,12666.252716064453
6817,optimized_test_EP_B_1_3,702.4088973999023,401.4865036010742,7548.6876220703125,4925.553131103516,2019-08-01 09:14:45.024,2019-08-01 09:16:26.086,3,13578.136154174805,27156.27230834961,Dahu25,101.062,133.11898190367455,optimized,EP,B,1,optimized,12474.240753173828
7128,optimized_test_EP_B_1_4,701.3841018676758,401.9985122680664,7583.208923339844,4940.774749755859,2019-08-01 09:16:30.090,2019-08-01 09:18:11.152,4,13627.366287231445,27254.73257446289,Dahu25,101.062,133.60163026697495,optimized,EP,B,1,optimized,12523.983673095703
7441,optimized_test_EP_B_1_5,707.9437408447266,406.1006317138672,7656.3482666015625,5005.678253173828,2019-08-01 09:18:15.157,2019-08-01 09:19:57.217,5,13776.070892333984,27552.14178466797,Dahu25,102.06,133.7482610906212,optimized,EP,B,1,optimized,12662.02651977539
7754,optimized_test_EP_B_1_6,707.4118576049805,405.72692108154297,7652.61279296875,5000.00048828125,2019-08-01 09:20:00.222,2019-08-01 09:21:42.269,6,13765.752059936523,27531.504119873047,Dahu25,102.047,133.64807825181092,optimized,EP,B,1,optimized,12652.61328125
8067,optimized_test_EP_B_1_7,707.4800186157227,406.33302307128906,7665.905426025391,5008.2283935546875,2019-08-01 09:21:45.273,2019-08-01 09:23:27.336,7,13787.94686126709,27575.89372253418,Dahu25,102.063,133.86356175987467,optimized,EP,B,1,optimized,12674.133819580078
8380,optimized_test_EP_B_1_8,706.9339370727539,405.845458984375,7665.020599365234,5007.982666015625,2019-08-01 09:23:30.340,2019-08-01 09:25:12.403,8,13785.782661437988,27571.565322875977,Dahu25,102.063,133.84255011104844,optimized,EP,B,1,optimized,12673.00326538086
8692,optimized_test_EP_B_1_9,706.8045959472656,406.9187316894531,7660.720733642578,5005.612335205078,2019-08-01 09:25:15.407,2019-08-01 09:26:57.453,9,13780.056396484375,27560.11279296875,Dahu25,102.046,133.78695530567353,optimized,EP,B,1,optimized,12666.333068847656
9005,optimized_test_EP_B_1_10,706.8506393432617,406.7350387573242,7657.329040527344,5003.79638671875,2019-08-01 09:27:00.458,2019-08-01 09:28:42.518,10,13774.71110534668,27549.42221069336,Dahu25,102.06,133.7350592752105,optimized,EP,B,1,optimized,12661.125427246094
9320,optimized_test_EP_B_1_11,700.499755859375,402.4194107055664,7585.0135498046875,4957.226715087891,2019-08-01 09:28:46.523,2019-08-01 09:30:27.583,11,13645.15943145752,27290.31886291504,Dahu25,101.06,133.77607285742667,optimized,EP,B,1,optimized,12542.240264892578
9631,optimized_test_EP_B_1_12,707.1218109130859,406.5370788574219,7653.927978515625,5001.029296875,2019-08-01 09:30:30.587,2019-08-01 09:32:12.648,12,13768.616165161133,27537.232330322266,Dahu25,102.061,133.67588509865178,optimized,EP,B,1,optimized,12654.957275390625
9945,optimized_test_EP_B_1_13,700.8534317016602,401.49583435058594,7585.879211425781,4957.727844238281,2019-08-01 09:32:16.652,2019-08-01 09:33:57.713,13,13645.956321716309,27291.912643432617,Dahu25,101.061,133.78388550702263,optimized,EP,B,1,optimized,12543.607055664062
10258,optimized_test_EP_B_1_14,700.8595199584961,402.2251663208008,7589.442138671875,4960.218902587891,2019-08-01 09:34:01.718,2019-08-01 09:35:42.779,14,13652.745727539062,27305.491455078125,Dahu25,101.061,133.85044830920648,optimized,EP,B,1,optimized,12549.661041259766
10570,optimized_test_EP_B_1_15,700.859130859375,402.1451721191406,7554.743560791016,4957.706359863281,2019-08-01 09:35:46.784,2019-08-01 09:37:27.849,15,13615.454223632812,27230.908447265625,Dahu25,101.065,133.48484532973345,optimized,EP,B,1,optimized,12512.449920654297
10881,optimized_test_EP_B_1_16,706.5188598632812,406.02393341064453,7490.254150390625,4997.0028076171875,2019-08-01 09:37:31.854,2019-08-01 09:39:13.916,16,13599.799751281738,27199.599502563477,Dahu25,102.062,132.0368907891431,optimized,EP,B,1,optimized,12487.256958007812
11194,optimized_test_EP_B_1_17,705.6924057006836,405.99925231933594,7492.689514160156,4969.820129394531,2019-08-01 09:39:16.920,2019-08-01 09:40:58.983,17,13574.201301574707,27148.402603149414,Dahu25,102.063,131.78836215121075,optimized,EP,B,1,optimized,12462.509643554688
11507,optimized_test_EP_B_1_18,705.6836471557617,406.54898834228516,7513.9918212890625,4984.891937255859,2019-08-01 09:41:01.987,2019-08-01 09:42:44.050,18,13611.116394042969,27222.232788085938,Dahu25,102.063,132.14676110721328,optimized,EP,B,1,optimized,12498.883758544922
11821,optimized_test_EP_B_1_19,705.9107055664062,406.2045364379883,7565.853424072266,4993.831359863281,2019-08-01 09:42:47.054,2019-08-01 09:44:29.116,19,13671.800025939941,27343.600051879883,Dahu25,102.062,132.73592258194117,optimized,EP,B,1,optimized,12559.684783935547
12134,optimized_test_EP_B_1_20,706.5430908203125,406.54298400878906,7635.218322753906,5001.017303466797,2019-08-01 09:44:32.120,2019-08-01 09:46:14.182,20,13749.321701049805,27498.64340209961,Dahu25,102.062,133.48856020436705,optimized,EP,B,1,optimized,12636.235626220703
