,target,RAPL_ENERGY_DRAM_0,RAPL_ENERGY_DRAM_1,RAPL_ENERGY_PKG_0,RAPL_ENERGY_PKG_1,begin,end,entryNumber,RAPL_ENERGY_PKG_all,RAPL_ENERGY_DRAM_all,Machine,time,powers_av_all,type,methode,bench,class,Nbprocess,y_ax
89,normal_test_Stress_C_32_1,131.37635803222656,125.96003723144531,1975.1137084960938,1998.3467712402344,2019-08-05 13:25:16.060,2019-08-05 13:25:34.068,1,4230.796875,8461.59375,optxDahu3xng,18.008,222.6735197368421,normal,test,Stress,C,32,normal test
151,normal_test_Stress_C_32_2,131.83843231201172,126.02422332763672,2096.234130859375,1939.7641906738281,2019-08-05 13:25:38.072,2019-08-05 13:25:56.079,2,4293.860977172852,8587.721954345703,optxDahu3xng,18.007,225.99268300909745,normal,test,Stress,C,32,normal test
214,normal_test_Stress_C_32_3,131.93604278564453,126.46102905273438,2126.1300354003906,1932.9291076660156,2019-08-05 13:26:00.084,2019-08-05 13:26:18.092,3,4317.456214904785,8634.91242980957,optxDahu3xng,18.008,227.23453762656763,normal,test,Stress,C,32,normal test
277,normal_test_Stress_C_32_4,131.99413299560547,127.14818572998047,2116.6289978027344,1936.9229736328125,2019-08-05 13:26:22.097,2019-08-05 13:26:40.105,4,4312.694290161133,8625.388580322266,optxDahu3xng,18.008,226.98391000848068,normal,test,Stress,C,32,normal test
339,normal_test_Stress_C_32_5,138.74258422851562,134.06997680664062,2149.7896118164062,2152.3995666503906,2019-08-05 13:26:43.110,2019-08-05 13:27:02.118,5,4575.001739501953,9150.003479003906,optxDahu3xng,19.008,228.75008697509764,normal,test,Stress,C,32,normal test
403,normal_test_Stress_C_32_6,138.51353454589844,133.54855346679688,2143.3580322265625,2163.5294189453125,2019-08-05 13:27:05.123,2019-08-05 13:27:24.130,6,4578.94953918457,9157.89907836914,optxDahu3xng,19.007,228.9474769592285,normal,test,Stress,C,32,normal test
466,normal_test_Stress_C_32_7,139.56061553955078,133.716552734375,2268.3052673339844,2092.4217529296875,2019-08-05 13:27:27.135,2019-08-05 13:27:46.143,7,4634.004188537598,9268.008377075195,optxDahu3xng,19.008,231.7002094268799,normal,test,Stress,C,32,normal test
530,normal_test_Stress_C_32_8,139.55913543701172,133.6888427734375,2224.990234375,2118.7678833007812,2019-08-05 13:27:49.147,2019-08-05 13:28:08.155,8,4617.0060958862305,9234.012191772461,optxDahu3xng,19.008,230.8503047943115,normal,test,Stress,C,32,normal test
595,normal_test_Stress_C_32_9,139.82733917236328,133.59542083740234,2211.5174865722656,2177.7225646972656,2019-08-05 13:28:11.159,2019-08-05 13:28:30.168,9,4662.662811279297,9325.325622558594,optxDahu3xng,19.009,233.13314056396484,normal,test,Stress,C,32,normal test
658,normal_test_Stress_C_32_10,140.48407745361328,133.01959991455078,2321.5497131347656,2118.0711669921875,2019-08-05 13:28:33.173,2019-08-05 13:28:52.182,10,4713.124557495117,9426.249114990234,optxDahu3xng,19.009,235.65622787475587,normal,test,Stress,C,32,normal test
722,normal_test_Stress_C_32_11,140.34326934814453,133.1919937133789,2350.2435607910156,2065.7357788085938,2019-08-05 13:28:55.186,2019-08-05 13:29:14.195,11,4689.514602661133,9379.029205322266,optxDahu3xng,19.009,234.47573013305663,normal,test,Stress,C,32,normal test
786,normal_test_Stress_C_32_12,140.60082244873047,133.7529754638672,2219.456817626953,2190.965057373047,2019-08-05 13:29:17.199,2019-08-05 13:29:36.208,12,4684.775672912598,9369.551345825195,optxDahu3xng,19.009,234.2387836456299,normal,test,Stress,C,32,normal test
850,normal_test_Stress_C_32_13,133.44383239746094,126.15752410888672,2202.8463134765625,2069.0415954589844,2019-08-05 13:29:39.213,2019-08-05 13:29:57.220,13,4531.4892654418945,9062.978530883789,optxDahu3xng,18.007,238.4994350232576,normal,test,Stress,C,32,normal test
914,normal_test_Stress_C_32_14,133.4119415283203,126.20735168457031,2083.7488403320312,2035.2696533203125,2019-08-05 13:30:01.225,2019-08-05 13:30:19.232,14,4378.637786865234,8757.275573730469,optxDahu3xng,18.007,230.45462036132812,normal,test,Stress,C,32,normal test
976,normal_test_Stress_C_32_15,133.3290557861328,125.71488952636719,2084.1549682617188,2036.4221801757812,2019-08-05 13:30:23.237,2019-08-05 13:30:41.244,15,4379.62109375,8759.2421875,optxDahu3xng,18.007,230.50637335526315,normal,test,Stress,C,32,normal test
1037,normal_test_Stress_C_32_16,139.77019500732422,132.18898010253906,2127.8611450195312,2161.9496154785156,2019-08-05 13:30:44.251,2019-08-05 13:31:03.259,16,4561.76993560791,9123.53987121582,optxDahu3xng,19.008,228.0884967803955,normal,test,Stress,C,32,normal test
1101,normal_test_Stress_C_32_17,140.4832992553711,132.90435791015625,2292.433319091797,2069.0678100585938,2019-08-05 13:31:06.263,2019-08-05 13:31:25.272,17,4634.888786315918,9269.777572631836,optxDahu3xng,19.009,231.7444393157959,normal,test,Stress,C,32,normal test
1166,normal_test_Stress_C_32_18,140.58563995361328,132.95115661621094,2217.7297973632812,2194.418487548828,2019-08-05 13:31:28.276,2019-08-05 13:31:47.285,18,4685.685081481934,9371.370162963867,optxDahu3xng,19.009,234.28425407409668,normal,test,Stress,C,32,normal test
1229,normal_test_Stress_C_32_19,141.1565170288086,133.57817840576172,2327.1430053710938,2092.4065856933594,2019-08-05 13:31:50.290,2019-08-05 13:32:09.299,19,4694.284286499023,9388.568572998047,optxDahu3xng,19.009,234.71421432495117,normal,test,Stress,C,32,normal test
1293,normal_test_Stress_C_32_20,141.11673736572266,133.99408721923828,2344.074981689453,2057.2960815429688,2019-08-05 13:32:12.305,2019-08-05 13:32:31.312,20,4676.481887817383,9352.963775634766,optxDahu3xng,19.007,233.82409439086913,normal,test,Stress,C,32,normal test
1357,normal_test_Stress_B_1_1,141.2777557373047,71.125,1257.7294006347656,959.296875,2019-08-05 13:32:34.317,2019-08-05 13:32:53.331,1,2429.4290313720703,4858.858062744141,optxDahu3xng,19.014,121.47145156860351,normal,test,Stress,B,1,normal test
1421,normal_test_Stress_B_1_2,141.1449432373047,69.18946075439453,1234.0200500488281,940.1107482910156,2019-08-05 13:32:56.337,2019-08-05 13:33:15.351,2,2384.465202331543,4768.930404663086,optxDahu3xng,19.014,119.22326011657715,normal,test,Stress,B,1,normal test
1486,normal_test_Stress_B_1_3,133.8119354248047,65.55760955810547,1147.8507995605469,890.7283325195312,2019-08-05 13:33:18.357,2019-08-05 13:33:36.372,3,2237.9486770629883,4475.897354125977,optxDahu3xng,18.015,117.78677247699939,normal,test,Stress,B,1,normal test
1549,normal_test_Stress_B_1_4,73.66072845458984,125.24459838867188,950.6245727539062,1082.5072326660156,2019-08-05 13:33:40.380,2019-08-05 13:33:58.394,4,2232.0371322631836,4464.074264526367,optxDahu3xng,18.014,117.47563854016755,normal,test,Stress,B,1,normal test
1612,normal_test_Stress_B_1_5,73.70230102539062,125.52346801757812,941.9044189453125,1075.2588806152344,2019-08-05 13:34:02.399,2019-08-05 13:34:20.413,5,2216.3890686035156,4432.778137207031,optxDahu3xng,18.014,116.6520562422903,normal,test,Stress,B,1,normal test
1673,normal_test_Stress_B_1_6,77.5875473022461,131.33885955810547,985.4768371582031,1128.5928039550781,2019-08-05 13:34:23.418,2019-08-05 13:34:42.433,6,2322.996047973633,4645.992095947266,optxDahu3xng,19.015,116.14980239868164,normal,test,Stress,B,1,normal test
1736,normal_test_Stress_B_1_7,85.37210845947266,130.84486389160156,1122.3777465820312,1167.2884521484375,2019-08-05 13:34:45.437,2019-08-05 13:35:04.446,7,2505.883171081543,5011.766342163086,optxDahu3xng,19.009,125.29415855407714,normal,test,Stress,B,1,normal test
1801,normal_test_Stress_B_1_8,77.7583236694336,130.82857513427734,997.9583740234375,1123.9821166992188,2019-08-05 13:35:07.451,2019-08-05 13:35:26.465,8,2330.527389526367,4661.054779052734,optxDahu3xng,19.014,116.52636947631837,normal,test,Stress,B,1,normal test
1864,normal_test_Stress_B_1_9,77.36205291748047,131.63516998291016,1033.1938781738281,1145.9503784179688,2019-08-05 13:35:29.470,2019-08-05 13:35:48.480,9,2388.1414794921875,4776.282958984375,optxDahu3xng,19.01,119.40707397460938,normal,test,Stress,B,1,normal test
1929,normal_test_Stress_B_1_10,140.48635864257812,69.54985046386719,1234.03076171875,990.2096862792969,2019-08-05 13:35:51.485,2019-08-05 13:36:10.495,10,2434.276657104492,4868.553314208984,optxDahu3xng,19.01,121.71383285522461,normal,test,Stress,B,1,normal test
1993,normal_test_Stress_B_1_11,77.0470199584961,131.9067611694336,992.4435424804688,1136.0975036621094,2019-08-05 13:36:13.499,2019-08-05 13:36:32.513,11,2337.494827270508,4674.989654541016,optxDahu3xng,19.014,116.87474136352539,normal,test,Stress,B,1,normal test
2057,normal_test_Stress_B_1_12,133.04714965820312,65.66433715820312,1167.6264953613281,964.7289428710938,2019-08-05 13:36:35.518,2019-08-05 13:36:53.527,12,2331.066925048828,4662.133850097656,optxDahu3xng,18.009,122.68773289730674,normal,test,Stress,B,1,normal test
2120,normal_test_Stress_B_1_13,133.12232208251953,65.5344467163086,1138.9337158203125,880.5210876464844,2019-08-05 13:36:57.533,2019-08-05 13:37:15.546,13,2218.111572265625,4436.22314453125,optxDahu3xng,18.013,116.74271432976974,normal,test,Stress,B,1,normal test
2182,normal_test_Stress_B_1_14,133.06307220458984,65.83411407470703,1160.277587890625,918.4656982421875,2019-08-05 13:37:19.553,2019-08-05 13:37:37.564,14,2277.6404724121094,4555.280944824219,optxDahu3xng,18.011,119.87581433747944,normal,test,Stress,B,1,normal test
2246,normal_test_Stress_B_1_15,72.99478912353516,124.66600799560547,963.3291015625,1075.7931213378906,2019-08-05 13:37:41.569,2019-08-05 13:37:59.582,15,2236.7830200195312,4473.5660400390625,optxDahu3xng,18.013,117.72542210629112,normal,test,Stress,B,1,normal test
2309,normal_test_Stress_B_1_16,132.9076919555664,65.79523468017578,1163.9449157714844,918.4379577636719,2019-08-05 13:38:03.587,2019-08-05 13:38:21.599,16,2281.0858001708984,4562.171600341797,optxDahu3xng,18.012,120.0571473774157,normal,test,Stress,B,1,normal test
2372,normal_test_Stress_B_1_17,72.91345977783203,125.33574676513672,1015.8844604492188,1089.9908142089844,2019-08-05 13:38:25.604,2019-08-05 13:38:43.613,17,2304.124481201172,4608.248962402344,optxDahu3xng,18.009,121.26970953690379,normal,test,Stress,B,1,normal test
2435,normal_test_Stress_B_1_18,72.82345581054688,125.44901275634766,935.7380676269531,1069.8721618652344,2019-08-05 13:38:47.619,2019-08-05 13:39:05.632,18,2203.882698059082,4407.765396118164,optxDahu3xng,18.013,115.9938262136359,normal,test,Stress,B,1,normal test
2496,normal_test_Stress_B_1_19,139.77391815185547,69.8181381225586,1170.1937866210938,928.4014892578125,2019-08-05 13:39:08.637,2019-08-05 13:39:27.648,19,2308.1873321533203,4616.374664306641,optxDahu3xng,19.011,115.40936660766602,normal,test,Stress,B,1,normal test
2559,normal_test_Stress_B_1_20,76.97882843017578,131.8027114868164,1035.2737121582031,1132.1784057617188,2019-08-05 13:39:30.653,2019-08-05 13:39:49.664,20,2376.233657836914,4752.467315673828,optxDahu3xng,19.011,118.8116828918457,normal,test,Stress,B,1,normal test
2651,optimized_test_Stress_C_32_1,132.48573303222656,69.26573181152344,2242.678497314453,945.2897033691406,2019-08-05 13:45:17.997,2019-08-05 13:45:36.008,1,3389.7196655273438,6779.4393310546875,optxDahu3xng,18.011,178.40629818564966,optimized,test,Stress,C,32,optimized test
2713,optimized_test_Stress_C_32_2,132.38571166992188,69.24531555175781,2247.415008544922,935.7482604980469,2019-08-05 13:45:40.013,2019-08-05 13:45:58.024,2,3384.7942962646484,6769.588592529297,optxDahu3xng,18.011,178.14706822445518,optimized,test,Stress,C,32,optimized test
2774,optimized_test_Stress_C_32_3,139.23456573486328,72.97786712646484,2351.4356689453125,977.4072265625,2019-08-05 13:46:01.028,2019-08-05 13:46:20.037,3,3541.0553283691406,7082.110656738281,optxDahu3xng,19.009,177.05276641845703,optimized,test,Stress,C,32,optimized test
2838,optimized_test_Stress_C_32_4,139.3763656616211,72.7570571899414,2359.987060546875,963.1016845703125,2019-08-05 13:46:23.040,2019-08-05 13:46:42.051,4,3535.22216796875,7070.4443359375,optxDahu3xng,19.011,176.7611083984375,optimized,test,Stress,C,32,optimized test
2902,optimized_test_Stress_C_32_5,139.56070709228516,72.72801208496094,2366.3145446777344,959.9312744140625,2019-08-05 13:46:45.055,2019-08-05 13:47:04.067,5,3538.534538269043,7077.069076538086,optxDahu3xng,19.012,176.92672691345214,optimized,test,Stress,C,32,optimized test
2966,optimized_test_Stress_C_32_6,139.9910125732422,72.55950927734375,2372.2835083007812,959.2665100097656,2019-08-05 13:47:07.071,2019-08-05 13:47:26.082,6,3544.100540161133,7088.201080322266,optxDahu3xng,19.011,177.20502700805665,optimized,test,Stress,C,32,optimized test
3031,optimized_test_Stress_C_32_7,140.08343505859375,72.53182220458984,2375.8339233398438,949.0914916992188,2019-08-05 13:47:29.086,2019-08-05 13:47:48.100,7,3537.540672302246,7075.081344604492,optxDahu3xng,19.014,176.8770336151123,optimized,test,Stress,C,32,optimized test
3094,optimized_test_Stress_C_32_8,140.08966064453125,72.31646728515625,2376.7057495117188,937.9949340820312,2019-08-05 13:47:51.104,2019-08-05 13:48:10.115,8,3527.1068115234375,7054.213623046875,optxDahu3xng,19.011,176.35534057617187,optimized,test,Stress,C,32,optimized test
3159,optimized_test_Stress_C_32_9,139.95951080322266,72.52156829833984,2373.2503051757812,930.5252990722656,2019-08-05 13:48:13.119,2019-08-05 13:48:32.131,9,3516.2566833496094,7032.513366699219,optxDahu3xng,19.012,175.81283416748047,optimized,test,Stress,C,32,optimized test
3222,optimized_test_Stress_C_32_10,132.91224670410156,68.53900909423828,2254.7623901367188,871.814453125,2019-08-05 13:48:35.135,2019-08-05 13:48:53.147,10,3328.0280990600586,6656.056198120117,optxDahu3xng,18.012,175.15937363473992,optimized,test,Stress,C,32,optimized test
3285,optimized_test_Stress_C_32_11,133.1755142211914,68.29171752929688,2255.30712890625,863.6174011230469,2019-08-05 13:48:57.151,2019-08-05 13:49:15.162,11,3320.391761779785,6640.78352355957,optxDahu3xng,18.011,174.75746114630448,optimized,test,Stress,C,32,optimized test
3346,optimized_test_Stress_C_32_12,139.77960205078125,72.78531646728516,2361.0596923828125,903.7793579101562,2019-08-05 13:49:18.166,2019-08-05 13:49:37.175,12,3477.403968811035,6954.80793762207,optxDahu3xng,19.009,173.87019844055175,optimized,test,Stress,C,32,optimized test
3410,optimized_test_Stress_C_32_13,140.41502380371094,72.61537170410156,2372.7518615722656,906.1104736328125,2019-08-05 13:49:40.179,2019-08-05 13:49:59.192,13,3491.8927307128906,6983.785461425781,optxDahu3xng,19.013,174.59463653564453,optimized,test,Stress,C,32,optimized test
3474,optimized_test_Stress_C_32_14,140.6466293334961,72.61241149902344,2375.0022583007812,911.0419616699219,2019-08-05 13:50:02.196,2019-08-05 13:50:21.210,14,3499.3032608032227,6998.606521606445,optxDahu3xng,19.014,174.96516304016114,optimized,test,Stress,C,32,optimized test
3538,optimized_test_Stress_C_32_15,140.8842315673828,72.83138275146484,2378.6459350585938,902.7818908691406,2019-08-05 13:50:24.214,2019-08-05 13:50:43.226,15,3495.143440246582,6990.286880493164,optxDahu3xng,19.012,174.7571720123291,optimized,test,Stress,C,32,optimized test
3602,optimized_test_Stress_C_32_16,133.55931854248047,69.16053771972656,2256.905059814453,851.7854919433594,2019-08-05 13:50:46.230,2019-08-05 13:51:04.241,16,3311.4104080200195,6622.820816040039,optxDahu3xng,18.011,174.28475831684312,optimized,test,Stress,C,32,optimized test
3665,optimized_test_Stress_C_32_17,133.80433654785156,69.2664794921875,2256.5179138183594,853.1410522460938,2019-08-05 13:51:08.245,2019-08-05 13:51:26.257,17,3312.729782104492,6625.459564208984,optxDahu3xng,18.012,174.35419905813117,optimized,test,Stress,C,32,optimized test
3728,optimized_test_Stress_C_32_18,133.94635009765625,68.75,2255.79052734375,847.92529296875,2019-08-05 13:51:30.261,2019-08-05 13:51:48.273,18,3306.4121704101562,6612.8243408203125,optxDahu3xng,18.012,174.0216931794819,optimized,test,Stress,C,32,optimized test
3791,optimized_test_Stress_C_32_19,134.04479217529297,68.99100494384766,2254.5194396972656,849.7385864257812,2019-08-05 13:51:52.277,2019-08-05 13:52:10.288,19,3307.2938232421875,6614.587646484375,optxDahu3xng,18.011,174.06809596011513,optimized,test,Stress,C,32,optimized test
3852,optimized_test_Stress_C_32_20,141.37538146972656,72.7991943359375,2369.7889404296875,893.5853271484375,2019-08-05 13:52:13.293,2019-08-05 13:52:32.304,20,3477.548843383789,6955.097686767578,optxDahu3xng,19.011,173.87744216918946,optimized,test,Stress,C,32,optimized test
3917,optimized_test_Stress_B_1_1,141.86392211914062,72.31388854980469,1374.189697265625,999.9186706542969,2019-08-05 13:52:35.309,2019-08-05 13:52:54.318,1,2588.286178588867,5176.572357177734,optxDahu3xng,19.009,129.41430892944337,optimized,test,Stress,B,1,optimized test
3981,optimized_test_Stress_B_1_2,142.00955200195312,71.99610900878906,1342.4998168945312,1003.9620056152344,2019-08-05 13:52:57.322,2019-08-05 13:53:16.334,2,2560.467483520508,5120.934967041016,optxDahu3xng,19.012,128.02337417602538,optimized,test,Stress,B,1,optimized test
4044,optimized_test_Stress_B_1_3,134.82391357421875,67.82091522216797,1266.3603820800781,951.2839050292969,2019-08-05 13:53:19.338,2019-08-05 13:53:37.349,3,2420.2891159057617,4840.578231811523,optxDahu3xng,18.011,127.38363767925061,optimized,test,Stress,B,1,optimized test
4108,optimized_test_Stress_B_1_4,134.57152557373047,67.97028350830078,1236.3583374023438,952.0563354492188,2019-08-05 13:53:41.354,2019-08-05 13:53:59.364,4,2390.9564819335938,4781.9129638671875,optxDahu3xng,18.01,125.8398148386102,optimized,test,Stress,B,1,optimized test
4171,optimized_test_Stress_B_1_5,134.8424072265625,67.80448150634766,1235.2034912109375,954.0367736816406,2019-08-05 13:54:03.369,2019-08-05 13:54:21.380,5,2391.8871536254883,4783.774307250977,optxDahu3xng,18.011,125.88879755923622,optimized,test,Stress,B,1,optimized test
4232,optimized_test_Stress_B_1_6,141.6872329711914,71.8755874633789,1298.0605773925781,1003.4171142578125,2019-08-05 13:54:24.384,2019-08-05 13:54:43.393,6,2515.040512084961,5030.081024169922,optxDahu3xng,19.009,125.75202560424805,optimized,test,Stress,B,1,optimized test
4296,optimized_test_Stress_B_1_7,141.58557891845703,71.6717758178711,1285.0234680175781,1011.8441467285156,2019-08-05 13:54:46.397,2019-08-05 13:55:05.409,7,2510.124969482422,5020.249938964844,optxDahu3xng,19.012,125.5062484741211,optimized,test,Stress,B,1,optimized test
4360,optimized_test_Stress_B_1_8,141.5654754638672,71.67433166503906,1271.3064880371094,1011.6756591796875,2019-08-05 13:55:08.413,2019-08-05 13:55:27.422,8,2496.221954345703,4992.443908691406,optxDahu3xng,19.009,124.81109771728515,optimized,test,Stress,B,1,optimized test
4424,optimized_test_Stress_B_1_9,134.23482513427734,67.99915313720703,1205.2355346679688,960.1167602539062,2019-08-05 13:55:30.426,2019-08-05 13:55:48.438,9,2367.5862731933594,4735.172546386719,optxDahu3xng,18.012,124.60980385228207,optimized,test,Stress,B,1,optimized test
4487,optimized_test_Stress_B_1_10,134.26158142089844,68.08135986328125,1205.2032775878906,961.3838500976562,2019-08-05 13:55:52.442,2019-08-05 13:56:10.454,10,2368.9300689697266,4737.860137939453,optxDahu3xng,18.012,124.68052994577508,optimized,test,Stress,B,1,optimized test
4548,optimized_test_Stress_B_1_11,140.83995819091797,71.7286148071289,1265.2569885253906,1012.8714904785156,2019-08-05 13:56:13.458,2019-08-05 13:56:32.467,11,2490.697052001953,4981.394104003906,optxDahu3xng,19.009,124.53485260009765,optimized,test,Stress,B,1,optimized test
4612,optimized_test_Stress_B_1_12,140.97967529296875,71.29194641113281,1269.4189758300781,1017.892822265625,2019-08-05 13:56:35.471,2019-08-05 13:56:54.483,12,2499.5834197998047,4999.166839599609,optxDahu3xng,19.012,124.97917098999024,optimized,test,Stress,B,1,optimized test
4676,optimized_test_Stress_B_1_13,140.99356842041016,71.71537780761719,1271.4354858398438,1013.5764770507812,2019-08-05 13:56:57.487,2019-08-05 13:57:16.498,13,2497.7209091186523,4995.441818237305,optxDahu3xng,19.011,124.88604545593262,optimized,test,Stress,B,1,optimized test
4740,optimized_test_Stress_B_1_14,133.3895721435547,67.74427032470703,1204.5497436523438,964.6716918945312,2019-08-05 13:57:19.502,2019-08-05 13:57:37.514,14,2370.3552780151367,4740.710556030273,optxDahu3xng,18.012,124.75554094816509,optimized,test,Stress,B,1,optimized test
4803,optimized_test_Stress_B_1_15,133.47023010253906,68.05496215820312,1204.4232482910156,976.9082946777344,2019-08-05 13:57:41.519,2019-08-05 13:57:59.530,15,2382.856735229492,4765.713470458984,optxDahu3xng,18.011,125.41351238049958,optimized,test,Stress,B,1,optimized test
4864,optimized_test_Stress_B_1_16,140.34001922607422,71.81040954589844,1265.2513427734375,1013.3923950195312,2019-08-05 13:58:02.534,2019-08-05 13:58:21.543,16,2490.7941665649414,4981.588333129883,optxDahu3xng,19.009,124.53970832824707,optimized,test,Stress,B,1,optimized test
4928,optimized_test_Stress_B_1_17,140.53057861328125,71.40480041503906,1267.8010559082031,1013.1499328613281,2019-08-05 13:58:24.548,2019-08-05 13:58:43.560,17,2492.8863677978516,4985.772735595703,optxDahu3xng,19.012,124.64431838989258,optimized,test,Stress,B,1,optimized test
4992,optimized_test_Stress_B_1_18,140.5930404663086,71.8277587890625,1268.9507446289062,1012.1404724121094,2019-08-05 13:58:46.564,2019-08-05 13:59:05.573,18,2493.5120162963867,4987.024032592773,optxDahu3xng,19.009,124.67560081481933,optimized,test,Stress,B,1,optimized test
5056,optimized_test_Stress_B_1_19,133.12257385253906,67.57719421386719,1204.1654663085938,968.5901489257812,2019-08-05 13:59:08.577,2019-08-05 13:59:26.589,19,2373.4553833007812,4746.9107666015625,optxDahu3xng,18.012,124.91870438425164,optimized,test,Stress,B,1,optimized test
5119,optimized_test_Stress_B_1_20,133.28609466552734,67.97742462158203,1204.1129455566406,962.7989807128906,2019-08-05 13:59:30.593,2019-08-05 13:59:48.604,20,2368.1754455566406,4736.350891113281,optxDahu3xng,18.011,124.64081292403371,optimized,test,Stress,B,1,optimized test
51,normal_test_Stress_C_32_1,134.3075714111328,134.83425903320312,1901.7264404296875,1967.9078979492188,2019-08-05 13:25:25.365,2019-08-05 13:25:43.372,1,4138.776168823242,8277.552337646484,optxDahu9xng,18.007,217.83032467490747,normal,test,Stress,C,32,normal test
113,normal_test_Stress_C_32_2,134.7149887084961,134.93197631835938,1944.1050415039062,1901.8252563476562,2019-08-05 13:25:47.376,2019-08-05 13:26:05.384,2,4115.577262878418,8231.154525756836,optxDahu9xng,18.008,216.6093296251799,normal,test,Stress,C,32,normal test
176,normal_test_Stress_C_32_3,135.1033935546875,135.41253662109375,1970.5878295898438,1899.2911376953125,2019-08-05 13:26:09.389,2019-08-05 13:26:27.397,3,4140.3948974609375,8280.789794921875,optxDahu9xng,18.008,217.91552091899672,normal,test,Stress,C,32,normal test
238,normal_test_Stress_C_32_4,142.3922348022461,141.63613891601562,2085.6095275878906,1928.1043395996094,2019-08-05 13:26:30.401,2019-08-05 13:26:49.409,4,4297.742240905762,8595.484481811523,optxDahu9xng,19.008,214.8871120452881,normal,test,Stress,C,32,normal test
301,normal_test_Stress_C_32_5,142.8988265991211,142.39471435546875,2096.487060546875,1985.0202331542969,2019-08-05 13:26:52.415,2019-08-05 13:27:11.423,5,4366.800834655762,8733.601669311523,optxDahu9xng,19.008,218.34004173278808,normal,test,Stress,C,32,normal test
366,normal_test_Stress_C_32_6,142.98961639404297,142.6092758178711,2050.6414184570312,2101.212860107422,2019-08-05 13:27:14.427,2019-08-05 13:27:33.435,6,4437.453170776367,8874.906341552734,optxDahu9xng,19.008,221.87265853881837,normal,test,Stress,C,32,normal test
429,normal_test_Stress_C_32_7,143.24191284179688,142.7829360961914,2106.042205810547,1998.4508361816406,2019-08-05 13:27:36.440,2019-08-05 13:27:55.448,7,4390.517890930176,8781.035781860352,optxDahu9xng,19.008,219.5258945465088,normal,test,Stress,C,32,normal test
494,normal_test_Stress_C_32_8,143.5539093017578,143.01991271972656,2106.060089111328,2066.9700622558594,2019-08-05 13:27:58.453,2019-08-05 13:28:17.461,8,4459.603973388672,8919.207946777344,optxDahu9xng,19.008,222.9801986694336,normal,test,Stress,C,32,normal test
558,normal_test_Stress_C_32_9,143.48538208007812,142.9874267578125,2005.0920715332031,2130.044158935547,2019-08-05 13:28:20.466,2019-08-05 13:28:39.474,9,4421.609039306641,8843.218078613281,optxDahu9xng,19.008,221.08045196533203,normal,test,Stress,C,32,normal test
621,normal_test_Stress_C_32_10,143.9127426147461,143.11455535888672,2132.825225830078,2029.5502014160156,2019-08-05 13:28:42.478,2019-08-05 13:29:01.487,10,4449.402725219727,8898.805450439453,optxDahu9xng,19.009,222.47013626098632,normal,test,Stress,C,32,normal test
686,normal_test_Stress_C_32_11,144.43643188476562,143.35543060302734,2135.4754638671875,2117.3673400878906,2019-08-05 13:29:04.491,2019-08-05 13:29:23.499,11,4540.634666442871,9081.269332885742,optxDahu9xng,19.008,227.03173332214357,normal,test,Stress,C,32,normal test
749,normal_test_Stress_C_32_12,144.59911346435547,143.1508331298828,2143.533966064453,2093.0569763183594,2019-08-05 13:29:26.504,2019-08-05 13:29:45.511,12,4524.340888977051,9048.681777954102,optxDahu9xng,19.007,226.21704444885253,normal,test,Stress,C,32,normal test
813,normal_test_Stress_C_32_13,144.62184143066406,142.42320251464844,2143.7424926757812,2008.0610656738281,2019-08-05 13:29:48.516,2019-08-05 13:30:07.524,13,4438.848602294922,8877.697204589844,optxDahu9xng,19.008,221.9424301147461,normal,test,Stress,C,32,normal test
877,normal_test_Stress_C_32_14,144.69448852539062,142.46991729736328,2136.68798828125,2015.6067504882812,2019-08-05 13:30:10.529,2019-08-05 13:30:29.536,14,4439.459144592285,8878.91828918457,optxDahu9xng,19.007,221.97295722961425,normal,test,Stress,C,32,normal test
942,normal_test_Stress_C_32_15,144.592041015625,142.87709045410156,2041.7351684570312,2131.5445861816406,2019-08-05 13:30:32.541,2019-08-05 13:30:51.549,15,4460.748886108398,8921.497772216797,optxDahu9xng,19.008,223.0374443054199,normal,test,Stress,C,32,normal test
1005,normal_test_Stress_C_32_16,144.68866729736328,143.07959747314453,2109.154541015625,2123.5347900390625,2019-08-05 13:30:54.554,2019-08-05 13:31:13.562,16,4520.457595825195,9040.91519165039,optxDahu9xng,19.008,226.02287979125975,normal,test,Stress,C,32,normal test
1069,normal_test_Stress_C_32_17,144.5337677001953,143.24791717529297,2050.993438720703,2143.325408935547,2019-08-05 13:31:16.567,2019-08-05 13:31:35.575,17,4482.100532531738,8964.201065063477,optxDahu9xng,19.008,224.10502662658692,normal,test,Stress,C,32,normal test
1134,normal_test_Stress_C_32_18,144.73443603515625,143.2184066772461,2145.282196044922,2053.7096557617188,2019-08-05 13:31:38.579,2019-08-05 13:31:57.588,18,4486.944694519043,8973.889389038086,optxDahu9xng,19.009,224.34723472595215,normal,test,Stress,C,32,normal test
1197,normal_test_Stress_C_32_19,144.77106475830078,143.63626098632812,2162.8800354003906,2136.9872131347656,2019-08-05 13:32:00.592,2019-08-05 13:32:19.600,19,4588.274574279785,9176.54914855957,optxDahu9xng,19.008,229.41372871398926,normal,test,Stress,C,32,normal test
1261,normal_test_Stress_C_32_20,144.8721923828125,143.24758911132812,2162.5121459960938,2019.1767883300781,2019-08-05 13:32:22.605,2019-08-05 13:32:41.613,20,4469.8087158203125,8939.617431640625,optxDahu9xng,19.008,223.4904357910156,normal,test,Stress,C,32,normal test
1326,normal_test_Stress_B_1_1,81.70728302001953,143.29014587402344,1046.7396240234375,1175.8964233398438,2019-08-05 13:32:44.618,2019-08-05 13:33:03.629,1,2447.633476257324,4895.266952514648,optxDahu9xng,19.011,122.38167381286621,normal,test,Stress,B,1,normal test
1390,normal_test_Stress_B_1_2,81.43222045898438,143.1015396118164,973.8242492675781,1146.10693359375,2019-08-05 13:33:06.634,2019-08-05 13:33:25.648,2,2344.464942932129,4688.929885864258,optxDahu9xng,19.014,117.22324714660644,normal,test,Stress,B,1,normal test
1454,normal_test_Stress_B_1_3,81.32427978515625,142.5279541015625,964.0677185058594,1115.979248046875,2019-08-05 13:33:28.652,2019-08-05 13:33:47.666,3,2303.899200439453,4607.798400878906,optxDahu9xng,19.014,115.19496002197266,normal,test,Stress,B,1,normal test
1518,normal_test_Stress_B_1_4,76.83039855957031,134.88880920410156,891.4167175292969,1073.0799865722656,2019-08-05 13:33:50.672,2019-08-05 13:34:08.685,4,2176.2159118652344,4352.431823730469,optxDahu9xng,18.013,114.53767957185444,normal,test,Stress,B,1,normal test
1581,normal_test_Stress_B_1_5,76.64586639404297,135.0655059814453,900.4281005859375,1055.4236145019531,2019-08-05 13:34:12.690,2019-08-05 13:34:30.703,5,2167.563087463379,4335.126174926758,optxDahu9xng,18.013,114.08226776123047,normal,test,Stress,B,1,normal test
1644,normal_test_Stress_B_1_6,76.74624633789062,134.85479736328125,892.3987426757812,1054.943359375,2019-08-05 13:34:34.709,2019-08-05 13:34:52.722,6,2158.943145751953,4317.886291503906,optxDahu9xng,18.013,113.62858661852385,normal,test,Stress,B,1,normal test
1706,normal_test_Stress_B_1_7,81.69723510742188,134.948486328125,925.1412353515625,1073.8825988769531,2019-08-05 13:34:56.728,2019-08-05 13:35:14.740,7,2215.6695556640625,4431.339111328125,optxDahu9xng,18.012,116.61418714021382,normal,test,Stress,B,1,normal test
1767,normal_test_Stress_B_1_8,144.13397979736328,79.1489486694336,1118.0479736328125,921.6283569335938,2019-08-05 13:35:17.744,2019-08-05 13:35:36.759,8,2262.959259033203,4525.918518066406,optxDahu9xng,19.015,113.14796295166016,normal,test,Stress,B,1,normal test
1832,normal_test_Stress_B_1_9,144.16681671142578,78.94145202636719,1124.3533935546875,946.8998413085938,2019-08-05 13:35:39.763,2019-08-05 13:35:58.774,9,2294.361503601074,4588.723007202148,optxDahu9xng,19.011,114.71807518005372,normal,test,Stress,B,1,normal test
1896,normal_test_Stress_B_1_10,80.72555541992188,141.90741729736328,940.6263122558594,1105.8016967773438,2019-08-05 13:36:01.778,2019-08-05 13:36:20.789,10,2269.0609817504883,4538.121963500977,optxDahu9xng,19.011,113.45304908752442,normal,test,Stress,B,1,normal test
1960,normal_test_Stress_B_1_11,80.87885284423828,142.30213165283203,970.2831115722656,1136.0822448730469,2019-08-05 13:36:23.793,2019-08-05 13:36:42.806,11,2329.546340942383,4659.092681884766,optxDahu9xng,19.013,116.47731704711914,normal,test,Stress,B,1,normal test
2026,normal_test_Stress_B_1_12,76.16697692871094,134.8563995361328,884.8871765136719,1055.1118774414062,2019-08-05 13:36:46.812,2019-08-05 13:37:04.825,12,2151.022430419922,4302.044860839844,optxDahu9xng,18.013,113.21170686420642,normal,test,Stress,B,1,normal test
2089,normal_test_Stress_B_1_13,80.25253295898438,142.14828491210938,933.1011657714844,1111.6767578125,2019-08-05 13:37:08.830,2019-08-05 13:37:27.844,13,2267.178741455078,4534.357482910156,optxDahu9xng,19.014,113.3589370727539,normal,test,Stress,B,1,normal test
2153,normal_test_Stress_B_1_14,143.88040161132812,78.93621826171875,1132.2245483398438,954.0810546875,2019-08-05 13:37:30.849,2019-08-05 13:37:49.862,14,2309.1222229003906,4618.244445800781,optxDahu9xng,19.013,115.45611114501953,normal,test,Stress,B,1,normal test
2217,normal_test_Stress_B_1_15,80.43506622314453,141.82962799072266,959.4415588378906,1114.2473449707031,2019-08-05 13:37:52.867,2019-08-05 13:38:11.881,15,2295.953598022461,4591.907196044922,optxDahu9xng,19.014,114.79767990112305,normal,test,Stress,B,1,normal test
2283,normal_test_Stress_B_1_16,80.0528335571289,142.23381805419922,1000.8432922363281,1146.606201171875,2019-08-05 13:38:15.886,2019-08-05 13:38:34.897,16,2369.7361450195312,4739.4722900390625,optxDahu9xng,19.011,118.48680725097657,normal,test,Stress,B,1,normal test
2346,normal_test_Stress_B_1_17,79.87578582763672,142.37500762939453,982.420166015625,1125.14013671875,2019-08-05 13:38:37.902,2019-08-05 13:38:56.912,17,2329.8110961914062,4659.6221923828125,optxDahu9xng,19.01,116.49055480957031,normal,test,Stress,B,1,normal test
2413,normal_test_Stress_B_1_18,136.24053955078125,74.87810516357422,1080.3964538574219,922.7688903808594,2019-08-05 13:39:00.917,2019-08-05 13:39:18.929,18,2214.2839889526367,4428.567977905273,optxDahu9xng,18.012,116.54126257645457,normal,test,Stress,B,1,normal test
2475,normal_test_Stress_B_1_19,143.35550689697266,78.9383544921875,1124.2605285644531,963.4932861328125,2019-08-05 13:39:22.934,2019-08-05 13:39:41.948,19,2310.047676086426,4620.095352172852,optxDahu9xng,19.014,115.50238380432128,normal,test,Stress,B,1,normal test
2542,normal_test_Stress_B_1_20,75.48121643066406,135.12104034423828,887.7999267578125,1054.6974792480469,2019-08-05 13:39:45.953,2019-08-05 13:40:03.966,20,2153.0996627807617,4306.199325561523,optxDahu9xng,18.013,113.32103488319798,normal,test,Stress,B,1,normal test
2630,optimized_test_Stress_C_32_1,135.65287017822266,76.13661193847656,2100.5040588378906,948.4818725585938,2019-08-05 13:45:31.603,2019-08-05 13:45:49.614,1,3260.7754135131836,6521.550827026367,optxDahu9xng,18.011,171.61975860595703,optimized,test,Stress,C,32,optimized test
2692,optimized_test_Stress_C_32_2,135.610107421875,75.63238525390625,2111.1517944335938,964.4098815917969,2019-08-05 13:45:53.619,2019-08-05 13:46:11.631,2,3286.804168701172,6573.608337402344,optxDahu9xng,18.012,172.98969308953536,optimized,test,Stress,C,32,optimized test
2755,optimized_test_Stress_C_32_3,135.68185424804688,75.80294036865234,2125.671356201172,963.703369140625,2019-08-05 13:46:15.635,2019-08-05 13:46:33.646,3,3300.859519958496,6601.719039916992,optxDahu9xng,18.011,173.7294484188682,optimized,test,Stress,C,32,optimized test
2816,optimized_test_Stress_C_32_4,143.16228485107422,80.09274291992188,2241.8692321777344,999.9722900390625,2019-08-05 13:46:36.650,2019-08-05 13:46:55.661,4,3465.096549987793,6930.193099975586,optxDahu9xng,19.011,173.25482749938965,optimized,test,Stress,C,32,optimized test
2880,optimized_test_Stress_C_32_5,143.2787857055664,79.99886322021484,2266.06103515625,1008.2088928222656,2019-08-05 13:46:58.666,2019-08-05 13:47:17.678,5,3497.547576904297,6995.095153808594,optxDahu9xng,19.012,174.87737884521485,optimized,test,Stress,C,32,optimized test
2944,optimized_test_Stress_C_32_6,143.41034698486328,79.9995346069336,2282.1851196289062,1015.1031799316406,2019-08-05 13:47:20.682,2019-08-05 13:47:39.692,6,3520.6981811523438,7041.3963623046875,optxDahu9xng,19.01,176.0349090576172,optimized,test,Stress,C,32,optimized test
3008,optimized_test_Stress_C_32_7,143.43951416015625,79.96311950683594,2282.7667541503906,1015.2745056152344,2019-08-05 13:47:42.697,2019-08-05 13:48:01.709,7,3521.443893432617,7042.887786865234,optxDahu9xng,19.012,176.07219467163085,optimized,test,Stress,C,32,optimized test
3072,optimized_test_Stress_C_32_8,136.24576568603516,75.47808074951172,2181.9078979492188,963.7531433105469,2019-08-05 13:48:04.713,2019-08-05 13:48:22.724,8,3357.3848876953125,6714.769775390625,optxDahu9xng,18.011,176.7044677734375,optimized,test,Stress,C,32,optimized test
3135,optimized_test_Stress_C_32_9,136.53514099121094,75.48052978515625,2192.0791931152344,964.2247009277344,2019-08-05 13:48:26.729,2019-08-05 13:48:44.740,9,3368.319564819336,6736.639129638672,optxDahu9xng,18.011,177.27997709575453,optimized,test,Stress,C,32,optimized test
3198,optimized_test_Stress_C_32_10,136.6644058227539,75.7051010131836,2194.5186462402344,964.0050354003906,2019-08-05 13:48:48.745,2019-08-05 13:49:06.756,10,3370.8931884765625,6741.786376953125,optxDahu9xng,18.011,177.41543097245065,optimized,test,Stress,C,32,optimized test
3259,optimized_test_Stress_C_32_11,143.79783630371094,80.09175872802734,2298.5469970703125,1014.0444946289062,2019-08-05 13:49:09.761,2019-08-05 13:49:28.773,11,3536.481086730957,7072.962173461914,optxDahu9xng,19.012,176.82405433654785,optimized,test,Stress,C,32,optimized test
3323,optimized_test_Stress_C_32_12,143.9307403564453,79.86502075195312,2304.3833923339844,1014.5184326171875,2019-08-05 13:49:31.777,2019-08-05 13:49:50.789,12,3542.6975860595703,7085.395172119141,optxDahu9xng,19.012,177.1348793029785,optimized,test,Stress,C,32,optimized test
3387,optimized_test_Stress_C_32_13,144.19266510009766,80.17251586914062,2318.2801513671875,1014.9557800292969,2019-08-05 13:49:53.793,2019-08-05 13:50:12.806,13,3557.6011123657227,7115.202224731445,optxDahu9xng,19.013,177.88005561828612,optimized,test,Stress,C,32,optimized test
3451,optimized_test_Stress_C_32_14,144.35822296142578,79.97615051269531,2329.9662170410156,1016.9761352539062,2019-08-05 13:50:15.810,2019-08-05 13:50:34.823,14,3571.276725769043,7142.553451538086,optxDahu9xng,19.013,178.56383628845214,optimized,test,Stress,C,32,optimized test
3515,optimized_test_Stress_C_32_15,144.29735565185547,80.26293182373047,2330.9515991210938,1017.6708984375,2019-08-05 13:50:37.827,2019-08-05 13:50:56.840,15,3573.1827850341797,7146.365570068359,optxDahu9xng,19.013,178.65913925170898,optimized,test,Stress,C,32,optimized test
3579,optimized_test_Stress_C_32_16,137.0157470703125,75.78500366210938,2218.0466918945312,964.202392578125,2019-08-05 13:50:59.844,2019-08-05 13:51:17.855,16,3395.049835205078,6790.099670410156,optxDahu9xng,18.011,178.68683343184622,optimized,test,Stress,C,32,optimized test
3640,optimized_test_Stress_C_32_17,144.0597686767578,80.11346435546875,2356.8748474121094,959.9095153808594,2019-08-05 13:51:20.860,2019-08-05 13:51:39.872,17,3540.9575958251953,7081.915191650391,optxDahu9xng,19.012,177.04787979125976,optimized,test,Stress,C,32,optimized test
3704,optimized_test_Stress_C_32_18,144.2063980102539,79.87652587890625,2333.5723266601562,1014.9798889160156,2019-08-05 13:51:42.876,2019-08-05 13:52:01.886,18,3572.635139465332,7145.270278930664,optxDahu9xng,19.01,178.6317569732666,optimized,test,Stress,C,32,optimized test
3768,optimized_test_Stress_C_32_19,144.59293365478516,79.84038543701172,2339.913055419922,1015.9607238769531,2019-08-05 13:52:04.891,2019-08-05 13:52:23.904,19,3580.307098388672,7160.614196777344,optxDahu9xng,19.013,179.0153549194336,optimized,test,Stress,C,32,optimized test
3832,optimized_test_Stress_C_32_20,144.76158905029297,79.7594223022461,2347.0265502929688,1017.2470397949219,2019-08-05 13:52:26.908,2019-08-05 13:52:45.920,20,3588.7946014404297,7177.589202880859,optxDahu9xng,19.012,179.4397300720215,optimized,test,Stress,C,32,optimized test
3896,optimized_test_Stress_B_1_1,144.9253158569336,79.86531829833984,1252.3460693359375,1018.1158752441406,2019-08-05 13:52:48.924,2019-08-05 13:53:07.937,1,2495.2525787353516,4990.505157470703,optxDahu9xng,19.013,124.76262893676758,optimized,test,Stress,B,1,optimized test
3960,optimized_test_Stress_B_1_2,137.46016693115234,75.53672790527344,1159.3104553222656,964.9472961425781,2019-08-05 13:53:10.941,2019-08-05 13:53:28.953,2,2337.2546463012695,4674.509292602539,optxDahu9xng,18.012,123.01340243690892,optimized,test,Stress,B,1,optimized test
4011,optimized_test_Stress_B_1_3,137.51201629638672,75.64156341552734,1154.99609375,964.822509765625,2019-08-05 13:53:32.957,2019-08-05 13:53:50.969,3,2332.972183227539,4665.944366455078,optxDahu9xng,18.012,122.78800964355469,optimized,test,Stress,B,1,optimized test
4084,optimized_test_Stress_B_1_4,144.64484405517578,80.05701446533203,1195.5209655761719,1015.1332702636719,2019-08-05 13:53:53.974,2019-08-05 13:54:12.986,4,2435.3560943603516,4870.712188720703,optxDahu9xng,19.012,121.76780471801757,optimized,test,Stress,B,1,optimized test
4149,optimized_test_Stress_B_1_5,144.53099060058594,80.09227752685547,1186.4091186523438,1015.1295776367188,2019-08-05 13:54:15.990,2019-08-05 13:54:34.999,5,2426.161964416504,4852.323928833008,optxDahu9xng,19.009,121.3080982208252,optimized,test,Stress,B,1,optimized test
4213,optimized_test_Stress_B_1_6,144.75247955322266,80.225830078125,1183.5968627929688,1016.567138671875,2019-08-05 13:54:38.004,2019-08-05 13:54:57.016,6,2425.1423110961914,4850.284622192383,optxDahu9xng,19.012,121.25711555480957,optimized,test,Stress,B,1,optimized test
4277,optimized_test_Stress_B_1_7,137.2268295288086,75.635498046875,1123.5694580078125,964.8394775390625,2019-08-05 13:55:00.020,2019-08-05 13:55:18.031,7,2301.2712631225586,4602.542526245117,optxDahu9xng,18.011,121.1195401643452,optimized,test,Stress,B,1,optimized test
4340,optimized_test_Stress_B_1_8,137.07742309570312,75.50425720214844,1116.3988342285156,964.6034240722656,2019-08-05 13:55:22.035,2019-08-05 13:55:40.046,8,2293.583938598633,4587.167877197266,optxDahu9xng,18.011,120.71494413677014,optimized,test,Stress,B,1,optimized test
4403,optimized_test_Stress_B_1_9,136.8611831665039,75.41590881347656,1092.8536682128906,962.0104675292969,2019-08-05 13:55:44.051,2019-08-05 13:56:02.062,9,2267.141227722168,4534.282455444336,optxDahu9xng,18.011,119.32322251169305,optimized,test,Stress,B,1,optimized test
4464,optimized_test_Stress_B_1_10,143.84075164794922,79.69805145263672,1147.924560546875,998.9959411621094,2019-08-05 13:56:05.066,2019-08-05 13:56:24.075,10,2370.4593048095703,4740.918609619141,optxDahu9xng,19.009,118.52296524047851,optimized,test,Stress,B,1,optimized test
4528,optimized_test_Stress_B_1_11,143.8038101196289,79.91192626953125,1149.1785583496094,1013.9897155761719,2019-08-05 13:56:27.080,2019-08-05 13:56:46.092,11,2386.8840103149414,4773.768020629883,optxDahu9xng,19.012,119.34420051574708,optimized,test,Stress,B,1,optimized test
4592,optimized_test_Stress_B_1_12,144.0900115966797,79.7567367553711,1151.74853515625,1012.2986755371094,2019-08-05 13:56:49.096,2019-08-05 13:57:08.109,12,2387.89395904541,4775.78791809082,optxDahu9xng,19.013,119.3946979522705,optimized,test,Stress,B,1,optimized test
4656,optimized_test_Stress_B_1_13,143.72933197021484,79.86698150634766,1151.8406066894531,1016.9212341308594,2019-08-05 13:57:11.112,2019-08-05 13:57:30.124,13,2392.358154296875,4784.71630859375,optxDahu9xng,19.012,119.61790771484375,optimized,test,Stress,B,1,optimized test
4720,optimized_test_Stress_B_1_14,136.1481704711914,75.70975494384766,1091.7980041503906,964.3253173828125,2019-08-05 13:57:33.128,2019-08-05 13:57:51.139,14,2267.981246948242,4535.962493896484,optxDahu9xng,18.011,119.36743404990749,optimized,test,Stress,B,1,optimized test
4783,optimized_test_Stress_B_1_15,136.13279724121094,75.93087768554688,1091.7946472167969,964.7809143066406,2019-08-05 13:57:55.143,2019-08-05 13:58:13.155,15,2268.6392364501953,4537.278472900391,optxDahu9xng,18.012,119.40206507632607,optimized,test,Stress,B,1,optimized test
4846,optimized_test_Stress_B_1_16,135.89835357666016,76.16739654541016,1092.2793579101562,964.8005981445312,2019-08-05 13:58:17.159,2019-08-05 13:58:35.171,16,2269.145706176758,4538.291412353516,optxDahu9xng,18.012,119.4287213777241,optimized,test,Stress,B,1,optimized test
4907,optimized_test_Stress_B_1_17,142.94011688232422,80.19793701171875,1148.0441589355469,1014.1494445800781,2019-08-05 13:58:38.175,2019-08-05 13:58:57.185,17,2385.331657409668,4770.663314819336,optxDahu9xng,19.01,119.2665828704834,optimized,test,Stress,B,1,optimized test
4971,optimized_test_Stress_B_1_18,142.92444610595703,80.37228393554688,1149.2401123046875,1015.2335510253906,2019-08-05 13:59:00.189,2019-08-05 13:59:19.201,18,2387.770393371582,4775.540786743164,optxDahu9xng,19.012,119.38851966857911,optimized,test,Stress,B,1,optimized test
5035,optimized_test_Stress_B_1_19,143.21395874023438,80.43517303466797,1150.6442565917969,1016.9186096191406,2019-08-05 13:59:22.206,2019-08-05 13:59:41.215,19,2391.21199798584,4782.42399597168,optxDahu9xng,19.009,119.56059989929199,optimized,test,Stress,B,1,optimized test
5099,optimized_test_Stress_B_1_20,143.38026428222656,80.16119384765625,1152.3787536621094,1018.5099182128906,2019-08-05 13:59:44.219,2019-08-05 14:00:03.232,20,2394.430130004883,4788.860260009766,optxDahu9xng,19.013,119.72150650024415,optimized,test,Stress,B,1,optimized test
41,normal_test_Stress_C_32_1,137.86942291259766,137.9380111694336,2101.4989318847656,1984.6979675292969,2019-08-05 13:26:09.720,2019-08-05 13:26:28.728,1,4362.004333496094,8724.008666992188,optxDahu29xng,19.008,218.1002166748047,normal,test,Stress,C,32,normal test
104,normal_test_Stress_C_32_2,137.65968322753906,138.45536041259766,1991.6780090332031,2100.441131591797,2019-08-05 13:26:31.733,2019-08-05 13:26:50.740,2,4368.234184265137,8736.468368530273,optxDahu29xng,19.007,218.41170921325684,normal,test,Stress,C,32,normal test
169,normal_test_Stress_C_32_3,137.99649810791016,138.63360595703125,2118.5436401367188,2090.9666442871094,2019-08-05 13:26:53.745,2019-08-05 13:27:12.753,3,4486.1403884887695,8972.280776977539,optxDahu29xng,19.008,224.30701942443847,normal,test,Stress,C,32,normal test
232,normal_test_Stress_C_32_4,131.02594757080078,131.2353973388672,2038.9725646972656,2002.67626953125,2019-08-05 13:27:15.759,2019-08-05 13:27:33.766,4,4303.910179138184,8607.820358276367,optxDahu29xng,18.007,226.52158837569388,normal,test,Stress,C,32,normal test
296,normal_test_Stress_C_32_5,130.91876220703125,131.63711547851562,1943.8215026855469,2033.0909729003906,2019-08-05 13:27:37.771,2019-08-05 13:27:55.779,5,4239.468353271484,8478.936706542969,optxDahu29xng,18.008,223.12991333007812,normal,test,Stress,C,32,normal test
358,normal_test_Stress_C_32_6,131.22314453125,131.6420669555664,2062.067138671875,1945.9294128417969,2019-08-05 13:27:59.784,2019-08-05 13:28:17.793,6,4270.861763000488,8541.723526000977,optxDahu29xng,18.009,224.78219805265726,normal,test,Stress,C,32,normal test
420,normal_test_Stress_C_32_7,138.10787963867188,138.4176788330078,2163.1146850585938,2035.961181640625,2019-08-05 13:28:20.799,2019-08-05 13:28:39.807,7,4475.601425170898,8951.202850341797,optxDahu29xng,19.008,223.78007125854492,normal,test,Stress,C,32,normal test
483,normal_test_Stress_C_32_8,138.06195068359375,138.63206481933594,2162.883575439453,2060.9386596679688,2019-08-05 13:28:42.812,2019-08-05 13:29:01.821,8,4500.516250610352,9001.032501220703,optxDahu29xng,19.009,225.02581253051758,normal,test,Stress,C,32,normal test
547,normal_test_Stress_C_32_9,138.30899047851562,137.3412857055664,2171.4121704101562,1977.9087829589844,2019-08-05 13:29:04.826,2019-08-05 13:29:23.835,9,4424.971229553223,8849.942459106445,optxDahu29xng,19.009,221.24856147766113,normal,test,Stress,C,32,normal test
611,normal_test_Stress_C_32_10,137.95919036865234,138.5198516845703,2030.9047241210938,2128.7611694335938,2019-08-05 13:29:26.840,2019-08-05 13:29:45.849,10,4436.14493560791,8872.28987121582,optxDahu29xng,19.009,221.8072467803955,normal,test,Stress,C,32,normal test
675,normal_test_Stress_C_32_11,138.49154663085938,138.56888580322266,2174.46826171875,2142.9849853515625,2019-08-05 13:29:48.855,2019-08-05 13:30:07.863,11,4594.5136795043945,9189.027359008789,optxDahu29xng,19.008,229.72568397521974,normal,test,Stress,C,32,normal test
740,normal_test_Stress_C_32_12,138.78973388671875,138.87752532958984,2185.7158813476562,2054.9867553710938,2019-08-05 13:30:10.868,2019-08-05 13:30:29.877,12,4518.369895935059,9036.739791870117,optxDahu29xng,19.009,225.91849479675292,normal,test,Stress,C,32,normal test
804,normal_test_Stress_C_32_13,138.84650421142578,138.51451873779297,2208.6734313964844,2020.9086608886719,2019-08-05 13:30:32.881,2019-08-05 13:30:51.890,13,4506.943115234375,9013.88623046875,optxDahu29xng,19.009,225.34715576171874,normal,test,Stress,C,32,normal test
867,normal_test_Stress_C_32_14,138.6886444091797,138.92015838623047,2203.5626220703125,2069.6543579101562,2019-08-05 13:30:54.895,2019-08-05 13:31:13.904,14,4550.825782775879,9101.651565551758,optxDahu29xng,19.009,227.54128913879396,normal,test,Stress,C,32,normal test
932,normal_test_Stress_C_32_15,138.80547332763672,138.9610137939453,2171.2468872070312,2133.9707946777344,2019-08-05 13:31:16.909,2019-08-05 13:31:35.918,15,4582.984169006348,9165.968338012695,optxDahu29xng,19.009,229.1492084503174,normal,test,Stress,C,32,normal test
996,normal_test_Stress_C_32_16,131.73516082763672,131.42579650878906,2000.1116943359375,2055.8930053710938,2019-08-05 13:31:38.925,2019-08-05 13:31:56.933,16,4319.165657043457,8638.331314086914,optxDahu29xng,18.008,227.3245082654451,normal,test,Stress,C,32,normal test
1058,normal_test_Stress_C_32_17,131.8269271850586,131.56253051757812,2021.9328308105469,2061.188446044922,2019-08-05 13:32:00.938,2019-08-05 13:32:18.947,17,4346.5107345581055,8693.021469116211,optxDahu29xng,18.009,228.76372287147925,normal,test,Stress,C,32,normal test
1121,normal_test_Stress_C_32_18,131.62444305419922,131.78831481933594,1988.6566772460938,2061.871856689453,2019-08-05 13:32:22.951,2019-08-05 13:32:40.960,18,4313.941291809082,8627.882583618164,optxDahu29xng,18.009,227.0495416741622,normal,test,Stress,C,32,normal test
1184,normal_test_Stress_C_32_19,131.92902374267578,131.77159118652344,2110.6351318359375,1951.9202880859375,2019-08-05 13:32:44.966,2019-08-05 13:33:02.975,19,4326.256034851074,8652.512069702148,optxDahu29xng,18.009,227.6976860447934,normal,test,Stress,C,32,normal test
1248,normal_test_Stress_C_32_20,131.9327621459961,131.6622314453125,2103.920867919922,1937.5198364257812,2019-08-05 13:33:06.979,2019-08-05 13:33:24.988,20,4305.035697937012,8610.071395874023,optxDahu29xng,18.009,226.58082620721115,normal,test,Stress,C,32,normal test
1311,normal_test_Stress_B_1_1,131.9693603515625,70.5450439453125,1137.6224060058594,906.2042236328125,2019-08-05 13:33:28.992,2019-08-05 13:33:47.007,1,2246.341033935547,4492.682067871094,optxDahu29xng,18.015,118.22847547029194,normal,test,Stress,B,1,normal test
1374,normal_test_Stress_B_1_2,71.56262969970703,130.80056762695312,929.2969360351562,1104.9471740722656,2019-08-05 13:33:51.017,2019-08-05 13:34:09.032,2,2236.607307434082,4473.214614868164,optxDahu29xng,18.015,117.71617407547801,normal,test,Stress,B,1,normal test
1437,normal_test_Stress_B_1_3,71.45893096923828,130.80171966552734,913.6889953613281,1100.8369445800781,2019-08-05 13:34:13.037,2019-08-05 13:34:31.052,3,2216.786590576172,4433.573181152344,optxDahu29xng,18.015,116.67297845137746,normal,test,Stress,B,1,normal test
1500,normal_test_Stress_B_1_4,131.96067810058594,69.9609603881836,1097.3674621582031,897.888916015625,2019-08-05 13:34:35.057,2019-08-05 13:34:53.072,4,2197.1780166625977,4394.356033325195,optxDahu29xng,18.015,115.64094824539988,normal,test,Stress,B,1,normal test
1563,normal_test_Stress_B_1_5,71.54304504394531,130.3722915649414,920.0402221679688,1114.480712890625,2019-08-05 13:34:57.077,2019-08-05 13:35:15.090,5,2236.4362716674805,4472.872543334961,optxDahu29xng,18.013,117.70717219302529,normal,test,Stress,B,1,normal test
1624,normal_test_Stress_B_1_6,138.72774505615234,74.27013397216797,1174.9534606933594,1034.1818237304688,2019-08-05 13:35:18.095,2019-08-05 13:35:37.109,6,2422.1331634521484,4844.266326904297,optxDahu29xng,19.014,121.10665817260742,normal,test,Stress,B,1,normal test
1688,normal_test_Stress_B_1_7,75.39714050292969,137.59529876708984,973.8396606445312,1163.6668395996094,2019-08-05 13:35:40.114,2019-08-05 13:35:59.128,7,2350.49893951416,4700.99787902832,optxDahu29xng,19.014,117.524946975708,normal,test,Stress,B,1,normal test
1752,normal_test_Stress_B_1_8,138.8526840209961,74.00548553466797,1160.1959838867188,945.2854919433594,2019-08-05 13:36:02.133,2019-08-05 13:36:21.146,8,2318.339645385742,4636.679290771484,optxDahu29xng,19.013,115.9169822692871,normal,test,Stress,B,1,normal test
1815,normal_test_Stress_B_1_9,75.16141510009766,137.38270568847656,953.6700439453125,1131.7333068847656,2019-08-05 13:36:24.150,2019-08-05 13:36:43.165,9,2297.9474716186523,4595.894943237305,optxDahu29xng,19.015,114.89737358093262,normal,test,Stress,B,1,normal test
1880,normal_test_Stress_B_1_10,138.38257598876953,73.84255981445312,1160.454833984375,960.58447265625,2019-08-05 13:36:46.170,2019-08-05 13:37:05.186,10,2333.2644424438477,4666.528884887695,optxDahu29xng,19.016,116.66322212219238,normal,test,Stress,B,1,normal test
1946,normal_test_Stress_B_1_11,131.61280059814453,70.01158142089844,1079.1676635742188,919.8016967773438,2019-08-05 13:37:09.191,2019-08-05 13:37:27.204,11,2200.5937423706055,4401.187484741211,optxDahu29xng,18.013,115.82072328266345,normal,test,Stress,B,1,normal test
2009,normal_test_Stress_B_1_12,70.8143539428711,130.23192596435547,897.3251342773438,1074.2059326171875,2019-08-05 13:37:31.209,2019-08-05 13:37:49.224,12,2172.577346801758,4345.154693603516,optxDahu29xng,18.015,114.34617614746094,normal,test,Stress,B,1,normal test
2072,normal_test_Stress_B_1_13,138.7851104736328,73.74700927734375,1141.301513671875,956.4682922363281,2019-08-05 13:37:53.230,2019-08-05 13:38:12.244,13,2310.3019256591797,4620.603851318359,optxDahu29xng,19.014,115.51509628295898,normal,test,Stress,B,1,normal test
2136,normal_test_Stress_B_1_14,138.18073272705078,73.47129821777344,1104.36328125,918.81640625,2019-08-05 13:38:15.249,2019-08-05 13:38:34.262,14,2234.831718444824,4469.663436889648,optxDahu29xng,19.013,111.74158592224121,normal,test,Stress,B,1,normal test
2202,normal_test_Stress_B_1_15,138.74314880371094,73.77134704589844,1153.7126159667969,913.1648559570312,2019-08-05 13:38:38.267,2019-08-05 13:38:57.283,15,2279.3919677734375,4558.783935546875,optxDahu29xng,19.016,113.96959838867187,normal,test,Stress,B,1,normal test
2266,normal_test_Stress_B_1_16,138.4127960205078,74.14737701416016,1156.8347473144531,953.0611267089844,2019-08-05 13:39:00.288,2019-08-05 13:39:19.303,16,2322.4560470581055,4644.912094116211,optxDahu29xng,19.015,116.12280235290527,normal,test,Stress,B,1,normal test
2332,normal_test_Stress_B_1_17,74.80525207519531,137.9902114868164,953.4838256835938,1141.7679748535156,2019-08-05 13:39:23.308,2019-08-05 13:39:42.325,17,2308.047264099121,4616.094528198242,optxDahu29xng,19.017,115.40236320495606,normal,test,Stress,B,1,normal test
2396,normal_test_Stress_B_1_18,74.644287109375,137.54253387451172,938.3507690429688,1127.63671875,2019-08-05 13:39:45.329,2019-08-05 13:40:04.342,18,2278.1743087768555,4556.348617553711,optxDahu29xng,19.013,113.90871543884278,normal,test,Stress,B,1,normal test
2459,normal_test_Stress_B_1_19,74.8783950805664,137.2834014892578,940.6667175292969,1126.6856079101562,2019-08-05 13:40:07.348,2019-08-05 13:40:26.361,19,2279.5141220092773,4559.028244018555,optxDahu29xng,19.013,113.97570610046387,normal,test,Stress,B,1,normal test
2526,normal_test_Stress_B_1_20,70.61341857910156,130.349853515625,897.9210205078125,1076.2082824707031,2019-08-05 13:40:30.367,2019-08-05 13:40:48.381,20,2175.092575073242,4350.185150146484,optxDahu29xng,18.014,114.47855658280223,normal,test,Stress,B,1,normal test
2614,optimized_test_Stress_C_32_1,137.53376007080078,76.09496307373047,2245.5699462890625,1044.4921569824219,2019-08-05 13:46:15.309,2019-08-05 13:46:34.320,1,3503.6908264160156,7007.381652832031,optxDahu29xng,19.011,175.18454132080078,optimized,test,Stress,C,32,optimized test
2677,optimized_test_Stress_C_32_2,137.92049407958984,75.92741394042969,2273.359100341797,1035.5382995605469,2019-08-05 13:46:37.324,2019-08-05 13:46:56.337,2,3522.7453079223633,7045.490615844727,optxDahu29xng,19.013,176.13726539611815,optimized,test,Stress,C,32,optimized test
2741,optimized_test_Stress_C_32_3,138.10777282714844,75.85884857177734,2284.2255249023438,1036.4089050292969,2019-08-05 13:46:59.341,2019-08-05 13:47:18.350,3,3534.6010513305664,7069.202102661133,optxDahu29xng,19.009,176.73005256652831,optimized,test,Stress,C,32,optimized test
2806,optimized_test_Stress_C_32_4,138.51528930664062,75.96876525878906,2316.1566162109375,1038.5906066894531,2019-08-05 13:47:21.355,2019-08-05 13:47:40.367,4,3569.2312774658203,7138.462554931641,optxDahu29xng,19.012,178.46156387329103,optimized,test,Stress,C,32,optimized test
2869,optimized_test_Stress_C_32_5,138.4656524658203,76.43514251708984,2316.1591796875,1067.6988525390625,2019-08-05 13:47:43.371,2019-08-05 13:48:02.383,5,3598.7588272094727,7197.517654418945,optxDahu29xng,19.012,179.93794136047364,optimized,test,Stress,C,32,optimized test
2933,optimized_test_Stress_C_32_6,138.38208770751953,76.35066223144531,2327.8704528808594,1047.6877746582031,2019-08-05 13:48:05.387,2019-08-05 13:48:24.399,6,3590.2909774780273,7180.581954956055,optxDahu29xng,19.012,179.51454887390136,optimized,test,Stress,C,32,optimized test
2997,optimized_test_Stress_C_32_7,131.35667419433594,72.35164642333984,2212.176544189453,987.5426635742188,2019-08-05 13:48:27.403,2019-08-05 13:48:45.414,7,3403.4275283813477,6806.855056762695,optxDahu29xng,18.011,179.12776465164987,optimized,test,Stress,C,32,optimized test
3060,optimized_test_Stress_C_32_8,131.40011596679688,71.92743682861328,2228.7249450683594,992.7541809082031,2019-08-05 13:48:49.419,2019-08-05 13:49:07.429,8,3424.8066787719727,6849.613357543945,optxDahu29xng,18.01,180.25298309326172,optimized,test,Stress,C,32,optimized test
3123,optimized_test_Stress_C_32_9,131.57594299316406,72.01850128173828,2225.031768798828,1011.4115295410156,2019-08-05 13:49:11.434,2019-08-05 13:49:29.445,9,3440.037742614746,6880.075485229492,optxDahu29xng,18.011,181.05461803235505,optimized,test,Stress,C,32,optimized test
3185,optimized_test_Stress_C_32_10,138.4419403076172,75.96849060058594,2329.7855224609375,1054.9703369140625,2019-08-05 13:49:32.449,2019-08-05 13:49:51.466,10,3599.166290283203,7198.332580566406,optxDahu29xng,19.017,179.95831451416015,optimized,test,Stress,C,32,optimized test
3248,optimized_test_Stress_C_32_11,138.5994644165039,75.71810913085938,2348.2710876464844,1059.1978759765625,2019-08-05 13:49:54.470,2019-08-05 13:50:13.482,11,3621.78653717041,7243.57307434082,optxDahu29xng,19.012,181.0893268585205,optimized,test,Stress,C,32,optimized test
3313,optimized_test_Stress_C_32_12,138.66644287109375,75.9300765991211,2348.0416870117188,1077.2611083984375,2019-08-05 13:50:16.486,2019-08-05 13:50:35.501,12,3639.899314880371,7279.798629760742,optxDahu29xng,19.015,181.99496574401854,optimized,test,Stress,C,32,optimized test
3376,optimized_test_Stress_C_32_13,138.93647003173828,75.83795928955078,2360.486328125,1066.389892578125,2019-08-05 13:50:38.506,2019-08-05 13:50:57.518,13,3641.650650024414,7283.301300048828,optxDahu29xng,19.012,182.0825325012207,optimized,test,Stress,C,32,optimized test
3440,optimized_test_Stress_C_32_14,138.8211212158203,76.18267822265625,2357.748565673828,1058.7930603027344,2019-08-05 13:51:00.522,2019-08-05 13:51:19.532,14,3631.545425415039,7263.090850830078,optxDahu29xng,19.01,181.57727127075196,optimized,test,Stress,C,32,optimized test
3504,optimized_test_Stress_C_32_15,138.79862213134766,76.40550231933594,2354.166259765625,1054.8490600585938,2019-08-05 13:51:22.537,2019-08-05 13:51:41.549,15,3624.2194442749023,7248.438888549805,optxDahu29xng,19.012,181.21097221374512,optimized,test,Stress,C,32,optimized test
3569,optimized_test_Stress_C_32_16,138.74312591552734,76.47785949707031,2355.5066833496094,1051.302490234375,2019-08-05 13:51:44.554,2019-08-05 13:52:03.564,16,3622.030158996582,7244.060317993164,optxDahu29xng,19.01,181.1015079498291,optimized,test,Stress,C,32,optimized test
3632,optimized_test_Stress_C_32_17,138.7417984008789,76.51441192626953,2353.1983947753906,1044.4920349121094,2019-08-05 13:52:06.569,2019-08-05 13:52:25.580,17,3612.9466400146484,7225.893280029297,optxDahu29xng,19.011,180.64733200073243,optimized,test,Stress,C,32,optimized test
3698,optimized_test_Stress_C_32_18,131.95411682128906,72.34126281738281,2248.601043701172,993.306884765625,2019-08-05 13:52:29.584,2019-08-05 13:52:47.595,18,3446.2033081054688,6892.4066162109375,optxDahu29xng,18.011,181.3791214792352,optimized,test,Stress,C,32,optimized test
3761,optimized_test_Stress_C_32_19,131.97986602783203,72.30400085449219,2248.5618286132812,992.5318603515625,2019-08-05 13:52:51.600,2019-08-05 13:53:09.611,19,3445.377555847168,6890.755111694336,optxDahu29xng,18.011,181.33566083406149,optimized,test,Stress,C,32,optimized test
3824,optimized_test_Stress_C_32_20,132.02167510986328,72.42957305908203,2248.1876525878906,999.5752258300781,2019-08-05 13:53:13.616,2019-08-05 13:53:31.627,20,3452.214126586914,6904.428253173828,optxDahu29xng,18.011,181.6954803466797,optimized,test,Stress,C,32,optimized test
3866,optimized_test_Stress_B_1_1,132.01102447509766,71.8365249633789,1197.4324035644531,1030.4335327148438,2019-08-05 13:53:35.632,2019-08-05 13:53:53.643,1,2431.7134857177734,4863.426971435547,optxDahu29xng,18.011,127.98492030093544,optimized,test,Stress,B,1,optimized test
3951,optimized_test_Stress_B_1_2,139.1670684814453,75.93656921386719,1231.1701049804688,1077.8551635742188,2019-08-05 13:53:57.647,2019-08-05 13:54:16.659,2,2524.12890625,5048.2578125,optxDahu29xng,19.012,126.2064453125,optimized,test,Stress,B,1,optimized test
4015,optimized_test_Stress_B_1_3,139.23890686035156,75.92516326904297,1226.7079162597656,1076.9080810546875,2019-08-05 13:54:19.663,2019-08-05 13:54:38.672,3,2518.7800674438477,5037.560134887695,optxDahu29xng,19.009,125.93900337219239,optimized,test,Stress,B,1,optimized test
4079,optimized_test_Stress_B_1_4,139.20389556884766,75.47286987304688,1198.4392700195312,1100.0382995605469,2019-08-05 13:54:41.676,2019-08-05 13:55:00.688,4,2513.1543350219727,5026.308670043945,optxDahu29xng,19.012,125.65771675109863,optimized,test,Stress,B,1,optimized test
4143,optimized_test_Stress_B_1_5,131.96261596679688,71.4280014038086,1136.3820190429688,1044.779052734375,2019-08-05 13:55:03.692,2019-08-05 13:55:21.704,5,2384.551689147949,4769.103378295898,optxDahu29xng,18.012,125.50272048147102,optimized,test,Stress,B,1,optimized test
4206,optimized_test_Stress_B_1_6,139.12065887451172,75.45037841796875,1196.5657653808594,1070.323486328125,2019-08-05 13:55:25.708,2019-08-05 13:55:44.717,6,2481.460289001465,4962.92057800293,optxDahu29xng,19.009,124.07301445007325,optimized,test,Stress,B,1,optimized test
4270,optimized_test_Stress_B_1_7,138.93360900878906,75.63775634765625,1195.3375854492188,1095.2633056640625,2019-08-05 13:55:47.722,2019-08-05 13:56:06.733,7,2505.1722564697266,5010.344512939453,optxDahu29xng,19.011,125.25861282348633,optimized,test,Stress,B,1,optimized test
4334,optimized_test_Stress_B_1_8,138.65553283691406,75.98778533935547,1193.9082946777344,1069.2392578125,2019-08-05 13:56:09.738,2019-08-05 13:56:28.746,8,2477.790870666504,4955.581741333008,optxDahu29xng,19.008,123.8895435333252,optimized,test,Stress,B,1,optimized test
4398,optimized_test_Stress_B_1_9,138.3768310546875,76.01828002929688,1191.5169677734375,1098.2849731445312,2019-08-05 13:56:31.750,2019-08-05 13:56:50.760,9,2504.197052001953,5008.394104003906,optxDahu29xng,19.01,125.20985260009766,optimized,test,Stress,B,1,optimized test
4461,optimized_test_Stress_B_1_10,138.45166015625,76.20934295654297,1190.6086120605469,1087.9112548828125,2019-08-05 13:56:53.764,2019-08-05 13:57:12.775,10,2493.1808700561523,4986.361740112305,optxDahu29xng,19.011,124.65904350280762,optimized,test,Stress,B,1,optimized test
4528,optimized_test_Stress_B_1_11,131.71353912353516,71.9410400390625,1132.5258178710938,1044.7433166503906,2019-08-05 13:57:16.780,2019-08-05 13:57:34.791,11,2380.923713684082,4761.847427368164,optxDahu29xng,18.011,125.31177440442536,optimized,test,Stress,B,1,optimized test
4591,optimized_test_Stress_B_1_12,138.7203826904297,76.0030517578125,1196.0162353515625,1071.1189575195312,2019-08-05 13:57:38.796,2019-08-05 13:57:57.808,12,2481.858627319336,4963.717254638672,optxDahu29xng,19.012,124.09293136596679,optimized,test,Stress,B,1,optimized test
4655,optimized_test_Stress_B_1_13,138.87557220458984,75.99678802490234,1192.4669189453125,1097.0316772460938,2019-08-05 13:58:00.812,2019-08-05 13:58:19.823,13,2504.3709564208984,5008.741912841797,optxDahu29xng,19.011,125.21854782104492,optimized,test,Stress,B,1,optimized test
4719,optimized_test_Stress_B_1_14,138.59468841552734,75.78799438476562,1194.2113342285156,1087.8797912597656,2019-08-05 13:58:22.828,2019-08-05 13:58:41.837,14,2496.473808288574,4992.947616577148,optxDahu29xng,19.009,124.82369041442871,optimized,test,Stress,B,1,optimized test
4783,optimized_test_Stress_B_1_15,138.4114990234375,75.95082092285156,1171.0072937011719,1077.5942993164062,2019-08-05 13:58:44.841,2019-08-05 13:59:03.854,15,2462.963912963867,4925.927825927734,optxDahu29xng,19.013,123.14819564819337,optimized,test,Stress,B,1,optimized test
4847,optimized_test_Stress_B_1_16,138.33318328857422,75.95092010498047,1186.0657958984375,1093.8069763183594,2019-08-05 13:59:06.858,2019-08-05 13:59:25.867,16,2494.1568756103516,4988.313751220703,optxDahu29xng,19.009,124.70784378051758,optimized,test,Stress,B,1,optimized test
4911,optimized_test_Stress_B_1_17,138.10616302490234,75.97711181640625,1181.9751281738281,1096.5493469238281,2019-08-05 13:59:28.871,2019-08-05 13:59:47.883,17,2492.607749938965,4985.21549987793,optxDahu29xng,19.012,124.63038749694825,optimized,test,Stress,B,1,optimized test
4976,optimized_test_Stress_B_1_18,131.35960388183594,71.68663024902344,1107.7367248535156,1043.2433776855469,2019-08-05 13:59:51.887,2019-08-05 14:00:09.899,18,2354.026336669922,4708.052673339844,optxDahu29xng,18.012,123.89612298262746,optimized,test,Stress,B,1,optimized test
5040,optimized_test_Stress_B_1_19,131.38682556152344,71.7506103515625,1112.0855102539062,1042.4509582519531,2019-08-05 14:00:13.903,2019-08-05 14:00:31.915,19,2357.6739044189453,4715.347808837891,optxDahu29xng,18.012,124.08810023257607,optimized,test,Stress,B,1,optimized test
5103,optimized_test_Stress_B_1_20,131.44840240478516,71.5533218383789,1107.9224548339844,1045.1778259277344,2019-08-05 14:00:35.919,2019-08-05 14:00:53.930,20,2356.102005004883,4712.204010009766,optxDahu29xng,18.011,124.00536868446751,optimized,test,Stress,B,1,optimized test
114,normal_test_Stress_C_32_1,157.0590057373047,131.81298065185547,2233.5951538085938,1971.2412414550781,2019-08-05 13:27:38.936,2019-08-05 13:27:57.944,1,4493.708381652832,8987.416763305664,optxDahu6xng,19.008,224.6854190826416,normal,test,Stress,C,32,normal test
179,normal_test_Stress_C_32_2,149.29169464111328,125.18560791015625,2179.0911254882812,1869.519775390625,2019-08-05 13:28:00.949,2019-08-05 13:28:18.956,2,4323.088203430176,8646.176406860352,optxDahu6xng,18.007,227.53095807527242,normal,test,Stress,C,32,normal test
242,normal_test_Stress_C_32_3,148.63982391357422,125.40966033935547,2113.9270629882812,1883.427001953125,2019-08-05 13:28:22.964,2019-08-05 13:28:40.971,3,4271.403549194336,8542.807098388672,optxDahu6xng,18.007,224.81071311549135,normal,test,Stress,C,32,normal test
302,normal_test_Stress_C_32_4,155.88761138916016,131.6455307006836,2293.7544860839844,1982.4148254394531,2019-08-05 13:28:43.976,2019-08-05 13:29:02.984,4,4563.702453613281,9127.404907226562,optxDahu6xng,19.008,228.18512268066405,normal,test,Stress,C,32,normal test
367,normal_test_Stress_C_32_5,157.1514434814453,131.97381591796875,2342.6416625976562,1961.8160095214844,2019-08-05 13:29:05.988,2019-08-05 13:29:24.996,5,4593.582931518555,9187.16586303711,optxDahu6xng,19.008,229.67914657592775,normal,test,Stress,C,32,normal test
430,normal_test_Stress_C_32_6,157.40221405029297,131.92678833007812,2257.7020874023438,1997.8389892578125,2019-08-05 13:29:28.001,2019-08-05 13:29:47.009,6,4544.870079040527,9089.740158081055,optxDahu6xng,19.008,227.24350395202637,normal,test,Stress,C,32,normal test
495,normal_test_Stress_C_32_7,157.28067779541016,132.1513671875,2351.6195373535156,1965.3518981933594,2019-08-05 13:29:50.014,2019-08-05 13:30:09.022,7,4606.403480529785,9212.80696105957,optxDahu6xng,19.008,230.32017402648927,normal,test,Stress,C,32,normal test
558,normal_test_Stress_C_32_8,158.23297882080078,131.5362777709961,2251.6805419921875,1974.1460266113281,2019-08-05 13:30:12.026,2019-08-05 13:30:31.034,8,4515.5958251953125,9031.191650390625,optxDahu6xng,19.008,225.77979125976563,normal,test,Stress,C,32,normal test
622,normal_test_Stress_C_32_9,158.55288696289062,132.51457977294922,2253.2225952148438,1999.2239990234375,2019-08-05 13:30:34.038,2019-08-05 13:30:53.046,9,4543.514060974121,9087.028121948242,optxDahu6xng,19.008,227.17570304870605,normal,test,Stress,C,32,normal test
686,normal_test_Stress_C_32_10,159.0792694091797,132.7789535522461,2289.2650146484375,1988.7160034179688,2019-08-05 13:30:56.051,2019-08-05 13:31:15.059,10,4569.839241027832,9139.678482055664,optxDahu6xng,19.008,228.4919620513916,normal,test,Stress,C,32,normal test
751,normal_test_Stress_C_32_11,159.48558807373047,133.20596313476562,2352.407470703125,1967.8255615234375,2019-08-05 13:31:18.064,2019-08-05 13:31:37.072,11,4612.924583435059,9225.849166870117,optxDahu6xng,19.008,230.64622917175294,normal,test,Stress,C,32,normal test
814,normal_test_Stress_C_32_12,160.31595611572266,132.9632568359375,2379.349639892578,1874.3992614746094,2019-08-05 13:31:40.077,2019-08-05 13:31:59.085,12,4547.028114318848,9094.056228637695,optxDahu6xng,19.008,227.35140571594238,normal,test,Stress,C,32,normal test
878,normal_test_Stress_C_32_13,160.49407958984375,132.82064056396484,2381.923370361328,1874.2521362304688,2019-08-05 13:32:02.090,2019-08-05 13:32:21.098,13,4549.4902267456055,9098.980453491211,optxDahu6xng,19.008,227.47451133728026,normal,test,Stress,C,32,normal test
942,normal_test_Stress_C_32_14,160.42070770263672,133.24138641357422,2286.4159545898438,2007.0516967773438,2019-08-05 13:32:24.103,2019-08-05 13:32:43.112,14,4587.129745483398,9174.259490966797,optxDahu6xng,19.009,229.35648727416992,normal,test,Stress,C,32,normal test
1006,normal_test_Stress_C_32_15,160.21157836914062,133.3816146850586,2294.7683715820312,2007.5265197753906,2019-08-05 13:32:46.116,2019-08-05 13:33:05.125,15,4595.888084411621,9191.776168823242,optxDahu6xng,19.009,229.79440422058104,normal,test,Stress,C,32,normal test
1070,normal_test_Stress_C_32_16,152.21250915527344,126.24673461914062,2258.3546142578125,1790.0797424316406,2019-08-05 13:33:08.131,2019-08-05 13:33:26.138,16,4326.893600463867,8653.787200927734,optxDahu6xng,18.007,227.7312421296772,normal,test,Stress,C,32,normal test
1133,normal_test_Stress_C_32_17,152.74164581298828,126.23975372314453,2196.2960205078125,1899.2421569824219,2019-08-05 13:33:30.143,2019-08-05 13:33:48.151,17,4374.519577026367,8749.039154052734,optxDahu6xng,18.008,230.23787247507195,normal,test,Stress,C,32,normal test
1196,normal_test_Stress_C_32_18,152.6669692993164,126.39447784423828,2212.493377685547,1898.3606567382812,2019-08-05 13:33:52.154,2019-08-05 13:34:10.161,18,4389.915481567383,8779.830963134766,optxDahu6xng,18.007,231.04818324038857,normal,test,Stress,C,32,normal test
1259,normal_test_Stress_C_32_19,152.54024505615234,126.31454467773438,2148.5084533691406,1891.7758178710938,2019-08-05 13:34:14.167,2019-08-05 13:34:32.174,19,4319.139060974121,8638.278121948242,optxDahu6xng,18.007,227.32310847232216,normal,test,Stress,C,32,normal test
1319,normal_test_Stress_C_32_20,160.4578628540039,132.96292114257812,2253.804229736328,2001.9891662597656,2019-08-05 13:34:35.178,2019-08-05 13:34:54.186,20,4549.214179992676,9098.428359985352,optxDahu6xng,19.008,227.4607089996338,normal,test,Stress,C,32,normal test
1384,normal_test_Stress_B_1_1,98.8143539428711,132.52249145507812,1172.6284484863281,1073.9434204101562,2019-08-05 13:34:57.190,2019-08-05 13:35:16.202,1,2477.9087142944336,4955.817428588867,optxDahu6xng,19.012,123.89543571472169,normal,test,Stress,B,1,normal test
1449,normal_test_Stress_B_1_2,98.48705291748047,132.0591049194336,1135.3398742675781,1074.0222473144531,2019-08-05 13:35:19.206,2019-08-05 13:35:38.220,2,2439.9082794189453,4879.816558837891,optxDahu6xng,19.014,121.99541397094727,normal,test,Stress,B,1,normal test
1513,normal_test_Stress_B_1_3,98.83384704589844,131.76663970947266,1063.8889465332031,1059.1487121582031,2019-08-05 13:35:41.224,2019-08-05 13:36:00.235,3,2353.6381454467773,4707.276290893555,optxDahu6xng,19.011,117.68190727233886,normal,test,Stress,B,1,normal test
1577,normal_test_Stress_B_1_4,99.01724243164062,131.96150970458984,1055.1065673828125,1061.1207580566406,2019-08-05 13:36:03.240,2019-08-05 13:36:22.254,4,2347.2060775756836,4694.412155151367,optxDahu6xng,19.014,117.36030387878418,normal,test,Stress,B,1,normal test
1641,normal_test_Stress_B_1_5,162.42294311523438,69.7323989868164,1297.675537109375,930.7222900390625,2019-08-05 13:36:25.259,2019-08-05 13:36:44.271,5,2460.5531692504883,4921.106338500977,optxDahu6xng,19.012,123.02765846252441,normal,test,Stress,B,1,normal test
1705,normal_test_Stress_B_1_6,162.40069580078125,69.52606201171875,1270.7900695800781,886.4721069335938,2019-08-05 13:36:47.275,2019-08-05 13:37:06.289,6,2389.188934326172,4778.377868652344,optxDahu6xng,19.014,119.45944671630859,normal,test,Stress,B,1,normal test
1769,normal_test_Stress_B_1_7,153.84535217285156,65.82121276855469,1207.8443298339844,830.2605590820312,2019-08-05 13:37:09.295,2019-08-05 13:37:27.308,7,2257.771453857422,4515.542907714844,optxDahu6xng,18.013,118.83007651881168,normal,test,Stress,B,1,normal test
1832,normal_test_Stress_B_1_8,153.82330322265625,66.00020599365234,1204.5820007324219,829.1636352539062,2019-08-05 13:37:31.314,2019-08-05 13:37:49.327,8,2253.5691452026367,4507.138290405273,optxDahu6xng,18.013,118.60890237908615,normal,test,Stress,B,1,normal test
1895,normal_test_Stress_B_1_9,98.65799713134766,132.04417419433594,1049.6174621582031,1044.4501647949219,2019-08-05 13:37:53.333,2019-08-05 13:38:12.347,9,2324.7697982788086,4649.539596557617,optxDahu6xng,19.014,116.23848991394043,normal,test,Stress,B,1,normal test
1959,normal_test_Stress_B_1_10,161.32003021240234,70.09342956542969,1261.0537719726562,894.632080078125,2019-08-05 13:38:15.352,2019-08-05 13:38:34.363,10,2387.0993118286133,4774.198623657227,optxDahu6xng,19.011,119.35496559143067,normal,test,Stress,B,1,normal test
2025,normal_test_Stress_B_1_11,153.35143280029297,66.11212921142578,1202.5476989746094,829.1111450195312,2019-08-05 13:38:38.367,2019-08-05 13:38:56.380,11,2251.1224060058594,4502.244812011719,optxDahu6xng,18.013,118.48012663188733,normal,test,Stress,B,1,normal test
2088,normal_test_Stress_B_1_12,161.46653747558594,69.47144317626953,1284.8936767578125,939.3089599609375,2019-08-05 13:39:00.396,2019-08-05 13:39:19.406,12,2455.1406173706055,4910.281234741211,optxDahu6xng,19.01,122.75703086853028,normal,test,Stress,B,1,normal test
2154,normal_test_Stress_B_1_13,153.26092529296875,65.65042877197266,1202.743896484375,832.3202819824219,2019-08-05 13:39:23.411,2019-08-05 13:39:41.424,13,2253.9755325317383,4507.951065063477,optxDahu6xng,18.013,118.63029118588096,normal,test,Stress,B,1,normal test
2216,normal_test_Stress_B_1_14,97.83966827392578,131.37247467041016,1046.2655639648438,1054.6295776367188,2019-08-05 13:39:45.430,2019-08-05 13:40:04.444,14,2330.1072845458984,4660.214569091797,optxDahu6xng,19.014,116.50536422729492,normal,test,Stress,B,1,normal test
2281,normal_test_Stress_B_1_15,160.61458587646484,69.22301483154297,1244.0851135253906,870.0150756835938,2019-08-05 13:40:07.449,2019-08-05 13:40:26.460,15,2343.937789916992,4687.875579833984,optxDahu6xng,19.011,117.1968894958496,normal,test,Stress,B,1,normal test
2345,normal_test_Stress_B_1_16,97.52574920654297,131.4531478881836,1062.4754943847656,1059.519775390625,2019-08-05 13:40:29.464,2019-08-05 13:40:48.475,16,2350.974166870117,4701.948333740234,optxDahu6xng,19.011,117.54870834350587,normal,test,Stress,B,1,normal test
2408,normal_test_Stress_B_1_17,96.92023468017578,131.11475372314453,1023.985595703125,1048.3581848144531,2019-08-05 13:40:51.479,2019-08-05 13:41:10.494,17,2300.3787689208984,4600.757537841797,optxDahu6xng,19.015,115.01893844604493,normal,test,Stress,B,1,normal test
2473,normal_test_Stress_B_1_18,159.6081314086914,69.43373107910156,1245.4321899414062,896.6302490234375,2019-08-05 13:41:13.498,2019-08-05 13:41:32.509,18,2371.1043014526367,4742.208602905273,optxDahu6xng,19.011,118.55521507263184,normal,test,Stress,B,1,normal test
2537,normal_test_Stress_B_1_19,96.67041015625,131.26332092285156,1091.6029663085938,1053.2267150878906,2019-08-05 13:41:35.514,2019-08-05 13:41:54.524,19,2372.763412475586,4745.526824951172,optxDahu6xng,19.01,118.6381706237793,normal,test,Stress,B,1,normal test
2601,normal_test_Stress_B_1_20,106.14933776855469,131.70687866210938,1075.9055480957031,1069.5039978027344,2019-08-05 13:41:57.529,2019-08-05 13:42:16.542,20,2383.2657623291016,4766.531524658203,optxDahu6xng,19.013,119.16328811645508,normal,test,Stress,B,1,normal test
2689,optimized_test_Stress_C_32_1,158.55438232421875,70.51306915283203,2362.345672607422,895.1175537109375,2019-08-05 13:47:43.340,2019-08-05 13:48:02.353,1,3486.53067779541,6973.06135559082,optxDahu6xng,19.013,174.3265338897705,optimized,test,Stress,C,32,optimized test
2753,optimized_test_Stress_C_32_2,158.22642517089844,70.3681411743164,2367.7984313964844,881.8107604980469,2019-08-05 13:48:05.357,2019-08-05 13:48:24.365,2,3478.203758239746,6956.407516479492,optxDahu6xng,19.008,173.9101879119873,optimized,test,Stress,C,32,optimized test
2817,optimized_test_Stress_C_32_3,157.53973388671875,70.5134506225586,2374.3446655273438,865.3265686035156,2019-08-05 13:48:27.370,2019-08-05 13:48:46.382,3,3467.7244186401367,6935.448837280273,optxDahu6xng,19.012,173.38622093200684,optimized,test,Stress,C,32,optimized test
2881,optimized_test_Stress_C_32_4,158.00159454345703,70.12403869628906,2377.4398803710938,853.4833679199219,2019-08-05 13:48:49.386,2019-08-05 13:49:08.397,4,3459.0488815307617,6918.097763061523,optxDahu6xng,19.011,172.9524440765381,optimized,test,Stress,C,32,optimized test
2946,optimized_test_Stress_C_32_5,158.06012725830078,70.39411163330078,2379.81396484375,840.7228698730469,2019-08-05 13:49:11.401,2019-08-05 13:49:30.413,5,3448.9910736083984,6897.982147216797,optxDahu6xng,19.012,172.4495536804199,optimized,test,Stress,C,32,optimized test
3009,optimized_test_Stress_C_32_6,150.1692123413086,66.97576141357422,2258.5140686035156,797.552978515625,2019-08-05 13:49:33.417,2019-08-05 13:49:51.429,6,3273.2120208740234,6546.424041748047,optxDahu6xng,18.012,172.27431688810648,optimized,test,Stress,C,32,optimized test
3072,optimized_test_Stress_C_32_7,150.40586853027344,66.61570739746094,2258.0545043945312,787.9317321777344,2019-08-05 13:49:55.433,2019-08-05 13:50:13.444,7,3263.0078125,6526.015625,optxDahu6xng,18.011,171.73725328947367,optimized,test,Stress,C,32,optimized test
3135,optimized_test_Stress_C_32_8,150.3353042602539,66.5423812866211,2257.2518005371094,790.0578308105469,2019-08-05 13:50:17.449,2019-08-05 13:50:35.460,8,3264.1873168945312,6528.3746337890625,optxDahu6xng,18.011,171.79933246813323,optimized,test,Stress,C,32,optimized test
3198,optimized_test_Stress_C_32_9,151.0689468383789,66.43348693847656,2256.2517700195312,788.265380859375,2019-08-05 13:50:39.465,2019-08-05 13:50:57.476,9,3262.0195846557617,6524.039169311523,optxDahu6xng,18.011,171.68524129767167,optimized,test,Stress,C,32,optimized test
3259,optimized_test_Stress_C_32_10,159.2604217529297,70.50023651123047,2371.58447265625,830.2908020019531,2019-08-05 13:51:00.480,2019-08-05 13:51:19.491,10,3431.6359329223633,6863.271865844727,optxDahu6xng,19.011,171.58179664611816,optimized,test,Stress,C,32,optimized test
3323,optimized_test_Stress_C_32_11,159.5665283203125,70.65587615966797,2369.041778564453,825.9377136230469,2019-08-05 13:51:22.496,2019-08-05 13:51:41.509,11,3425.2018966674805,6850.403793334961,optxDahu6xng,19.013,171.260094833374,optimized,test,Stress,C,32,optimized test
3387,optimized_test_Stress_C_32_12,159.91085052490234,70.65613555908203,2372.5057678222656,816.0311889648438,2019-08-05 13:51:44.512,2019-08-05 13:52:03.525,12,3419.1039428710938,6838.2078857421875,optxDahu6xng,19.013,170.9551971435547,optimized,test,Stress,C,32,optimized test
3453,optimized_test_Stress_C_32_13,151.96805572509766,66.78515625,2257.2501525878906,773.1328125,2019-08-05 13:52:07.530,2019-08-05 13:52:25.541,13,3249.1361770629883,6498.272354125977,optxDahu6xng,18.011,171.00716721384148,optimized,test,Stress,C,32,optimized test
3516,optimized_test_Stress_C_32_14,152.50008392333984,66.99551391601562,2258.08935546875,778.3760375976562,2019-08-05 13:52:29.545,2019-08-05 13:52:47.556,14,3255.9609909057617,6511.921981811523,optxDahu6xng,18.011,171.36636794240852,optimized,test,Stress,C,32,optimized test
3579,optimized_test_Stress_C_32_15,152.2517318725586,67.03587341308594,2258.4595642089844,766.9878540039062,2019-08-05 13:52:51.561,2019-08-05 13:53:09.572,15,3244.735023498535,6489.47004699707,optxDahu6xng,18.011,170.77552755255448,optimized,test,Stress,C,32,optimized test
3642,optimized_test_Stress_C_32_16,152.41464233398438,67.22232055664062,2258.3631591796875,779.3451232910156,2019-08-05 13:53:13.576,2019-08-05 13:53:31.588,16,3257.345245361328,6514.690490722656,optxDahu6xng,18.012,171.4392234400699,optimized,test,Stress,C,32,optimized test
3684,optimized_test_Stress_C_32_17,152.56421661376953,67.25873565673828,2259.4320068359375,761.7138671875,2019-08-05 13:53:35.592,2019-08-05 13:53:53.603,17,3240.9688262939453,6481.937652587891,optxDahu6xng,18.011,170.57730664704977,optimized,test,Stress,C,32,optimized test
3768,optimized_test_Stress_C_32_18,161.3573226928711,70.90696716308594,2382.9122619628906,809.0324096679688,2019-08-05 13:53:57.608,2019-08-05 13:54:16.620,18,3424.2089614868164,6848.417922973633,optxDahu6xng,19.012,171.21044807434083,optimized,test,Stress,C,32,optimized test
3833,optimized_test_Stress_C_32_19,161.6092300415039,70.88717651367188,2383.7950439453125,803.413330078125,2019-08-05 13:54:19.624,2019-08-05 13:54:38.633,19,3419.7047805786133,6839.409561157227,optxDahu6xng,19.009,170.98523902893066,optimized,test,Stress,C,32,optimized test
3897,optimized_test_Stress_C_32_20,161.48336029052734,70.98374938964844,2381.215576171875,803.7019653320312,2019-08-05 13:54:41.637,2019-08-05 13:55:00.648,20,3417.384651184082,6834.769302368164,optxDahu6xng,19.011,170.8692325592041,optimized,test,Stress,C,32,optimized test
3960,optimized_test_Stress_B_1_1,161.65908813476562,70.74153900146484,1407.197021484375,967.371826171875,2019-08-05 13:55:03.652,2019-08-05 13:55:22.664,1,2606.9694747924805,5213.938949584961,optxDahu6xng,19.012,130.348473739624,optimized,test,Stress,B,1,optimized test
4025,optimized_test_Stress_B_1_2,161.47698974609375,70.71553039550781,1365.4957885742188,965.5570068359375,2019-08-05 13:55:25.668,2019-08-05 13:55:44.677,2,2563.245315551758,5126.490631103516,optxDahu6xng,19.009,128.1622657775879,optimized,test,Stress,B,1,optimized test
4089,optimized_test_Stress_B_1_3,161.39413452148438,70.67279052734375,1362.8620300292969,965.1605529785156,2019-08-05 13:55:47.682,2019-08-05 13:56:06.693,3,2560.0895080566406,5120.179016113281,optxDahu6xng,19.011,128.00447540283204,optimized,test,Stress,B,1,optimized test
4153,optimized_test_Stress_B_1_4,161.20932006835938,70.71613311767578,1336.8661193847656,965.5584716796875,2019-08-05 13:56:09.697,2019-08-05 13:56:28.706,4,2534.3500442504883,5068.700088500977,optxDahu6xng,19.009,126.71750221252441,optimized,test,Stress,B,1,optimized test
4217,optimized_test_Stress_B_1_5,161.4400634765625,70.9222640991211,1328.3820190429688,963.9798889160156,2019-08-05 13:56:31.711,2019-08-05 13:56:50.720,5,2524.724235534668,5049.448471069336,optxDahu6xng,19.009,126.2362117767334,optimized,test,Stress,B,1,optimized test
4283,optimized_test_Stress_B_1_6,153.68265533447266,67.19673156738281,1263.6745910644531,916.9088134765625,2019-08-05 13:56:54.725,2019-08-05 13:57:12.736,6,2401.462791442871,4802.925582885742,optxDahu6xng,18.011,126.39277849699322,optimized,test,Stress,B,1,optimized test
4346,optimized_test_Stress_B_1_7,162.0001678466797,70.73123168945312,1333.3206481933594,967.8297119140625,2019-08-05 13:57:16.741,2019-08-05 13:57:35.752,7,2533.8817596435547,5067.763519287109,optxDahu6xng,19.011,126.69408798217773,optimized,test,Stress,B,1,optimized test
4410,optimized_test_Stress_B_1_8,161.9754867553711,70.4481430053711,1328.4584045410156,967.6538391113281,2019-08-05 13:57:38.756,2019-08-05 13:57:57.768,8,2528.535873413086,5057.071746826172,optxDahu6xng,19.012,126.42679367065429,optimized,test,Stress,B,1,optimized test
4474,optimized_test_Stress_B_1_9,161.8458251953125,70.66328430175781,1326.3060607910156,966.7985534667969,2019-08-05 13:58:00.772,2019-08-05 13:58:19.781,9,2525.613723754883,5051.227447509766,optxDahu6xng,19.009,126.28068618774414,optimized,test,Stress,B,1,optimized test
4538,optimized_test_Stress_B_1_10,161.6236343383789,70.49864959716797,1328.0842895507812,964.8863220214844,2019-08-05 13:58:22.786,2019-08-05 13:58:41.798,10,2525.0928955078125,5050.185791015625,optxDahu6xng,19.012,126.25464477539063,optimized,test,Stress,B,1,optimized test
4602,optimized_test_Stress_B_1_11,161.37186431884766,70.7050552368164,1325.9469909667969,965.1695556640625,2019-08-05 13:58:44.802,2019-08-05 13:59:03.811,11,2523.1934661865234,5046.386932373047,optxDahu6xng,19.009,126.15967330932617,optimized,test,Stress,B,1,optimized test
4666,optimized_test_Stress_B_1_12,161.46775817871094,70.69169616699219,1319.8695678710938,964.2694091796875,2019-08-05 13:59:06.815,2019-08-05 13:59:25.827,12,2516.2984313964844,5032.596862792969,optxDahu6xng,19.012,125.81492156982422,optimized,test,Stress,B,1,optimized test
4731,optimized_test_Stress_B_1_13,153.30107879638672,66.686279296875,1244.4457397460938,917.2801513671875,2019-08-05 13:59:29.832,2019-08-05 13:59:47.843,13,2381.713249206543,4763.426498413086,optxDahu6xng,18.011,125.35332890560753,optimized,test,Stress,B,1,optimized test
4794,optimized_test_Stress_B_1_14,153.18756866455078,66.74369812011719,1236.8775939941406,917.0387878417969,2019-08-05 13:59:51.847,2019-08-05 14:00:09.859,14,2373.8476486206055,4747.695297241211,optxDahu6xng,18.012,124.93934992740029,optimized,test,Stress,B,1,optimized test
4858,optimized_test_Stress_B_1_15,152.9318084716797,66.58447265625,1245.545654296875,917.1456298828125,2019-08-05 14:00:13.863,2019-08-05 14:00:31.875,15,2382.207565307617,4764.415130615234,optxDahu6xng,18.012,125.37934554250617,optimized,test,Stress,B,1,optimized test
4920,optimized_test_Stress_B_1_16,152.95999145507812,67.01487731933594,1239.7337036132812,917.3088073730469,2019-08-05 14:00:35.879,2019-08-05 14:00:53.890,16,2377.017379760742,4754.034759521484,optxDahu6xng,18.011,125.10617788214432,optimized,test,Stress,B,1,optimized test
4983,optimized_test_Stress_B_1_17,153.03314971923828,66.92604064941406,1234.3656005859375,917.1269836425781,2019-08-05 14:00:57.894,2019-08-05 14:01:15.906,17,2371.451774597168,4742.903549194336,optxDahu6xng,18.012,124.81325129458779,optimized,test,Stress,B,1,optimized test
5046,optimized_test_Stress_B_1_18,152.94257354736328,67.17440795898438,1235.9601440429688,917.0356140136719,2019-08-05 14:01:19.911,2019-08-05 14:01:37.921,18,2373.1127395629883,4746.225479125977,optxDahu6xng,18.01,124.90067050331517,optimized,test,Stress,B,1,optimized test
5108,optimized_test_Stress_B_1_19,161.1257095336914,70.5340347290039,1296.4052734375,964.2985534667969,2019-08-05 14:01:40.925,2019-08-05 14:01:59.934,19,2492.363571166992,4984.727142333984,optxDahu6xng,19.009,124.61817855834961,optimized,test,Stress,B,1,optimized test
5172,optimized_test_Stress_B_1_20,161.43099975585938,70.67854309082031,1298.1281127929688,966.0841369628906,2019-08-05 14:02:02.938,2019-08-05 14:02:21.950,20,2496.321792602539,4992.643585205078,optxDahu6xng,19.012,124.81608963012695,optimized,test,Stress,B,1,optimized test
