,target,RAPL_ENERGY_DRAM_0,RAPL_ENERGY_DRAM_1,RAPL_ENERGY_PKG_0,RAPL_ENERGY_PKG_1,begin,end,entryNumber,RAPL_ENERGY_PKG_all,RAPL_ENERGY_DRAM_all,Machine,time,powers_av_all,type,methode,bench,class,Nbprocess,y_ax,RAPL_ENERGY_PKG_BOTH
135,normal_test_LU_B_32_1,67.48309326171875,141.96991729736328,1125.1873779296875,1258.2995910644531,2019-08-05 09:24:28.507,2019-08-05 09:24:38.515,1,2592.9399795532227,5185.879959106445,Dahu18,10.008,235.72181632302025,normal,test,LU,B,32,normal,2383.4869689941406
171,normal_test_LU_B_32_2,132.07271575927734,76.8107681274414,1250.2367248535156,1060.7964782714844,2019-08-05 09:24:41.520,2019-08-05 09:24:51.529,2,2519.9166870117188,5039.8333740234375,Dahu18,10.009,229.08333518288353,normal,test,LU,B,32,normal,2311.033203125
208,normal_test_LU_B_32_3,132.250244140625,73.07796478271484,1249.9825744628906,1024.1286926269531,2019-08-05 09:24:54.533,2019-08-05 09:25:04.543,3,2479.4394760131836,4958.878952026367,Dahu18,10.01,225.40358872847125,normal,test,LU,B,32,normal,2274.1112670898438
248,normal_test_LU_B_32_4,67.23286437988281,140.27574157714844,1161.5292053222656,1259.0990905761719,2019-08-05 09:25:08.552,2019-08-05 09:25:18.561,4,2628.1369018554688,5256.2738037109375,Dahu18,10.009,238.92153653231534,normal,test,LU,B,32,normal,2420.6282958984375
284,normal_test_LU_B_32_5,131.29305267333984,78.92556762695312,1249.485595703125,1088.1322326660156,2019-08-05 09:25:21.565,2019-08-05 09:25:31.575,5,2547.8364486694336,5095.672897338867,Dahu18,10.01,231.62149533358487,normal,test,LU,B,32,normal,2337.6178283691406
324,normal_test_LU_B_32_6,67.83972930908203,142.55500030517578,1185.8513488769531,1255.5653381347656,2019-08-05 09:25:35.581,2019-08-05 09:25:45.591,6,2651.8114166259766,5303.622833251953,Dahu18,10.01,241.07376514781606,normal,test,LU,B,32,normal,2441.4166870117188
360,normal_test_LU_B_32_7,135.39376068115234,76.71184539794922,1261.0426940917969,1098.765869140625,2019-08-05 09:25:48.596,2019-08-05 09:25:58.604,7,2571.9141693115234,5143.828338623047,Dahu18,10.008,233.8103790283203,normal,test,LU,B,32,normal,2359.808563232422
398,normal_test_LU_B_32_8,68.31683349609375,141.74932098388672,1164.2333374023438,1259.9336242675781,2019-08-05 09:26:01.609,2019-08-05 09:26:11.616,8,2634.2331161499023,5268.466232299805,Dahu18,10.007,239.4757378318093,normal,test,LU,B,32,normal,2424.166961669922
434,normal_test_LU_B_32_9,133.68885803222656,77.12063598632812,1257.0845642089844,1068.14453125,2019-08-05 09:26:14.621,2019-08-05 09:26:24.630,9,2536.038589477539,5072.077178955078,Dahu18,10.009,230.54896267977628,normal,test,LU,B,32,normal,2325.2290954589844
472,normal_test_LU_B_32_10,70.94647216796875,137.58374786376953,1139.2077331542969,1243.5452575683594,2019-08-05 09:26:27.634,2019-08-05 09:26:37.642,10,2591.2832107543945,5182.566421508789,Dahu18,10.008,235.57120097767222,normal,test,LU,B,32,normal,2382.7529907226562
511,normal_test_LU_B_32_11,64.94451141357422,126.37013244628906,1085.6940307617188,1133.5928649902344,2019-08-05 09:26:41.648,2019-08-05 09:26:50.658,11,2410.6015396118164,4821.203079223633,Dahu18,9.01,241.06015396118164,normal,test,LU,B,32,normal,2219.286895751953
546,normal_test_LU_B_32_12,136.79032135009766,74.31671142578125,1263.6094360351562,1077.9107971191406,2019-08-05 09:26:54.664,2019-08-05 09:27:04.672,12,2552.627265930176,5105.254531860352,Dahu18,10.008,232.05702417547053,normal,test,LU,B,32,normal,2341.520233154297
583,normal_test_LU_B_32_13,135.65847778320312,73.86333465576172,1260.7301330566406,1065.8315124511719,2019-08-05 09:27:07.677,2019-08-05 09:27:17.689,13,2536.0834579467773,5072.166915893555,Dahu18,10.012,230.55304163152522,normal,test,LU,B,32,normal,2326.5616455078125
620,normal_test_LU_B_32_14,68.60990905761719,138.29053497314453,1158.8496704101562,1245.8736572265625,2019-08-05 09:27:20.693,2019-08-05 09:27:30.706,14,2611.6237716674805,5223.247543334961,Dahu18,10.013,237.42034287886187,normal,test,LU,B,32,normal,2404.7233276367188
659,normal_test_LU_B_32_15,134.73573303222656,74.46953582763672,1262.3728637695312,1078.6256103515625,2019-08-05 09:27:34.710,2019-08-05 09:27:44.720,15,2550.203742980957,5100.407485961914,Dahu18,10.01,231.83670390735972,normal,test,LU,B,32,normal,2340.9984741210938
696,normal_test_LU_B_32_16,132.14946746826172,79.281005859375,1254.3890075683594,1090.5120849609375,2019-08-05 09:27:47.724,2019-08-05 09:27:57.733,16,2556.3315658569336,5112.663131713867,Dahu18,10.009,232.3937787142667,normal,test,LU,B,32,normal,2344.901092529297
733,normal_test_LU_B_32_17,134.02627563476562,73.43228149414062,1254.1100463867188,998.0413818359375,2019-08-05 09:28:00.737,2019-08-05 09:28:10.748,17,2459.6099853515625,4919.219970703125,Dahu18,10.011,223.60090775923297,normal,test,LU,B,32,normal,2252.1514282226562
773,normal_test_LU_B_32_18,67.99197387695312,126.14535522460938,1103.0242614746094,1135.6866455078125,2019-08-05 09:28:14.759,2019-08-05 09:28:23.768,18,2432.8482360839844,4865.696472167969,Dahu18,9.009,243.28482360839843,normal,test,LU,B,32,normal,2238.710906982422
806,normal_test_LU_B_32_19,74.25138854980469,136.97692108154297,1197.5972595214844,1238.7095642089844,2019-08-05 09:28:26.773,2019-08-05 09:28:36.782,19,2647.5351333618164,5295.070266723633,Dahu18,10.009,240.6850121238015,normal,test,LU,B,32,normal,2436.3068237304688
844,normal_test_LU_B_32_20,75.21183013916016,153.8110580444336,1294.0329284667969,1360.8578491210938,2019-08-05 09:28:39.787,2019-08-05 09:28:50.797,20,2883.9136657714844,5767.827331542969,Dahu18,11.01,240.32613881429037,normal,test,LU,B,32,normal,2654.8907775878906
884,normal_test_UL_A_1_1,315.47582244873047,685.0053405761719,5291.829254150391,5369.886322021484,2019-08-05 09:28:53.801,2019-08-05 09:30:24.867,1,11662.196739196777,23324.393478393555,Dahu18,91.066,126.76300803474759,normal,test,UL,A,1,normal,10661.715576171875
1164,normal_test_UL_A_1_2,611.838737487793,345.46715545654297,5908.501373291016,4200.089263916016,2019-08-05 09:30:27.873,2019-08-05 09:31:54.941,2,11065.896530151367,22131.793060302734,Dahu18,87.068,125.74882420626554,normal,test,UL,A,1,normal,10108.590637207031
1432,normal_test_UL_A_1_3,688.189094543457,388.65240478515625,6727.736602783203,4837.087310791016,2019-08-05 09:31:57.946,2019-08-05 09:33:36.021,3,12641.665412902832,25283.330825805664,Dahu18,98.075,127.69359002932154,normal,test,UL,A,1,normal,11564.823913574219
1735,normal_test_UL_A_1_4,617.9354782104492,349.6994934082031,6028.2269287109375,4226.940673828125,2019-08-05 09:33:40.026,2019-08-05 09:35:08.094,4,11222.802574157715,22445.60514831543,Dahu18,88.068,126.09890532761477,normal,test,UL,A,1,normal,10255.167602539062
2006,normal_test_UL_A_1_5,316.3056945800781,698.7665786743164,5277.6751708984375,5433.6539306640625,2019-08-05 09:35:11.099,2019-08-05 09:36:44.166,5,11726.401374816895,23452.80274963379,Dahu18,93.067,124.74895079592442,normal,test,UL,A,1,normal,10711.3291015625
2291,normal_test_UL_A_1_6,638.638313293457,360.32061767578125,6205.9588623046875,4396.607574462891,2019-08-05 09:36:47.171,2019-08-05 09:38:18.239,6,11601.525367736816,23203.050735473633,Dahu18,91.068,126.10353660583496,normal,test,UL,A,1,normal,10602.566436767578
2571,normal_test_UL_A_1_7,652.4421005249023,368.75875091552734,6358.737365722656,4514.6910400390625,2019-08-05 09:38:21.244,2019-08-05 09:39:54.310,7,11894.629257202148,23789.258514404297,Dahu18,93.066,126.5386091191718,normal,test,UL,A,1,normal,10873.428405761719
2860,normal_test_UL_A_1_8,632.2113952636719,356.25975799560547,6135.965667724609,4316.076629638672,2019-08-05 09:39:58.316,2019-08-05 09:41:28.383,8,11440.513450622559,22881.026901245117,Dahu18,90.067,125.71992802881933,normal,test,UL,A,1,normal,10452.042297363281
3137,normal_test_UL_A_1_9,326.2493896484375,721.1381378173828,5507.331146240234,5639.241058349609,2019-08-05 09:41:31.389,2019-08-05 09:43:07.456,9,12193.959732055664,24387.919464111328,Dahu18,96.067,125.7109250727388,normal,test,UL,A,1,normal,11146.572204589844
3431,normal_test_UL_A_1_10,309.3736877441406,685.5323257446289,5144.561492919922,5368.496551513672,2019-08-05 09:43:10.461,2019-08-05 09:44:41.525,10,11507.964057922363,23015.928115844727,Dahu18,91.064,125.08656584698221,normal,test,UL,A,1,normal,10513.058044433594
3714,normal_test_UL_A_1_11,296.3582305908203,656.3798828125,4853.563293457031,5137.915740966797,2019-08-05 09:44:45.531,2019-08-05 09:46:12.596,11,10944.217147827148,21888.434295654297,Dahu18,87.065,124.36610395258123,normal,test,UL,A,1,normal,9991.479034423828
3981,normal_test_UL_A_1_12,617.9678497314453,349.4617614746094,5972.481262207031,4223.420562744141,2019-08-05 09:46:15.601,2019-08-05 09:47:43.665,12,11163.331436157227,22326.662872314453,Dahu18,88.064,125.43069029390142,normal,test,UL,A,1,normal,10195.901824951172
4253,normal_test_UL_A_1_13,611.4632873535156,343.0767822265625,5924.212738037109,4179.395172119141,2019-08-05 09:47:46.670,2019-08-05 09:49:13.737,13,11058.147979736328,22116.295959472656,Dahu18,87.067,125.66077249700373,normal,test,UL,A,1,normal,10103.60791015625
4521,normal_test_UL_A_1_14,315.5468978881836,697.6121826171875,5115.466461181641,5449.332214355469,2019-08-05 09:49:16.742,2019-08-05 09:50:49.810,14,11577.95775604248,23155.91551208496,Dahu18,93.068,123.16976336215404,normal,test,UL,A,1,normal,10564.79867553711
4806,normal_test_UL_A_1_15,621.7823181152344,350.96183013916016,5932.3291015625,4269.963562011719,2019-08-05 09:50:52.815,2019-08-05 09:52:21.881,15,11175.036811828613,22350.073623657227,Dahu18,89.066,124.16707568698459,normal,test,UL,A,1,normal,10202.292663574219
5081,normal_test_UL_A_1_16,662.4281387329102,373.0166549682617,6421.629913330078,4618.00634765625,2019-08-05 09:52:24.886,2019-08-05 09:53:59.953,16,12075.0810546875,24150.162109375,Dahu18,95.067,125.78209431966145,normal,test,UL,A,1,normal,11039.636260986328
5373,normal_test_UL_A_1_17,304.9353485107422,675.7729339599609,4989.629333496094,5282.621795654297,2019-08-05 09:54:02.959,2019-08-05 09:55:33.025,17,11252.959411621094,22505.918823242188,Dahu18,90.066,123.65889463319883,normal,test,UL,A,1,normal,10272.25112915039
5650,normal_test_UL_A_1_18,636.7614822387695,359.87796783447266,6172.7957763671875,4407.03662109375,2019-08-05 09:55:36.031,2019-08-05 09:57:07.096,18,11576.47184753418,23152.94369506836,Dahu18,91.065,125.83121573406717,normal,test,UL,A,1,normal,10579.832397460938
5932,normal_test_UL_A_1_19,311.79869842529297,691.1842269897461,5191.684600830078,5392.358734130859,2019-08-05 09:57:11.102,2019-08-05 09:58:43.168,19,11587.026260375977,23174.052520751953,Dahu18,92.066,124.59168021909652,normal,test,UL,A,1,normal,10584.043334960938
6215,normal_test_UL_A_1_20,311.6369400024414,692.6741104125977,5126.070495605469,5386.683502197266,2019-08-05 09:58:46.173,2019-08-05 10:00:18.240,20,11517.065048217773,23034.130096435547,Dahu18,92.067,123.83940912062123,normal,test,UL,A,1,normal,10512.753997802734
6548,optimized_test_LU_B_32_1,153.0355224609375,48.699371337890625,1513.4834899902344,528.0613403320312,2019-08-05 10:05:58.363,2019-08-05 10:06:10.371,1,2243.2797241210938,4486.5594482421875,Dahu18,12.008,172.55997877854568,optimized,test,LU,B,32,optimized,2041.5448303222656
6591,optimized_test_LU_B_32_2,164.3518524169922,53.029449462890625,1621.8628234863281,564.7289428710938,2019-08-05 10:06:13.376,2019-08-05 10:06:26.384,2,2403.9730682373047,4807.946136474609,Dahu18,13.008,171.71236201695032,optimized,test,LU,B,32,optimized,2186.591766357422
6638,optimized_test_LU_B_32_3,154.1387939453125,48.767417907714844,1509.5908203125,518.045166015625,2019-08-05 10:06:29.388,2019-08-05 10:06:41.395,3,2230.5421981811523,4461.084396362305,Dahu18,12.007,171.58016909085788,optimized,test,LU,B,32,optimized,2027.635986328125
6682,optimized_test_LU_B_32_4,154.6832504272461,48.79486083984375,1509.6408081054688,512.8353271484375,2019-08-05 10:06:45.400,2019-08-05 10:06:57.407,4,2225.954246520996,4451.908493041992,Dahu18,12.007,171.2272497323843,optimized,test,LU,B,32,optimized,2022.4761352539062
6726,optimized_test_LU_B_32_5,166.0988998413086,53.54467010498047,1627.7276916503906,557.4164428710938,2019-08-05 10:07:00.412,2019-08-05 10:07:13.428,5,2404.7877044677734,4809.575408935547,Dahu18,13.016,171.77055031912667,optimized,test,LU,B,32,optimized,2185.1441345214844
6771,optimized_test_LU_B_32_6,154.41278076171875,49.292320251464844,1511.2901000976562,516.4981689453125,2019-08-05 10:07:16.432,2019-08-05 10:07:28.440,6,2231.4933700561523,4462.986740112305,Dahu18,12.008,171.65333615816556,optimized,test,LU,B,32,optimized,2027.7882690429688
6816,optimized_test_LU_B_32_7,154.99292755126953,48.79216766357422,1509.9529724121094,510.31982421875,2019-08-05 10:07:32.445,2019-08-05 10:07:44.452,7,2224.057891845703,4448.115783691406,Dahu18,12.007,171.0813762958233,optimized,test,LU,B,32,optimized,2020.2727966308594
6859,optimized_test_LU_B_32_8,166.15838623046875,52.770904541015625,1626.4941711425781,553.8797912597656,2019-08-05 10:07:47.457,2019-08-05 10:08:00.469,8,2399.303253173828,4798.606506347656,Dahu18,13.012,171.37880379813058,optimized,test,LU,B,32,optimized,2180.3739624023438
6905,optimized_test_LU_B_32_9,155.1790771484375,48.63154602050781,1512.3826599121094,513.6139831542969,2019-08-05 10:08:03.474,2019-08-05 10:08:15.482,9,2229.8072662353516,4459.614532470703,Dahu18,12.008,171.5236358642578,optimized,test,LU,B,32,optimized,2025.9966430664062
6950,optimized_test_LU_B_32_10,155.49072265625,48.892616271972656,1510.1753540039062,510.8658142089844,2019-08-05 10:08:19.486,2019-08-05 10:08:31.494,10,2225.4245071411133,4450.849014282227,Dahu18,12.008,171.1865005493164,optimized,test,LU,B,32,optimized,2021.0411682128906
6993,optimized_test_LU_B_32_11,167.0561065673828,52.787757873535156,1629.5219421386719,554.9403991699219,2019-08-05 10:08:34.498,2019-08-05 10:08:47.514,11,2404.3062057495117,4808.612411499023,Dahu18,13.016,171.73615755353654,optimized,test,LU,B,32,optimized,2184.4623413085938
7039,optimized_test_LU_B_32_12,155.27273559570312,48.81664276123047,1512.4125061035156,510.44830322265625,2019-08-05 10:08:50.518,2019-08-05 10:09:02.525,12,2226.9501876831055,4453.900375366211,Dahu18,12.007,171.30386059100812,optimized,test,LU,B,32,optimized,2022.8608093261719
7084,optimized_test_LU_B_32_13,155.58470153808594,49.048927307128906,1509.6242065429688,501.21160888671875,2019-08-05 10:09:06.529,2019-08-05 10:09:18.537,13,2215.4694442749023,4430.938888549805,Dahu18,12.008,170.42072648268478,optimized,test,LU,B,32,optimized,2010.8358154296875
7127,optimized_test_LU_B_32_14,166.27947235107422,52.887672424316406,1624.2166442871094,549.3996276855469,2019-08-05 10:09:21.541,2019-08-05 10:09:34.549,14,2392.783416748047,4785.566833496094,Dahu18,13.008,170.91310119628906,optimized,test,LU,B,32,optimized,2173.6162719726562
7173,optimized_test_LU_B_32_15,167.43465423583984,53.20317840576172,1630.4270629882812,543.1154479980469,2019-08-05 10:09:37.554,2019-08-05 10:09:50.565,15,2394.1803436279297,4788.360687255859,Dahu18,13.011,171.01288168770927,optimized,test,LU,B,32,optimized,2173.542510986328
7219,optimized_test_LU_B_32_16,155.6680679321289,49.18750762939453,1512.6215209960938,499.0928039550781,2019-08-05 10:09:53.569,2019-08-05 10:10:05.576,16,2216.5699005126953,4433.139801025391,Dahu18,12.007,170.50537696251502,optimized,test,LU,B,32,optimized,2011.7143249511719
7264,optimized_test_LU_B_32_17,155.87843322753906,49.07628631591797,1510.4575500488281,497.9225158691406,2019-08-05 10:10:09.582,2019-08-05 10:10:21.589,17,2213.334785461426,4426.669570922852,Dahu18,12.007,170.25652195857123,optimized,test,LU,B,32,optimized,2008.3800659179688
7308,optimized_test_LU_B_32_18,167.14425659179688,53.340187072753906,1622.9288330078125,538.97900390625,2019-08-05 10:10:24.594,2019-08-05 10:10:37.604,18,2382.3922805786133,4764.784561157227,Dahu18,13.01,170.17087718418665,optimized,test,LU,B,32,optimized,2161.9078369140625
7353,optimized_test_LU_B_32_19,167.58424377441406,53.09404754638672,1631.4693603515625,538.6649780273438,2019-08-05 10:10:40.609,2019-08-05 10:10:53.621,19,2390.812629699707,4781.625259399414,Dahu18,13.012,170.77233069283622,optimized,test,LU,B,32,optimized,2170.1343383789062
7400,optimized_test_LU_B_32_20,168.19723510742188,53.21492004394531,1632.2010498046875,541.0677490234375,2019-08-05 10:10:56.626,2019-08-05 10:11:09.634,20,2394.680953979492,4789.361907958984,Dahu18,13.008,171.04863956996374,optimized,test,LU,B,32,optimized,2173.268798828125
7446,optimized_test_UL_A_1_1,1034.3685836791992,595.4550628662109,10919.437072753906,7603.15625,2019-08-05 10:11:12.638,2019-08-05 10:13:39.730,1,20152.416969299316,40304.83393859863,Dahu18,147.092,136.16497952229267,optimized,test,UL,A,1,optimized,18522.593322753906
7894,optimized_test_UL_A_1_2,1029.2008209228516,597.3074722290039,10605.034393310547,7722.332794189453,2019-08-05 10:13:42.734,2019-08-05 10:16:09.842,2,19953.875480651855,39907.75096130371,Dahu18,147.108,134.8234829773774,optimized,test,UL,A,1,optimized,18327.3671875
8344,optimized_test_UL_A_1_3,1026.1513748168945,599.4160766601562,10513.315643310547,7750.112609863281,2019-08-05 10:16:13.846,2019-08-05 10:18:40.935,3,19888.99570465088,39777.99140930176,Dahu18,147.089,134.38510611250595,optimized,test,UL,A,1,optimized,18263.428253173828
8791,optimized_test_UL_A_1_4,1023.7756881713867,599.2691268920898,10498.032989501953,7756.95654296875,2019-08-05 10:18:43.939,2019-08-05 10:21:11.030,4,19878.03434753418,39756.06869506836,Dahu18,147.091,134.31104288874445,optimized,test,UL,A,1,optimized,18254.989532470703
9240,optimized_test_UL_A_1_5,1025.3295822143555,599.9137954711914,10483.434539794922,7754.559783935547,2019-08-05 10:21:14.034,2019-08-05 10:23:41.112,5,19863.237701416016,39726.47540283203,Dahu18,147.078,134.2110655501082,optimized,test,UL,A,1,optimized,18237.99432373047
9689,optimized_test_UL_A_1_6,1025.4700393676758,599.3111190795898,10488.750366210938,7754.3790283203125,2019-08-05 10:23:45.116,2019-08-05 10:26:12.206,6,19867.910552978516,39735.82110595703,Dahu18,147.09,134.24263887147646,optimized,test,UL,A,1,optimized,18243.12939453125
10137,optimized_test_UL_A_1_7,1025.6768264770508,599.2867736816406,10505.324310302734,7762.753662109375,2019-08-05 10:26:15.210,2019-08-05 10:28:42.287,7,19893.0415725708,39786.0831451416,Dahu18,147.077,134.41244305791082,optimized,test,UL,A,1,optimized,18268.07797241211
10585,optimized_test_UL_A_1_8,1032.2376174926758,604.2494125366211,10581.465515136719,7815.368438720703,2019-08-05 10:28:45.291,2019-08-05 10:31:13.383,8,20033.32098388672,40066.64196777344,Dahu18,148.092,134.45181868380348,optimized,test,UL,A,1,optimized,18396.833953857422
11037,optimized_test_UL_A_1_9,1025.9104690551758,597.933219909668,10503.811706542969,7766.450012207031,2019-08-05 10:31:16.387,2019-08-05 10:33:43.479,9,19894.105407714844,39788.21081542969,Dahu18,147.092,134.4196311332084,optimized,test,UL,A,1,optimized,18270.26171875
11485,optimized_test_UL_A_1_10,1024.7296524047852,594.4771957397461,10504.49398803711,7766.299499511719,2019-08-05 10:33:46.484,2019-08-05 10:36:13.577,10,19890.00033569336,39780.00067138672,Dahu18,147.093,134.39189416009026,optimized,test,UL,A,1,optimized,18270.793487548828
11932,optimized_test_UL_A_1_11,1033.5406341552734,597.8497695922852,10564.706573486328,7814.269714355469,2019-08-05 10:36:16.581,2019-08-05 10:38:44.675,11,20010.366691589355,40020.73338317871,Dahu18,148.094,134.29776303080104,optimized,test,UL,A,1,optimized,18378.976287841797
12383,optimized_test_UL_A_1_12,1026.1877365112305,593.8624420166016,10487.964233398438,7770.48046875,2019-08-05 10:38:47.680,2019-08-05 10:41:14.771,12,19878.49488067627,39756.98976135254,Dahu18,147.091,134.31415459916397,optimized,test,UL,A,1,optimized,18258.444702148438
12831,optimized_test_UL_A_1_13,1026.3948516845703,596.0394744873047,10500.894012451172,7771.390319824219,2019-08-05 10:41:17.776,2019-08-05 10:43:44.855,13,19894.718658447266,39789.43731689453,Dahu18,147.079,134.42377471923828,optimized,test,UL,A,1,optimized,18272.28433227539
13281,optimized_test_UL_A_1_14,1025.7282791137695,596.216552734375,10500.925964355469,7770.482574462891,2019-08-05 10:43:48.860,2019-08-05 10:46:15.949,14,19893.353370666504,39786.70674133301,Dahu18,147.089,134.4145498018007,optimized,test,UL,A,1,optimized,18271.40853881836
13730,optimized_test_UL_A_1_15,1026.0858154296875,594.1249923706055,10497.958374023438,7774.206634521484,2019-08-05 10:46:18.953,2019-08-05 10:48:46.043,15,19892.375816345215,39784.75163269043,Dahu18,147.09,134.40794470503525,optimized,test,UL,A,1,optimized,18272.165008544922
14178,optimized_test_UL_A_1_16,1026.0819549560547,597.1583557128906,10500.675201416016,7766.744384765625,2019-08-05 10:48:49.047,2019-08-05 10:51:16.125,16,19890.659896850586,39781.31979370117,Dahu18,147.078,134.39635065439586,optimized,test,UL,A,1,optimized,18267.41958618164
14627,optimized_test_UL_A_1_17,1026.4333419799805,596.4175872802734,10502.00048828125,7769.128082275391,2019-08-05 10:51:20.129,2019-08-05 10:53:47.219,17,19893.979499816895,39787.95899963379,Dahu18,147.09,134.41878040416822,optimized,test,UL,A,1,optimized,18271.12857055664
15076,optimized_test_UL_A_1_18,1025.471420288086,598.0070419311523,10492.439147949219,7768.060852050781,2019-08-05 10:53:50.223,2019-08-05 10:56:17.315,18,19883.97846221924,39767.95692443848,Dahu18,147.092,134.35120582580566,optimized,test,UL,A,1,optimized,18260.5
15523,optimized_test_UL_A_1_19,1025.8633346557617,594.5750503540039,10496.804412841797,7764.3912353515625,2019-08-05 10:56:20.319,2019-08-05 10:58:47.399,19,19881.634033203125,39763.26806640625,Dahu18,147.08,134.3353650892103,optimized,test,UL,A,1,optimized,18261.19564819336
15974,optimized_test_UL_A_1_20,1024.2124938964844,593.697509765625,10505.348449707031,7772.256988525391,2019-08-05 10:58:51.403,2019-08-05 11:01:18.492,20,19895.51544189453,39791.03088378906,Dahu18,147.089,134.42915839117927,optimized,test,UL,A,1,optimized,18277.605438232422
144,normal_test_LU_B_32_1,76.11980438232422,138.32177734375,1112.2619323730469,1256.4517211914062,2019-08-05 12:23:11.493,2019-08-05 12:23:21.501,1,2583.1552352905273,5166.310470581055,Dahu21,10.008,234.83229411732066,normal,test,LU,B,32,normal,2368.713653564453
181,normal_test_LU_B_32_2,134.60520935058594,73.22554016113281,1246.1637878417969,1056.9678649902344,2019-08-05 12:23:24.506,2019-08-05 12:23:34.516,2,2510.96240234375,5021.9248046875,Dahu21,10.01,228.26930930397728,normal,test,LU,B,32,normal,2303.1316528320312
220,normal_test_LU_B_32_3,139.3122329711914,70.84485626220703,1256.0563354492188,1085.1190490722656,2019-08-05 12:23:38.521,2019-08-05 12:23:48.532,3,2551.332473754883,5102.664947509766,Dahu21,10.011,231.93931579589844,normal,test,LU,B,32,normal,2341.1753845214844
258,normal_test_LU_B_32_4,73.24691772460938,138.0026397705078,1100.545654296875,1254.4697265625,2019-08-05 12:23:51.537,2019-08-05 12:24:01.545,4,2566.264938354492,5132.529876708984,Dahu21,10.008,233.2968125776811,normal,test,LU,B,32,normal,2355.015380859375
296,normal_test_LU_B_32_5,76.5788803100586,137.5807876586914,1168.6822509765625,1259.3740844726562,2019-08-05 12:24:05.550,2019-08-05 12:24:15.558,5,2642.2160034179688,5284.4320068359375,Dahu21,10.008,240.20145485617897,normal,test,LU,B,32,normal,2428.0563354492188
333,normal_test_LU_B_32_6,74.0744400024414,140.79120635986328,1139.2347106933594,1261.7857971191406,2019-08-05 12:24:18.563,2019-08-05 12:24:28.570,6,2615.8861541748047,5231.772308349609,Dahu21,10.007,237.80783219770953,normal,test,LU,B,32,normal,2401.0205078125
371,normal_test_LU_B_32_7,73.49819946289062,138.4962387084961,1134.1676330566406,1256.0778198242188,2019-08-05 12:24:31.574,2019-08-05 12:24:41.584,7,2602.239891052246,5204.479782104492,Dahu21,10.01,236.56726282293147,normal,test,LU,B,32,normal,2390.2454528808594
409,normal_test_LU_B_32_8,140.73384857177734,71.78118133544922,1260.8661804199219,1125.6394958496094,2019-08-05 12:24:45.589,2019-08-05 12:24:55.598,8,2599.020706176758,5198.041412353516,Dahu21,10.009,236.27460965243253,normal,test,LU,B,32,normal,2386.5056762695312
446,normal_test_LU_B_32_9,150.24932861328125,78.14759063720703,1377.7777709960938,1211.0624084472656,2019-08-05 12:24:58.602,2019-08-05 12:25:09.615,9,2817.2370986938477,5634.474197387695,Dahu21,11.013,234.7697582244873,normal,test,LU,B,32,normal,2588.8401794433594
487,normal_test_LU_B_32_10,74.3271713256836,138.9345474243164,1169.556396484375,1262.5268859863281,2019-08-05 12:25:12.621,2019-08-05 12:25:22.628,10,2645.345001220703,5290.690002441406,Dahu21,10.007,240.4859092018821,normal,test,LU,B,32,normal,2432.083282470703
523,normal_test_LU_B_32_11,137.74657440185547,74.44803619384766,1247.9573364257812,1127.0870666503906,2019-08-05 12:25:25.633,2019-08-05 12:25:35.642,11,2587.239013671875,5174.47802734375,Dahu21,10.009,235.2035466974432,normal,test,LU,B,32,normal,2375.044403076172
560,normal_test_LU_B_32_12,136.7620391845703,76.79733276367188,1243.9449768066406,1126.4127197265625,2019-08-05 12:25:38.647,2019-08-05 12:25:48.657,12,2583.9170684814453,5167.834136962891,Dahu21,10.01,234.9015516801314,normal,test,LU,B,32,normal,2370.357696533203
599,normal_test_LU_B_32_13,72.17224884033203,90.50899505615234,880.9558715820312,884.7365112304688,2019-08-05 12:25:52.663,2019-08-05 12:25:59.668,13,1928.3736267089844,3856.7472534179688,Dahu21,7.005,241.04670333862305,normal,test,LU,B,32,normal,1765.6923828125
629,normal_test_LU_B_32_14,75.43685913085938,140.8417205810547,1176.5320739746094,1261.448486328125,2019-08-05 12:26:03.674,2019-08-05 12:26:13.685,14,2654.2591400146484,5308.518280029297,Dahu21,10.011,241.29628545587713,normal,test,LU,B,32,normal,2437.9805603027344
666,normal_test_LU_B_32_15,140.3335952758789,71.83353424072266,1261.4706726074219,1112.468994140625,2019-08-05 12:26:16.691,2019-08-05 12:26:26.698,15,2586.1067962646484,5172.213592529297,Dahu21,10.007,235.10061784224078,normal,test,LU,B,32,normal,2373.939666748047
703,normal_test_LU_B_32_16,78.14545440673828,136.14466094970703,1146.3595581054688,1242.798583984375,2019-08-05 12:26:29.704,2019-08-05 12:26:39.713,16,2603.448257446289,5206.896514892578,Dahu21,10.009,236.677114313299,normal,test,LU,B,32,normal,2389.1581420898438
742,normal_test_LU_B_32_17,142.96197509765625,72.56871795654297,1261.780029296875,1119.4933166503906,2019-08-05 12:26:43.718,2019-08-05 12:26:53.729,17,2596.804039001465,5193.60807800293,Dahu21,10.011,236.07309445467862,normal,test,LU,B,32,normal,2381.2733459472656
779,normal_test_LU_B_32_18,75.73368835449219,140.41255950927734,1170.9912109375,1259.14599609375,2019-08-05 12:26:56.735,2019-08-05 12:27:06.744,18,2646.2834548950195,5292.566909790039,Dahu21,10.009,240.5712231722745,normal,test,LU,B,32,normal,2430.13720703125
816,normal_test_LU_B_32_19,75.35145568847656,139.78067016601562,1132.8842468261719,1253.8246459960938,2019-08-05 12:27:09.748,2019-08-05 12:27:19.757,19,2601.841018676758,5203.682037353516,Dahu21,10.009,236.53100169788706,normal,test,LU,B,32,normal,2386.7088928222656
853,normal_test_LU_B_32_20,138.12740325927734,74.19798278808594,1245.1620178222656,1099.0093078613281,2019-08-05 12:27:22.763,2019-08-05 12:27:32.772,20,2556.496711730957,5112.993423461914,Dahu21,10.009,232.40879197554156,normal,test,LU,B,32,normal,2344.1713256835938
893,normal_test_UL_A_1_1,713.4812164306641,342.2406005859375,6167.203704833984,4690.239410400391,2019-08-05 12:27:36.777,2019-08-05 12:29:08.843,1,11913.164932250977,23826.329864501953,Dahu21,92.066,128.09854765861266,normal,test,UL,A,1,normal,10857.443115234375
1176,normal_test_UL_A_1_2,374.5647659301758,651.86865234375,4829.251281738281,5507.386749267578,2019-08-05 12:29:11.848,2019-08-05 12:30:41.914,2,11363.071449279785,22726.14289855957,Dahu21,90.066,124.86891702505258,normal,test,UL,A,1,normal,10336.63803100586
1453,normal_test_UL_A_1_3,368.75689697265625,645.1887054443359,4757.504669189453,5427.74951171875,2019-08-05 12:30:44.920,2019-08-05 12:32:13.987,3,11199.199783325195,22398.39956665039,Dahu21,89.067,124.43555314805772,normal,test,UL,A,1,normal,10185.254180908203
1728,normal_test_UL_A_1_4,382.4595413208008,674.1067276000977,5051.529022216797,5701.852630615234,2019-08-05 12:32:17.992,2019-08-05 12:33:51.061,4,11809.94792175293,23619.89584350586,Dahu21,93.069,125.63774384843542,normal,test,UL,A,1,normal,10753.381652832031
2015,normal_test_UL_A_1_5,368.59950256347656,652.6726837158203,4812.814910888672,5518.2711181640625,2019-08-05 12:33:54.065,2019-08-05 12:35:24.132,5,11352.358215332031,22704.716430664062,Dahu21,90.067,124.75118917947287,normal,test,UL,A,1,normal,10331.086029052734
2292,normal_test_UL_A_1_6,720.9191436767578,347.2135238647461,6052.6536865234375,4781.949371337891,2019-08-05 12:35:27.137,2019-08-05 12:37:01.203,6,11902.735725402832,23805.471450805664,Dahu21,94.066,125.29195500424034,normal,test,UL,A,1,normal,10834.603057861328
2582,normal_test_UL_A_1_7,355.6372833251953,629.4186782836914,4655.366729736328,5282.685607910156,2019-08-05 12:37:05.209,2019-08-05 12:38:32.275,7,10923.108299255371,21846.216598510742,Dahu21,87.066,124.12623067335649,normal,test,UL,A,1,normal,9938.052337646484
2853,normal_test_UL_A_1_8,675.07861328125,325.22228240966797,5656.488464355469,4370.468994140625,2019-08-05 12:38:36.280,2019-08-05 12:40:04.342,8,11027.258354187012,22054.516708374023,Dahu21,88.062,123.90177926052822,normal,test,UL,A,1,normal,10026.957458496094
3126,normal_test_UL_A_1_9,359.21019744873047,636.7698287963867,4707.339752197266,5317.492431640625,2019-08-05 12:40:08.347,2019-08-05 12:41:36.413,9,11020.812210083008,22041.624420166016,Dahu21,88.066,123.82935067508997,normal,test,UL,A,1,normal,10024.83218383789
3399,normal_test_UL_A_1_10,674.679801940918,324.8371124267578,5630.610046386719,4363.862152099609,2019-08-05 12:41:40.421,2019-08-05 12:43:08.486,10,10993.989112854004,21987.978225708008,Dahu21,88.065,123.52796756015735,normal,test,UL,A,1,normal,9994.472198486328
3669,normal_test_UL_A_1_11,702.9294738769531,339.42476654052734,5924.777862548828,4584.522552490234,2019-08-05 12:43:11.491,2019-08-05 12:44:43.557,11,11551.654655456543,23103.309310913086,Dahu21,92.066,124.21134038125315,normal,test,UL,A,1,normal,10509.300415039062
3953,normal_test_UL_A_1_12,675.6882019042969,324.27222442626953,5671.871063232422,4293.466949462891,2019-08-05 12:44:46.563,2019-08-05 12:46:14.629,12,10965.298439025879,21930.596878051758,Dahu21,88.066,123.20560043849302,normal,test,UL,A,1,normal,9965.338012695312
4224,normal_test_UL_A_1_13,389.1920471191406,677.4708480834961,5108.066558837891,5669.304840087891,2019-08-05 12:46:17.633,2019-08-05 12:47:51.703,13,11844.034294128418,23688.068588256836,Dahu21,94.07,124.67404520135177,normal,test,UL,A,1,normal,10777.371398925781
4513,normal_test_UL_A_1_14,696.7711563110352,336.4973449707031,5848.5897216796875,4569.79150390625,2019-08-05 12:47:54.708,2019-08-05 12:49:25.774,14,11451.649726867676,22903.29945373535,Dahu21,91.066,124.47445355290952,normal,test,UL,A,1,normal,10418.381225585938
4795,normal_test_UL_A_1_15,696.8307113647461,335.42091369628906,5834.651397705078,4531.816467285156,2019-08-05 12:49:29.779,2019-08-05 12:51:00.847,15,11398.71949005127,22797.43898010254,Dahu21,91.068,123.89912489186163,normal,test,UL,A,1,normal,10366.467864990234
5075,normal_test_UL_A_1_16,359.8083953857422,635.0365447998047,4687.757385253906,5315.509979248047,2019-08-05 12:51:03.851,2019-08-05 12:52:31.918,16,10998.1123046875,21996.224609375,Dahu21,88.067,123.57429555828652,normal,test,UL,A,1,normal,10003.267364501953
5348,normal_test_UL_A_1_17,375.5818634033203,664.7795791625977,4884.959320068359,5591.647613525391,2019-08-05 12:52:35.923,2019-08-05 12:54:07.989,17,11516.968376159668,23033.936752319336,Dahu21,92.066,123.83836963612546,normal,test,UL,A,1,normal,10476.60693359375
5631,normal_test_UL_A_1_18,688.5122146606445,331.4731674194336,5773.7564697265625,4480.4632568359375,2019-08-05 12:54:10.994,2019-08-05 12:55:41.060,18,11274.205108642578,22548.410217285156,Dahu21,90.066,123.89236383123712,normal,test,UL,A,1,normal,10254.2197265625
5908,normal_test_UL_A_1_19,367.89888763427734,650.3261184692383,4756.152587890625,5441.289703369141,2019-08-05 12:55:44.066,2019-08-05 12:57:14.135,19,11215.667297363281,22431.334594726562,Dahu21,90.069,123.24909117981628,normal,test,UL,A,1,normal,10197.442291259766
6185,normal_test_UL_A_1_20,359.6935119628906,635.7369842529297,4611.967041015625,5329.1800537109375,2019-08-05 12:57:17.139,2019-08-05 12:58:45.207,20,10936.577590942383,21873.155181884766,Dahu21,88.068,122.88289428025149,normal,test,UL,A,1,normal,9941.147094726562
6509,optimized_test_LU_B_32_1,160.2417755126953,44.86088562011719,1509.9443359375,584.5514831542969,2019-08-05 13:04:25.729,2019-08-05 13:04:37.737,1,2299.5984802246094,4599.196960449219,Dahu21,12.008,176.89219078650842,optimized,test,LU,B,32,optimized,2094.495819091797
6551,optimized_test_LU_B_32_2,160.1543731689453,44.883323669433594,1503.0727844238281,580.6817626953125,2019-08-05 13:04:40.741,2019-08-05 13:04:52.754,2,2288.7922439575195,4577.584487915039,Dahu21,12.013,176.0609418428861,optimized,test,LU,B,32,optimized,2083.7545471191406
6597,optimized_test_LU_B_32_3,161.205810546875,44.8216552734375,1510.1028137207031,578.436767578125,2019-08-05 13:04:56.759,2019-08-05 13:05:08.767,3,2294.5670471191406,4589.134094238281,Dahu21,12.008,176.50515747070312,optimized,test,LU,B,32,optimized,2088.539581298828
6639,optimized_test_LU_B_32_4,173.57501983642578,48.74231719970703,1622.1736145019531,624.4325256347656,2019-08-05 13:05:11.771,2019-08-05 13:05:24.784,4,2468.9234771728516,4937.846954345703,Dahu21,13.013,176.35167694091797,optimized,test,LU,B,32,optimized,2246.6061401367188
6685,optimized_test_LU_B_32_5,162.11956787109375,44.77049255371094,1511.2121276855469,580.4337768554688,2019-08-05 13:05:27.788,2019-08-05 13:05:39.796,5,2298.5359649658203,4597.071929931641,Dahu21,12.008,176.81045884352463,optimized,test,LU,B,32,optimized,2091.6459045410156
6728,optimized_test_LU_B_32_6,173.97569274902344,48.75444030761719,1619.3694152832031,618.15380859375,2019-08-05 13:05:42.800,2019-08-05 13:05:55.808,6,2460.2533569335938,4920.5067138671875,Dahu21,13.008,175.73238263811385,optimized,test,LU,B,32,optimized,2237.523223876953
6774,optimized_test_LU_B_32_7,162.80799102783203,44.74748229980469,1511.9673461914062,567.6470031738281,2019-08-05 13:05:58.812,2019-08-05 13:06:10.819,7,2287.169822692871,4574.339645385742,Dahu21,12.007,175.93614020714392,optimized,test,LU,B,32,optimized,2079.6143493652344
6817,optimized_test_LU_B_32_8,173.8668975830078,48.764984130859375,1620.1922302246094,613.8713684082031,2019-08-05 13:06:13.823,2019-08-05 13:06:26.832,8,2456.6954803466797,4913.390960693359,Dahu21,13.009,175.4782485961914,optimized,test,LU,B,32,optimized,2234.0635986328125
6863,optimized_test_LU_B_32_9,162.35975646972656,45.001617431640625,1508.0241394042969,568.4878845214844,2019-08-05 13:06:29.837,2019-08-05 13:06:41.845,9,2283.8733978271484,4567.746795654297,Dahu21,12.008,175.6825690636268,optimized,test,LU,B,32,optimized,2076.5120239257812
6908,optimized_test_LU_B_32_10,162.53723907470703,44.91178894042969,1508.7590637207031,559.7089233398438,2019-08-05 13:06:45.849,2019-08-05 13:06:57.858,10,2275.9170150756836,4551.834030151367,Dahu21,12.009,175.07053962120642,optimized,test,LU,B,32,optimized,2068.467987060547
6951,optimized_test_LU_B_32_11,162.1790008544922,44.979957580566406,1507.936767578125,565.8756713867188,2019-08-05 13:07:00.862,2019-08-05 13:07:12.870,11,2280.9713973999023,4561.942794799805,Dahu21,12.008,175.45933826153095,optimized,test,LU,B,32,optimized,2073.8124389648438
6996,optimized_test_LU_B_32_12,162.73267364501953,44.986732482910156,1511.1818542480469,562.3619995117188,2019-08-05 13:07:16.875,2019-08-05 13:07:28.884,12,2281.2632598876953,4562.526519775391,Dahu21,12.009,175.4817892221304,optimized,test,LU,B,32,optimized,2073.5438537597656
7039,optimized_test_LU_B_32_13,174.77591705322266,48.899803161621094,1620.5305480957031,608.0803833007812,2019-08-05 13:07:31.888,2019-08-05 13:07:44.897,13,2452.286651611328,4904.573303222656,Dahu21,13.009,175.16333225795202,optimized,test,LU,B,32,optimized,2228.6109313964844
7085,optimized_test_LU_B_32_14,163.00350952148438,44.983917236328125,1511.1200866699219,559.5145568847656,2019-08-05 13:07:47.902,2019-08-05 13:07:59.910,14,2278.6220703125,4557.244140625,Dahu21,12.008,175.27862079326923,optimized,test,LU,B,32,optimized,2070.6346435546875
7130,optimized_test_LU_B_32_15,163.1976547241211,44.80986022949219,1509.0520935058594,555.906494140625,2019-08-05 13:08:03.914,2019-08-05 13:08:15.923,15,2272.9661026000977,4545.932205200195,Dahu21,12.009,174.84354635385367,optimized,test,LU,B,32,optimized,2064.9585876464844
7173,optimized_test_LU_B_32_16,175.7451629638672,48.71134948730469,1624.3411560058594,604.5105895996094,2019-08-05 13:08:18.927,2019-08-05 13:08:31.940,16,2453.3082580566406,4906.616516113281,Dahu21,13.013,175.2363041469029,optimized,test,LU,B,32,optimized,2228.8517456054688
7219,optimized_test_LU_B_32_17,163.3470458984375,45.040016174316406,1510.9131774902344,557.2464904785156,2019-08-05 13:08:34.945,2019-08-05 13:08:46.953,17,2276.546730041504,4553.093460083008,Dahu21,12.008,175.11897923396185,optimized,test,LU,B,32,optimized,2068.15966796875
7264,optimized_test_LU_B_32_18,163.51602935791016,44.924835205078125,1508.4765930175781,554.0529174804688,2019-08-05 13:08:50.957,2019-08-05 13:09:02.966,18,2270.970375061035,4541.94075012207,Dahu21,12.009,174.69002885084885,optimized,test,LU,B,32,optimized,2062.529510498047
7308,optimized_test_LU_B_32_19,176.28704071044922,48.73046875,1628.020263671875,603.0983276367188,2019-08-05 13:09:05.971,2019-08-05 13:09:18.987,19,2456.136100769043,4912.272201538086,Dahu21,13.016,175.4382929120745,optimized,test,LU,B,32,optimized,2231.1185913085938
7354,optimized_test_LU_B_32_20,164.06288146972656,44.92414855957031,1512.3439025878906,557.2227172851562,2019-08-05 13:09:21.992,2019-08-05 13:09:34.001,20,2278.5536499023438,4557.1072998046875,Dahu21,12.009,175.27335768479568,optimized,test,LU,B,32,optimized,2069.566619873047
7399,optimized_test_UL_A_1_1,1146.913803100586,545.8162994384766,10325.73013305664,8099.762237548828,2019-08-05 13:09:38.005,2019-08-05 13:12:05.107,1,20118.22247314453,40236.44494628906,Dahu21,147.102,135.93393562935495,optimized,test,UL,A,1,optimized,18425.49237060547
7847,optimized_test_UL_A_1_2,1141.6068572998047,546.4991836547852,10049.75390625,8262.456085205078,2019-08-05 13:12:08.111,2019-08-05 13:14:35.214,2,20000.316032409668,40000.632064819336,Dahu21,147.103,135.13727048925452,optimized,test,UL,A,1,optimized,18312.209991455078
8295,optimized_test_UL_A_1_3,1137.2865753173828,547.061767578125,9968.084228515625,8254.425567626953,2019-08-05 13:14:38.218,2019-08-05 13:17:05.310,3,19906.858139038086,39813.71627807617,Dahu21,147.092,134.50579823674383,optimized,test,UL,A,1,optimized,18222.509796142578
8742,optimized_test_UL_A_1_4,1134.0120849609375,547.6838684082031,9948.099029541016,8331.248046875,2019-08-05 13:17:08.314,2019-08-05 13:19:35.416,4,19961.043029785156,39922.08605957031,Dahu21,147.102,134.87191236341323,optimized,test,UL,A,1,optimized,18279.347076416016
9192,optimized_test_UL_A_1_5,1132.7166442871094,548.0849914550781,9957.151428222656,8441.922821044922,2019-08-05 13:19:39.421,2019-08-05 13:22:06.525,5,20079.875885009766,40159.75177001953,Dahu21,147.104,135.6748370608768,optimized,test,UL,A,1,optimized,18399.074249267578
9640,optimized_test_UL_A_1_6,1132.6648559570312,547.6745300292969,9953.843383789062,8389.466247558594,2019-08-05 13:22:09.530,2019-08-05 13:24:36.633,6,20023.649017333984,40047.29803466797,Dahu21,147.103,135.2949257927972,optimized,test,UL,A,1,optimized,18343.309631347656
10088,optimized_test_UL_A_1_7,1131.0512924194336,547.7461242675781,9942.935150146484,8337.528747558594,2019-08-05 13:24:39.638,2019-08-05 13:27:06.740,7,19959.26131439209,39918.52262878418,Dahu21,147.102,134.8598737458925,optimized,test,UL,A,1,optimized,18280.463897705078
10539,optimized_test_UL_A_1_8,1128.6020202636719,546.2945022583008,9929.16455078125,8259.2255859375,2019-08-05 13:27:10.744,2019-08-05 13:29:37.848,8,19863.286659240723,39726.573318481445,Dahu21,147.104,134.2113963462211,optimized,test,UL,A,1,optimized,18188.39013671875
10986,optimized_test_UL_A_1_9,1126.050033569336,546.4683151245117,9919.241973876953,8282.429656982422,2019-08-05 13:29:40.852,2019-08-05 13:32:07.956,9,19874.189979553223,39748.379959106445,Dahu21,147.104,134.28506742941366,optimized,test,UL,A,1,optimized,18201.671630859375
11435,optimized_test_UL_A_1_10,1125.426040649414,546.209342956543,9914.015686035156,8290.105651855469,2019-08-05 13:32:10.961,2019-08-05 13:34:38.052,10,19875.756721496582,39751.513442993164,Dahu21,147.091,134.29565352362556,optimized,test,UL,A,1,optimized,18204.121337890625
11885,optimized_test_UL_A_1_11,1125.2972106933594,546.9256439208984,9919.78564453125,8236.570037841797,2019-08-05 13:34:42.057,2019-08-05 13:37:09.161,11,19828.578536987305,39657.15707397461,Dahu21,147.104,133.976882006671,optimized,test,UL,A,1,optimized,18156.355682373047
12332,optimized_test_UL_A_1_12,1126.002326965332,546.8769836425781,9926.598541259766,8352.677856445312,2019-08-05 13:37:12.165,2019-08-05 13:39:39.268,12,19952.15570831299,39904.31141662598,Dahu21,147.103,134.81186289400668,optimized,test,UL,A,1,optimized,18279.276397705078
12783,optimized_test_UL_A_1_13,1126.0488739013672,546.8955307006836,9927.32192993164,8282.717803955078,2019-08-05 13:39:43.272,2019-08-05 13:42:10.374,13,19882.98413848877,39765.96827697754,Dahu21,147.102,134.34448742222142,optimized,test,UL,A,1,optimized,18210.03973388672
13230,optimized_test_UL_A_1_14,1129.0568313598633,548.5054168701172,9932.740051269531,8347.903686523438,2019-08-05 13:42:13.379,2019-08-05 13:44:40.482,14,19958.20598602295,39916.4119720459,Dahu21,147.103,134.8527431488037,optimized,test,UL,A,1,optimized,18280.64373779297
13679,optimized_test_UL_A_1_15,1129.4663543701172,547.5322875976562,9935.19906616211,8359.749145507812,2019-08-05 13:44:43.486,2019-08-05 13:47:10.583,15,19971.946853637695,39943.89370727539,Dahu21,147.097,134.94558684890336,optimized,test,UL,A,1,optimized,18294.948211669922
14128,optimized_test_UL_A_1_16,1129.558967590332,548.0389556884766,9939.249450683594,8401.018829345703,2019-08-05 13:47:14.587,2019-08-05 13:49:41.694,16,20017.866203308105,40035.73240661621,Dahu21,147.107,135.25585272505478,optimized,test,UL,A,1,optimized,18340.268280029297
14576,optimized_test_UL_A_1_17,1130.8720397949219,548.0885238647461,9943.3271484375,8220.333038330078,2019-08-05 13:49:44.698,2019-08-05 13:52:11.805,17,19842.620750427246,39685.24150085449,Dahu21,147.107,134.07176182721113,optimized,test,UL,A,1,optimized,18163.660186767578
15025,optimized_test_UL_A_1_18,1133.5091171264648,547.8411026000977,9940.973114013672,8324.885345458984,2019-08-05 13:52:14.809,2019-08-05 13:54:41.903,18,19947.20867919922,39894.41735839844,Dahu21,147.094,134.77843702161636,optimized,test,UL,A,1,optimized,18265.858459472656
15474,optimized_test_UL_A_1_19,1135.7558898925781,549.0912246704102,9944.199798583984,8418.148223876953,2019-08-05 13:54:45.909,2019-08-05 13:57:13.013,19,20047.195137023926,40094.39027404785,Dahu21,147.104,135.45402119610762,optimized,test,UL,A,1,optimized,18362.348022460938
15924,optimized_test_UL_A_1_20,1134.0243759155273,550.0062637329102,9942.868560791016,8423.689849853516,2019-08-05 13:57:17.018,2019-08-05 13:59:44.122,20,20050.58905029297,40101.17810058594,Dahu21,147.104,135.47695304252005,optimized,test,UL,A,1,optimized,18366.55841064453
138,normal_test_LU_B_32_1,151.05542755126953,70.37338256835938,1263.2065124511719,1087.34716796875,2019-08-05 09:31:28.286,2019-08-05 09:31:38.296,1,2571.982490539551,5143.964981079102,Dahu2,10.01,233.81659004905006,normal,test,LU,B,32,normal,2350.553680419922
175,normal_test_LU_B_32_2,83.8934555053711,138.3638458251953,1073.208251953125,1260.1528015136719,2019-08-05 09:31:41.300,2019-08-05 09:31:51.308,2,2555.6183547973633,5111.236709594727,Dahu2,10.008,232.32894134521484,normal,test,LU,B,32,normal,2333.361053466797
212,normal_test_LU_B_32_3,83.34464263916016,136.35462188720703,1100.3325500488281,1243.9641723632812,2019-08-05 09:31:54.312,2019-08-05 09:32:04.320,3,2563.9959869384766,5127.991973876953,Dahu2,10.008,233.09054426713422,normal,test,LU,B,32,normal,2344.2967224121094
251,normal_test_LU_B_32_4,151.45263671875,70.80473327636719,1252.4400634765625,1129.0067138671875,2019-08-05 09:32:08.325,2019-08-05 09:32:18.337,4,2603.704147338867,5207.408294677734,Dahu2,10.012,236.7003770308061,normal,test,LU,B,32,normal,2381.44677734375
288,normal_test_LU_B_32_5,147.88526153564453,76.7357177734375,1254.5470886230469,1162.1347961425781,2019-08-05 09:32:21.343,2019-08-05 09:32:31.351,5,2641.302864074707,5282.605728149414,Dahu2,10.008,240.11844218860972,normal,test,LU,B,32,normal,2416.681884765625
325,normal_test_LU_B_32_6,84.48860168457031,135.70797729492188,1158.7068481445312,1263.3561401367188,2019-08-05 09:32:34.356,2019-08-05 09:32:44.365,6,2642.259567260742,5284.519134521484,Dahu2,10.009,240.20541520552203,normal,test,LU,B,32,normal,2422.06298828125
362,normal_test_LU_B_32_7,91.89563751220703,148.84486389160156,1233.0968933105469,1362.4183959960938,2019-08-05 09:32:47.370,2019-08-05 09:32:58.379,7,2836.255790710449,5672.511581420898,Dahu2,11.009,236.35464922587076,normal,test,LU,B,32,normal,2595.5152893066406
402,normal_test_LU_B_32_8,84.65403747558594,137.41400909423828,1157.2142028808594,1262.3889770507812,2019-08-05 09:33:01.384,2019-08-05 09:33:11.394,8,2641.671226501465,5283.34245300293,Dahu2,10.01,240.15192968195134,normal,test,LU,B,32,normal,2419.6031799316406
439,normal_test_LU_B_32_9,84.4556884765625,137.57178497314453,1122.7831726074219,1247.6249389648438,2019-08-05 09:33:14.399,2019-08-05 09:33:24.412,9,2592.4355850219727,5184.871170043945,Dahu2,10.013,235.67596227472478,normal,test,LU,B,32,normal,2370.4081115722656
476,normal_test_LU_B_32_10,146.62238311767578,75.83869934082031,1244.3397827148438,1147.4781494140625,2019-08-05 09:33:27.417,2019-08-05 09:33:37.426,10,2614.2790145874023,5228.558029174805,Dahu2,10.009,237.66172859885475,normal,test,LU,B,32,normal,2391.8179321289062
513,normal_test_LU_B_32_11,164.01775360107422,76.60713195800781,1366.0088500976562,1210.3521728515625,2019-08-05 09:33:40.432,2019-08-05 09:33:51.441,11,2816.985908508301,5633.971817016602,Dahu2,11.009,234.74882570902506,normal,test,LU,B,32,normal,2576.3610229492188
553,normal_test_LU_B_32_12,150.18933868408203,70.52264404296875,1260.8699340820312,1130.881591796875,2019-08-05 09:33:54.446,2019-08-05 09:34:04.454,12,2612.463508605957,5224.927017211914,Dahu2,10.008,237.49668260054156,normal,test,LU,B,32,normal,2391.7515258789062
590,normal_test_LU_B_32_13,146.93576049804688,78.8360595703125,1245.3584594726562,1168.3686218261719,2019-08-05 09:34:07.459,2019-08-05 09:34:17.466,13,2639.4989013671875,5278.997802734375,Dahu2,10.007,239.95444557883522,normal,test,LU,B,32,normal,2413.727081298828
627,normal_test_LU_B_32_14,148.74087524414062,79.19550323486328,1255.0555419921875,1174.9904479980469,2019-08-05 09:34:20.471,2019-08-05 09:34:30.478,14,2657.9823684692383,5315.964736938477,Dahu2,10.007,241.63476076993075,normal,test,LU,B,32,normal,2430.0459899902344
665,normal_test_LU_B_32_15,92.23225402832031,135.7305908203125,1187.3281860351562,1258.5343322753906,2019-08-05 09:34:33.483,2019-08-05 09:34:43.491,15,2673.8253631591797,5347.650726318359,Dahu2,10.008,243.07503301447088,normal,test,LU,B,32,normal,2445.862518310547
701,normal_test_LU_B_32_16,152.9361572265625,70.28424835205078,1262.5198974609375,1130.3431396484375,2019-08-05 09:34:46.496,2019-08-05 09:34:56.503,16,2616.0834426879883,5232.166885375977,Dahu2,10.007,237.82576751708984,normal,test,LU,B,32,normal,2392.863037109375
738,normal_test_LU_B_32_17,86.08496856689453,137.11061096191406,1137.0392150878906,1252.9793090820312,2019-08-05 09:34:59.508,2019-08-05 09:35:09.521,17,2613.2141036987305,5226.428207397461,Dahu2,10.013,237.5649185180664,normal,test,LU,B,32,normal,2390.018524169922
777,normal_test_LU_B_32_18,86.5482177734375,139.67975616455078,1190.1754150390625,1252.9700927734375,2019-08-05 09:35:13.526,2019-08-05 09:35:23.534,18,2669.3734817504883,5338.746963500977,Dahu2,10.008,242.67031652277166,normal,test,LU,B,32,normal,2443.1455078125
814,normal_test_LU_B_32_19,148.6503677368164,76.75540161132812,1260.17431640625,1192.3698120117188,2019-08-05 09:35:26.542,2019-08-05 09:35:36.550,19,2677.9498977661133,5355.899795532227,Dahu2,10.008,243.4499907060103,normal,test,LU,B,32,normal,2452.5441284179688
851,normal_test_LU_B_32_20,151.09957885742188,70.25615692138672,1261.8426818847656,1118.6451416015625,2019-08-05 09:35:39.555,2019-08-05 09:35:49.561,20,2601.8435592651367,5203.687118530273,Dahu2,10.006,236.53123266046697,normal,test,LU,B,32,normal,2380.487823486328
888,normal_test_UL_A_1_1,886.6045150756836,370.94031524658203,6710.987091064453,5307.698303222656,2019-08-05 09:35:52.566,2019-08-05 09:37:32.638,1,13276.230224609375,26552.46044921875,Dahu2,100.072,131.44782400603341,normal,test,UL,A,1,normal,12018.68539428711
1196,normal_test_UL_A_1_2,471.64202880859375,632.7714462280273,4726.558563232422,5511.489959716797,2019-08-05 09:37:35.642,2019-08-05 09:39:03.707,2,11342.46199798584,22684.92399597168,Dahu2,88.065,127.44339323579595,normal,test,UL,A,1,normal,10238.048522949219
1467,normal_test_UL_A_1_3,779.0118942260742,325.8561325073242,5727.0579833984375,4391.709503173828,2019-08-05 09:39:06.713,2019-08-05 09:40:34.777,3,11223.635513305664,22447.271026611328,Dahu2,88.064,126.10826419444567,normal,test,UL,A,1,normal,10118.767486572266
1740,normal_test_UL_A_1_4,466.0126037597656,639.6782989501953,4762.313568115234,5543.534851074219,2019-08-05 09:40:38.782,2019-08-05 09:42:07.846,4,11411.539321899414,22823.078643798828,Dahu2,89.064,126.79488135443793,normal,test,UL,A,1,normal,10305.848419189453
2014,normal_test_UL_A_1_5,768.1493072509766,322.1871795654297,5629.886535644531,4344.1007080078125,2019-08-05 09:42:10.851,2019-08-05 09:43:37.915,5,11064.32373046875,22128.6474609375,Dahu2,87.064,125.73095148259944,normal,test,UL,A,1,normal,9973.987243652344
2282,normal_test_UL_A_1_6,809.7031021118164,341.1024475097656,5887.640838623047,4650.99365234375,2019-08-05 09:43:40.920,2019-08-05 09:45:12.990,6,11689.440040588379,23378.880081176758,Dahu2,92.07,125.69290366224064,normal,test,UL,A,1,normal,10538.634490966797
2564,normal_test_UL_A_1_7,817.0212326049805,344.45960998535156,5995.6630859375,4682.420745849609,2019-08-05 09:45:15.996,2019-08-05 09:46:49.059,7,11839.564674377441,23679.129348754883,Dahu2,93.063,125.9528156848664,normal,test,UL,A,1,normal,10678.08383178711
2851,normal_test_UL_A_1_8,779.2090530395508,330.13954162597656,5654.309326171875,4432.799133300781,2019-08-05 09:46:52.064,2019-08-05 09:48:21.132,8,11196.457054138184,22392.914108276367,Dahu2,89.068,124.40507837931315,normal,test,UL,A,1,normal,10087.108459472656
3124,normal_test_UL_A_1_9,445.34741973876953,632.594482421875,4579.9825439453125,5459.189544677734,2019-08-05 09:48:24.137,2019-08-05 09:49:52.202,9,11117.113990783691,22234.227981567383,Dahu2,88.065,124.91139315487294,normal,test,UL,A,1,normal,10039.172088623047
3396,normal_test_UL_A_1_10,754.6810150146484,322.47412872314453,5515.800231933594,4341.730499267578,2019-08-05 09:49:55.207,2019-08-05 09:51:22.275,10,10934.685874938965,21869.37174987793,Dahu2,87.068,124.25779403339733,normal,test,UL,A,1,normal,9857.530731201172
3663,normal_test_UL_A_1_11,450.7127456665039,639.5879592895508,4747.790985107422,5486.447967529297,2019-08-05 09:51:25.279,2019-08-05 09:52:54.340,11,11324.539657592773,22649.079315185547,Dahu2,89.061,125.82821841769749,normal,test,UL,A,1,normal,10234.238952636719
3938,normal_test_UL_A_1_12,464.7557144165039,661.9734344482422,4973.491180419922,5717.768829345703,2019-08-05 09:52:57.346,2019-08-05 09:54:29.413,12,11817.989158630371,23635.978317260742,Dahu2,92.067,127.07515224333733,normal,test,UL,A,1,normal,10691.260009765625
4221,normal_test_UL_A_1_13,451.80059814453125,641.1207656860352,4777.29296875,5547.1719970703125,2019-08-05 09:54:32.417,2019-08-05 09:56:01.481,13,11417.386329650879,22834.772659301758,Dahu2,89.064,126.85984810723198,normal,test,UL,A,1,normal,10324.464965820312
4497,normal_test_UL_A_1_14,794.5541763305664,337.20955657958984,5854.768646240234,4597.491271972656,2019-08-05 09:56:05.495,2019-08-05 09:57:36.562,14,11584.023651123047,23168.047302246094,Dahu2,91.067,125.9133005556853,normal,test,UL,A,1,normal,10452.25991821289
4779,normal_test_UL_A_1_15,771.0799942016602,325.95601654052734,5688.142486572266,4388.705047607422,2019-08-05 09:57:40.567,2019-08-05 09:59:08.630,15,11173.883544921875,22347.76708984375,Dahu2,88.063,125.54925331372893,normal,test,UL,A,1,normal,10076.847534179688
5052,normal_test_UL_A_1_16,762.97412109375,322.2618713378906,5647.702606201172,4341.346862792969,2019-08-05 09:59:12.636,2019-08-05 10:00:39.700,16,11074.285461425781,22148.570922851562,Dahu2,87.064,125.84415297074752,normal,test,UL,A,1,normal,9989.04946899414
5320,normal_test_UL_A_1_17,765.5078735351562,322.78845977783203,5619.592529296875,4349.6832275390625,2019-08-05 10:00:42.704,2019-08-05 10:02:09.771,17,11057.572090148926,22115.14418029785,Dahu2,87.067,125.65422829714689,normal,test,UL,A,1,normal,9969.275756835938
5588,normal_test_UL_A_1_18,818.4139175415039,344.73099517822266,6049.91357421875,4699.9345703125,2019-08-05 10:02:12.776,2019-08-05 10:03:45.841,18,11912.993057250977,23825.986114501953,Dahu2,93.065,126.73396869415933,normal,test,UL,A,1,normal,10749.84814453125
5874,normal_test_UL_A_1_19,845.3782653808594,361.89514923095703,6252.683898925781,4958.342010498047,2019-08-05 10:03:48.845,2019-08-05 10:05:24.916,19,12418.299324035645,24836.59864807129,Dahu2,96.071,128.02370437150148,normal,test,UL,A,1,normal,11211.025909423828
6169,normal_test_UL_A_1_20,453.93131256103516,626.3478393554688,4660.603363037109,5387.835906982422,2019-08-05 10:05:27.920,2019-08-05 10:06:54.980,20,11128.718421936035,22257.43684387207,Dahu2,87.06,126.46270934018222,normal,test,UL,A,1,normal,10048.439270019531
6490,optimized_test_LU_B_32_1,173.95516204833984,45.430419921875,1511.5755004882812,563.5002746582031,2019-08-05 10:12:35.222,2019-08-05 10:12:47.229,1,2294.461357116699,4588.922714233398,Dahu2,12.007,176.49702747051532,optimized,test,LU,B,32,optimized,2075.0757751464844
6533,optimized_test_LU_B_32_2,188.6282730102539,48.516998291015625,1619.4620361328125,607.7213134765625,2019-08-05 10:12:50.234,2019-08-05 10:13:03.242,2,2464.3286209106445,4928.657241821289,Dahu2,13.008,176.0234729221889,optimized,test,LU,B,32,optimized,2227.183349609375
6578,optimized_test_LU_B_32_3,188.06658172607422,48.599456787109375,1623.8696594238281,599.2860717773438,2019-08-05 10:13:06.246,2019-08-05 10:13:19.259,3,2459.8217697143555,4919.643539428711,Dahu2,13.013,175.7015549795968,optimized,test,LU,B,32,optimized,2223.155731201172
6624,optimized_test_LU_B_32_4,175.43218231201172,44.77268981933594,1511.169189453125,548.0032653808594,2019-08-05 10:13:22.263,2019-08-05 10:13:34.270,4,2279.377326965332,4558.754653930664,Dahu2,12.007,175.3367174588717,optimized,test,LU,B,32,optimized,2059.1724548339844
6668,optimized_test_LU_B_32_5,188.3820571899414,48.634735107421875,1620.9502258300781,590.6705017089844,2019-08-05 10:13:37.275,2019-08-05 10:13:50.288,5,2448.637519836426,4897.275039672852,Dahu2,13.013,174.90267998831612,optimized,test,LU,B,32,optimized,2211.6207275390625
6713,optimized_test_LU_B_32_6,174.97021484375,44.802581787109375,1510.1898803710938,542.9626770019531,2019-08-05 10:13:53.292,2019-08-05 10:14:05.300,6,2272.9253540039062,4545.8507080078125,Dahu2,12.008,174.84041184645432,optimized,test,LU,B,32,optimized,2053.152557373047
6759,optimized_test_LU_B_32_7,175.09734344482422,44.85930633544922,1508.1071472167969,543.9134216308594,2019-08-05 10:14:09.305,2019-08-05 10:14:21.314,7,2271.9772186279297,4543.954437255859,Dahu2,12.009,174.7674783559946,optimized,test,LU,B,32,optimized,2052.0205688476562
6803,optimized_test_LU_B_32_8,175.69490814208984,44.79314422607422,1511.1023559570312,539.7760314941406,2019-08-05 10:14:25.319,2019-08-05 10:14:37.326,8,2271.366439819336,4542.732879638672,Dahu2,12.007,174.72049537071814,optimized,test,LU,B,32,optimized,2050.878387451172
6846,optimized_test_LU_B_32_9,188.60867309570312,48.733604431152344,1623.9416809082031,588.5514831542969,2019-08-05 10:14:40.330,2019-08-05 10:14:53.342,9,2449.8354415893555,4899.670883178711,Dahu2,13.012,174.9882458278111,optimized,test,LU,B,32,optimized,2212.4931640625
6892,optimized_test_LU_B_32_10,175.39188385009766,44.91485595703125,1510.4216613769531,541.9547119140625,2019-08-05 10:14:56.347,2019-08-05 10:15:08.359,10,2272.6831130981445,4545.366226196289,Dahu2,12.012,174.8217779306265,optimized,test,LU,B,32,optimized,2052.3763732910156
6937,optimized_test_LU_B_32_11,176.24813079833984,44.869667053222656,1510.4703674316406,538.6074523925781,2019-08-05 10:15:12.364,2019-08-05 10:15:24.371,11,2270.1956176757812,4540.3912353515625,Dahu2,12.007,174.63043212890625,optimized,test,LU,B,32,optimized,2049.0778198242188
6981,optimized_test_LU_B_32_12,188.74966430664062,48.639015197753906,1622.8688354492188,587.9732055664062,2019-08-05 10:15:27.375,2019-08-05 10:15:40.389,12,2448.2307205200195,4896.461441040039,Dahu2,13.014,174.8736228942871,optimized,test,LU,B,32,optimized,2210.842041015625
7027,optimized_test_LU_B_32_13,175.8122787475586,44.826988220214844,1511.1066589355469,539.8609619140625,2019-08-05 10:15:43.394,2019-08-05 10:15:55.401,13,2271.606887817383,4543.213775634766,Dahu2,12.007,174.7389913705679,optimized,test,LU,B,32,optimized,2050.9676208496094
7072,optimized_test_LU_B_32_14,176.08404541015625,44.859825134277344,1510.028076171875,538.8172302246094,2019-08-05 10:15:59.406,2019-08-05 10:16:11.414,14,2269.789176940918,4539.578353881836,Dahu2,12.008,174.59916745699368,optimized,test,LU,B,32,optimized,2048.8453063964844
7114,optimized_test_LU_B_32_15,189.14093017578125,48.75152587890625,1622.1670532226562,589.2207946777344,2019-08-05 10:16:14.418,2019-08-05 10:16:27.426,15,2449.280303955078,4898.560607910156,Dahu2,13.008,174.94859313964844,optimized,test,LU,B,32,optimized,2211.3878479003906
7160,optimized_test_LU_B_32_16,175.48199462890625,44.90131378173828,1509.9302368164062,541.1845703125,2019-08-05 10:16:30.430,2019-08-05 10:16:42.438,16,2271.498115539551,4542.996231079102,Dahu2,12.008,174.73062427227313,optimized,test,LU,B,32,optimized,2051.1148071289062
7205,optimized_test_LU_B_32_17,176.0249481201172,44.834922790527344,1509.5228271484375,537.9712524414062,2019-08-05 10:16:46.443,2019-08-05 10:16:58.451,17,2268.3539505004883,4536.707901000977,Dahu2,12.008,174.48876542311447,optimized,test,LU,B,32,optimized,2047.4940795898438
7248,optimized_test_LU_B_32_18,188.89244842529297,48.679359436035156,1622.6802673339844,589.9837646484375,2019-08-05 10:17:01.455,2019-08-05 10:17:14.467,18,2450.23583984375,4900.4716796875,Dahu2,13.012,175.016845703125,optimized,test,LU,B,32,optimized,2212.664031982422
7294,optimized_test_LU_B_32_19,189.48426055908203,48.664306640625,1628.7962951660156,584.6594848632812,2019-08-05 10:17:17.472,2019-08-05 10:17:30.480,19,2451.604347229004,4903.208694458008,Dahu2,13.008,175.11459623064314,optimized,test,LU,B,32,optimized,2213.455780029297
7340,optimized_test_LU_B_32_20,176.23303985595703,44.82488250732422,1510.8162841796875,541.2955932617188,2019-08-05 10:17:33.484,2019-08-05 10:17:45.492,20,2273.1697998046875,4546.339599609375,Dahu2,12.008,174.85921536959134,optimized,test,LU,B,32,optimized,2052.1118774414062
7385,optimized_test_UL_A_1_1,1308.8835830688477,546.3614349365234,10501.83837890625,8137.374755859375,2019-08-05 10:17:49.496,2019-08-05 10:20:16.584,1,20494.458152770996,40988.91630554199,Dahu2,147.088,138.47606859980402,optimized,test,UL,A,1,optimized,18639.213134765625
7834,optimized_test_UL_A_1_2,1306.558479309082,546.2695465087891,10300.799438476562,8241.853393554688,2019-08-05 10:20:19.588,2019-08-05 10:22:46.664,2,20395.48085784912,40790.96171569824,Dahu2,147.076,137.80730309357514,optimized,test,UL,A,1,optimized,18542.65283203125
8282,optimized_test_UL_A_1_3,1304.0605773925781,546.1360626220703,10225.170013427734,8432.439727783203,2019-08-05 10:22:49.668,2019-08-05 10:25:16.758,3,20507.806381225586,41015.61276245117,Dahu2,147.09,138.5662593326053,optimized,test,UL,A,1,optimized,18657.609741210938
8732,optimized_test_UL_A_1_4,1302.045166015625,546.5251388549805,10283.107849121094,8493.218322753906,2019-08-05 10:25:20.763,2019-08-05 10:27:47.856,4,20624.896476745605,41249.79295349121,Dahu2,147.093,139.3574086266595,optimized,test,UL,A,1,optimized,18776.326171875
9180,optimized_test_UL_A_1_5,1302.8554077148438,547.3176422119141,10283.207397460938,8520.722686767578,2019-08-05 10:27:50.860,2019-08-05 10:30:17.951,5,20654.103134155273,41308.20626831055,Dahu2,147.091,139.55475090645456,optimized,test,UL,A,1,optimized,18803.930084228516
9627,optimized_test_UL_A_1_6,1301.1108779907227,547.1211166381836,10283.109954833984,8446.105163574219,2019-08-05 10:30:20.955,2019-08-05 10:32:48.046,6,20577.44711303711,41154.89422607422,Dahu2,147.091,139.0368048178183,optimized,test,UL,A,1,optimized,18729.215118408203
10078,optimized_test_UL_A_1_7,1301.4805068969727,546.2972869873047,10229.356903076172,8410.513763427734,2019-08-05 10:32:52.050,2019-08-05 10:35:19.141,7,20487.648460388184,40975.29692077637,Dahu2,147.091,138.430057164785,optimized,test,UL,A,1,optimized,18639.870666503906
10526,optimized_test_UL_A_1_8,1302.8898315429688,546.4721755981445,10286.961822509766,8508.41049194336,2019-08-05 10:35:22.145,2019-08-05 10:37:49.239,8,20644.73432159424,41289.46864318848,Dahu2,147.094,139.49144811888,optimized,test,UL,A,1,optimized,18795.372314453125
10974,optimized_test_UL_A_1_9,1301.570785522461,546.1263580322266,10294.430358886719,8517.75814819336,2019-08-05 10:37:52.243,2019-08-05 10:40:19.320,9,20659.885650634766,41319.77130126953,Dahu2,147.077,139.5938219637484,optimized,test,UL,A,1,optimized,18812.188507080078
11424,optimized_test_UL_A_1_10,1302.9725341796875,545.7042694091797,10295.793853759766,8537.48794555664,2019-08-05 10:40:23.324,2019-08-05 10:42:50.414,10,20681.958602905273,41363.91720581055,Dahu2,147.09,139.74296353314375,optimized,test,UL,A,1,optimized,18833.281799316406
11871,optimized_test_UL_A_1_11,1304.6547012329102,546.128044128418,10264.800842285156,8534.899139404297,2019-08-05 10:42:53.419,2019-08-05 10:45:20.508,11,20650.48272705078,41300.96545410156,Dahu2,147.089,139.53028869628906,optimized,test,UL,A,1,optimized,18799.699981689453
12319,optimized_test_UL_A_1_12,1311.0092163085938,550.3605880737305,10326.225982666016,8564.568603515625,2019-08-05 10:45:23.512,2019-08-05 10:47:51.590,12,20752.164390563965,41504.32878112793,Dahu2,148.078,139.2762710776105,optimized,test,UL,A,1,optimized,18890.79458618164
12771,optimized_test_UL_A_1_13,1304.5550689697266,546.2496871948242,10300.59780883789,8223.469268798828,2019-08-05 10:47:54.594,2019-08-05 10:50:21.687,13,20374.87183380127,40749.74366760254,Dahu2,147.093,137.66805293108965,optimized,test,UL,A,1,optimized,18524.06707763672
13218,optimized_test_UL_A_1_14,1305.6647186279297,546.3644409179688,10298.42056274414,8465.905242919922,2019-08-05 10:50:24.691,2019-08-05 10:52:51.781,14,20616.35496520996,41232.70993041992,Dahu2,147.09,139.29969571087813,optimized,test,UL,A,1,optimized,18764.325805664062
13666,optimized_test_UL_A_1_15,1302.6916580200195,547.0859527587891,10293.197082519531,8524.972442626953,2019-08-05 10:52:54.785,2019-08-05 10:55:21.864,15,20667.947135925293,41335.894271850586,Dahu2,147.079,139.64829145895467,optimized,test,UL,A,1,optimized,18818.169525146484
14117,optimized_test_UL_A_1_16,1302.9550399780273,546.8386840820312,10265.590423583984,8489.81723022461,2019-08-05 10:55:25.868,2019-08-05 10:57:52.960,16,20605.201377868652,41210.402755737305,Dahu2,147.092,139.22433363424764,optimized,test,UL,A,1,optimized,18755.407653808594
14565,optimized_test_UL_A_1_17,1293.4272537231445,546.5419616699219,9937.680877685547,8161.017364501953,2019-08-05 10:57:55.964,2019-08-05 11:00:23.042,17,19938.667457580566,39877.33491516113,Dahu2,147.078,134.72072606473355,optimized,test,UL,A,1,optimized,18098.6982421875
15012,optimized_test_UL_A_1_18,1292.674705505371,547.2626419067383,10072.344024658203,8387.104217529297,2019-08-05 11:00:26.046,2019-08-05 11:02:53.124,18,20299.38558959961,40598.77117919922,Dahu2,147.078,137.1580107405379,optimized,test,UL,A,1,optimized,18459.4482421875
15462,optimized_test_UL_A_1_19,1288.5483474731445,547.0428085327148,10044.330627441406,8270.786010742188,2019-08-05 11:02:57.128,2019-08-05 11:05:24.220,19,20150.707794189453,40301.415588378906,Dahu2,147.092,136.15343104182062,optimized,test,UL,A,1,optimized,18315.116638183594
15910,optimized_test_UL_A_1_20,1296.2519073486328,550.8105773925781,10108.782989501953,8423.540802001953,2019-08-05 11:05:27.224,2019-08-05 11:07:55.303,20,20379.386276245117,40758.772552490234,Dahu2,148.079,136.77440453855783,optimized,test,UL,A,1,optimized,18532.323791503906
123,normal_test_LU_B_32_1,71.69761657714844,134.21408081054688,982.1485900878906,1231.0975952148438,2019-08-06 08:41:27.548,2019-08-06 08:41:37.558,1,2419.1578826904297,4838.315765380859,Dahu31,10.01,219.92344388094816,normal,test,LU,B,32,normal,2213.2461853027344
161,normal_test_LU_B_32_2,133.58245086669922,71.57025909423828,1224.6767883300781,1049.7196655273438,2019-08-06 08:41:41.563,2019-08-06 08:41:51.571,2,2479.5491638183594,4959.098327636719,Dahu31,10.008,225.4135603471236,normal,test,LU,B,32,normal,2274.396453857422
198,normal_test_LU_B_32_3,68.99956512451172,138.83866119384766,1022.38623046875,1257.6069946289062,2019-08-06 08:41:54.576,2019-08-06 08:42:04.584,3,2487.8314514160156,4975.662902832031,Dahu31,10.008,226.16649558327416,normal,test,LU,B,32,normal,2279.9932250976562
235,normal_test_LU_B_32_4,132.74703216552734,74.95738220214844,1230.3614196777344,1082.7622375488281,2019-08-06 08:42:07.588,2019-08-06 08:42:17.602,4,2520.8280715942383,5041.656143188477,Dahu31,10.014,229.16618832674894,normal,test,LU,B,32,normal,2313.1236572265625
272,normal_test_LU_B_32_5,72.75581359863281,137.64266204833984,1036.1077575683594,1257.4795837402344,2019-08-06 08:42:20.607,2019-08-06 08:42:30.616,5,2503.9858169555664,5007.971633911133,Dahu31,10.009,227.63507426868784,normal,test,LU,B,32,normal,2293.5873413085938
309,normal_test_LU_B_32_6,68.80845642089844,136.49857330322266,1017.3467102050781,1256.9053649902344,2019-08-06 08:42:33.620,2019-08-06 08:42:43.627,6,2479.5591049194336,4959.118209838867,Dahu31,10.007,225.41446408358487,normal,test,LU,B,32,normal,2274.2520751953125
346,normal_test_LU_B_32_7,74.73759460449219,146.39205169677734,1117.1820373535156,1366.7724304199219,2019-08-06 08:42:46.632,2019-08-06 08:42:57.645,7,2705.084114074707,5410.168228149414,Dahu31,11.013,225.42367617289224,normal,test,LU,B,32,normal,2483.9544677734375
386,normal_test_LU_B_32_8,132.3871307373047,74.31529998779297,1238.8501281738281,1089.15966796875,2019-08-06 08:43:00.650,2019-08-06 08:43:10.658,8,2534.712226867676,5069.424453735352,Dahu31,10.008,230.4283842606978,normal,test,LU,B,32,normal,2328.009796142578
424,normal_test_LU_B_32_9,132.05682373046875,71.23225402832031,1232.4149475097656,1037.2341003417969,2019-08-06 08:43:13.663,2019-08-06 08:43:23.674,9,2472.9381256103516,4945.876251220703,Dahu31,10.011,224.8125568736683,normal,test,LU,B,32,normal,2269.6490478515625
462,normal_test_LU_B_32_10,121.14934539794922,67.67680358886719,1121.5101928710938,1004.9082336425781,2019-08-06 08:43:27.681,2019-08-06 08:43:36.690,10,2315.2445755004883,4630.489151000977,Dahu31,9.009,231.52445755004882,normal,test,LU,B,32,normal,2126.418426513672
496,normal_test_LU_B_32_11,72.37174224853516,136.17872619628906,1000.9556274414062,1239.5431518554688,2019-08-06 08:43:39.695,2019-08-06 08:43:49.704,11,2449.049247741699,4898.098495483398,Dahu31,10.009,222.64084070379084,normal,test,LU,B,32,normal,2240.498779296875
534,normal_test_LU_B_32_12,130.8450927734375,74.82381439208984,1232.0155029296875,1081.292724609375,2019-08-06 08:43:52.709,2019-08-06 08:44:02.719,12,2518.97713470459,5037.95426940918,Dahu31,10.01,228.9979213367809,normal,test,LU,B,32,normal,2313.3082275390625
570,normal_test_LU_B_32_13,69.0342025756836,136.50972747802734,1007.9443969726562,1241.955078125,2019-08-06 08:44:05.723,2019-08-06 08:44:15.734,13,2455.443405151367,4910.886810302734,Dahu31,10.011,223.22212774103338,normal,test,LU,B,32,normal,2249.8994750976562
609,normal_test_LU_B_32_14,69.59502410888672,122.07677459716797,998.9646911621094,1135.7979125976562,2019-08-06 08:44:19.740,2019-08-06 08:44:28.748,14,2326.4344024658203,4652.868804931641,Dahu31,9.008,232.64344024658203,normal,test,LU,B,32,normal,2134.7626037597656
645,normal_test_LU_B_32_15,65.89443969726562,122.93999481201172,946.4823303222656,1133.5789184570312,2019-08-06 08:44:32.753,2019-08-06 08:44:41.761,15,2268.895683288574,4537.791366577148,Dahu31,9.008,226.88956832885742,normal,test,LU,B,32,normal,2080.061248779297
681,normal_test_LU_B_32_16,69.87499237060547,140.08482360839844,1053.4298095703125,1260.2396850585938,2019-08-06 08:44:45.767,2019-08-06 08:44:55.776,16,2523.62931060791,5047.25862121582,Dahu31,10.009,229.42084641890094,normal,test,LU,B,32,normal,2313.6694946289062
718,normal_test_LU_B_32_17,73.011962890625,138.7206802368164,1061.9493103027344,1258.5561828613281,2019-08-06 08:44:58.781,2019-08-06 08:45:08.792,17,2532.238136291504,5064.476272583008,Dahu31,10.011,230.20346693559125,normal,test,LU,B,32,normal,2320.5054931640625
755,normal_test_LU_B_32_18,135.08401489257812,71.99988555908203,1251.5084838867188,1091.1976318359375,2019-08-06 08:45:11.797,2019-08-06 08:45:21.805,18,2549.7900161743164,5099.580032348633,Dahu31,10.008,231.7990923794833,normal,test,LU,B,32,normal,2342.7061157226562
792,normal_test_LU_B_32_19,133.08709716796875,74.61986541748047,1244.0625610351562,1104.0177612304688,2019-08-06 08:45:24.811,2019-08-06 08:45:34.818,19,2555.787284851074,5111.574569702148,Dahu31,10.007,232.34429862282494,normal,test,LU,B,32,normal,2348.080322265625
829,normal_test_LU_B_32_20,69.92051696777344,137.75599670410156,1033.6168823242188,1254.7838439941406,2019-08-06 08:45:37.823,2019-08-06 08:45:47.832,20,2496.0772399902344,4992.154479980469,Dahu31,10.009,226.91611272638494,normal,test,LU,B,32,normal,2288.4007263183594
867,normal_test_UL_A_1_1,324.52974700927734,663.5791168212891,4309.336608886719,5549.352203369141,2019-08-06 08:45:50.837,2019-08-06 08:47:21.905,1,10846.797676086426,21693.59535217285,Dahu31,91.068,117.89997474006985,normal,test,UL,A,1,normal,9858.68881225586
1147,normal_test_UL_A_1_2,308.48545837402344,632.9812164306641,4034.5636596679688,5182.81982421875,2019-08-06 08:47:24.910,2019-08-06 08:48:51.975,2,10158.850158691406,20317.700317382812,Dahu31,87.065,115.4414790760387,normal,test,UL,A,1,normal,9217.383483886719
1417,normal_test_UL_A_1_3,625.6915969848633,331.8473434448242,4881.687316894531,4231.609710693359,2019-08-06 08:48:55.985,2019-08-06 08:50:24.049,3,10070.835968017578,20141.671936035156,Dahu31,88.064,113.15546031480424,normal,test,UL,A,1,normal,9113.29702758789
1690,normal_test_UL_A_1_4,310.8377685546875,646.7799682617188,4119.317230224609,5281.797424316406,2019-08-06 08:50:28.054,2019-08-06 08:51:57.123,4,10358.732391357422,20717.464782714844,Dahu31,89.069,115.09702657063802,normal,test,UL,A,1,normal,9401.114654541016
1964,normal_test_UL_A_1_5,319.63599395751953,667.4470520019531,4278.027587890625,5501.947937011719,2019-08-06 08:52:00.128,2019-08-06 08:53:32.195,5,10767.058570861816,21534.117141723633,Dahu31,92.067,115.77482334260017,normal,test,UL,A,1,normal,9779.975524902344
2247,normal_test_UL_A_1_6,647.5692367553711,346.5774383544922,5066.437927246094,4538.229705810547,2019-08-06 08:53:35.200,2019-08-06 08:55:07.265,6,10598.814308166504,21197.628616333008,Dahu31,92.065,113.9657452491022,normal,test,UL,A,1,normal,9604.66763305664
2530,normal_test_UL_A_1_7,318.6720199584961,668.0871734619141,4287.026062011719,5448.317199707031,2019-08-06 08:55:10.269,2019-08-06 08:56:42.336,7,10722.10245513916,21444.20491027832,Dahu31,92.067,115.29142424880817,normal,test,UL,A,1,normal,9735.34326171875
2814,normal_test_UL_A_1_8,625.7690124511719,335.236083984375,4915.143585205078,4264.123870849609,2019-08-06 08:56:46.343,2019-08-06 08:58:15.410,8,10140.272552490234,20280.54510498047,Dahu31,89.067,112.66969502766928,normal,test,UL,A,1,normal,9179.267456054688
3089,normal_test_UL_A_1_9,304.9392623901367,640.0570526123047,4046.4358825683594,5193.935729980469,2019-08-06 08:58:18.414,2019-08-06 08:59:46.481,9,10185.36792755127,20370.73585510254,Dahu31,88.067,114.442336264621,normal,test,UL,A,1,normal,9240.371612548828
3362,normal_test_UL_A_1_10,308.1675720214844,647.3613128662109,4116.60546875,5302.7161865234375,2019-08-06 08:59:50.487,2019-08-06 09:01:19.553,10,10374.850540161133,20749.701080322266,Dahu31,89.066,115.27611711290147,normal,test,UL,A,1,normal,9419.321655273438
3636,normal_test_UL_A_1_11,311.59832763671875,654.1813812255859,4174.15380859375,5321.351989746094,2019-08-06 09:01:22.558,2019-08-06 09:02:52.628,11,10461.285507202148,20922.571014404297,Dahu31,90.07,114.9591813978258,normal,test,UL,A,1,normal,9495.505798339844
3912,normal_test_UL_A_1_12,619.6106262207031,330.6506881713867,4855.688995361328,4223.593902587891,2019-08-06 09:02:55.633,2019-08-06 09:04:23.698,12,10029.544212341309,20059.088424682617,Dahu31,88.065,112.69150800383493,normal,test,UL,A,1,normal,9079.282897949219
4184,normal_test_UL_A_1_13,301.1035842895508,630.7436370849609,4017.657012939453,5117.4595947265625,2019-08-06 09:04:26.703,2019-08-06 09:05:53.770,13,10066.963829040527,20133.927658081055,Dahu31,87.067,114.3973162390969,normal,test,UL,A,1,normal,9135.116607666016
4454,normal_test_UL_A_1_14,314.46148681640625,659.8898162841797,4231.667175292969,5437.131134033203,2019-08-06 09:05:57.775,2019-08-06 09:07:28.843,14,10643.149612426758,21286.299224853516,Dahu31,91.068,115.68640883072563,normal,test,UL,A,1,normal,9668.798309326172
4734,normal_test_UL_A_1_15,619.4759674072266,330.4508743286133,4847.446441650391,4226.574127197266,2019-08-06 09:07:31.849,2019-08-06 09:08:59.914,15,10023.947410583496,20047.894821166992,Dahu31,88.065,112.6286225908258,normal,test,UL,A,1,normal,9074.020568847656
5005,normal_test_UL_A_1_16,619.6556625366211,329.9084243774414,4866.002899169922,4217.843719482422,2019-08-06 09:09:02.920,2019-08-06 09:10:30.985,16,10033.410705566406,20066.821411132812,Dahu31,88.065,112.73495174793715,normal,test,UL,A,1,normal,9083.846618652344
5275,normal_test_UL_A_1_17,626.6763305664062,334.5036392211914,4896.182189941406,4327.5947265625,2019-08-06 09:10:33.990,2019-08-06 09:12:03.054,17,10184.956886291504,20369.913772583008,Dahu31,89.064,113.16618762546115,normal,test,UL,A,1,normal,9223.776916503906
5552,normal_test_UL_A_1_18,640.9773025512695,342.31282806396484,5035.191314697266,4420.685821533203,2019-08-06 09:12:07.059,2019-08-06 09:13:38.129,18,10439.167266845703,20878.334533691406,Dahu31,91.07,113.4692094222359,normal,test,UL,A,1,normal,9455.877136230469
5831,normal_test_UL_A_1_19,622.0211410522461,330.1055908203125,4839.344665527344,4223.483856201172,2019-08-06 09:13:41.134,2019-08-06 09:15:09.197,19,10014.955253601074,20029.91050720215,Dahu31,88.063,112.52758711911319,normal,test,UL,A,1,normal,9062.828521728516
6103,normal_test_UL_A_1_20,308.59136962890625,644.1899566650391,4110.618103027344,5261.109649658203,2019-08-06 09:15:12.202,2019-08-06 09:16:41.269,20,10324.509078979492,20649.018157958984,Dahu31,89.067,114.71676754421658,normal,test,UL,A,1,normal,9371.727752685547
6427,optimized_test_LU_B_32_1,152.13411712646484,46.30186462402344,1500.2228393554688,647.5339050292969,2019-08-06 09:22:21.463,2019-08-06 09:22:33.471,1,2346.192726135254,4692.385452270508,Dahu31,12.008,180.4763635488657,optimized,test,LU,B,32,optimized,2147.7567443847656
6470,optimized_test_LU_B_32_2,151.84078216552734,46.548545837402344,1491.8902893066406,651.3974304199219,2019-08-06 09:22:36.475,2019-08-06 09:22:48.483,2,2341.677047729492,4683.354095458984,Dahu31,12.008,180.1290036714994,optimized,test,LU,B,32,optimized,2143.2877197265625
6513,optimized_test_LU_B_32_3,162.7177505493164,49.99622344970703,1601.017822265625,701.0202026367188,2019-08-06 09:22:51.488,2019-08-06 09:23:04.495,3,2514.751998901367,5029.503997802734,Dahu31,13.007,179.62514277866907,optimized,test,LU,B,32,optimized,2302.0380249023438
6559,optimized_test_LU_B_32_4,152.58416748046875,45.87940216064453,1502.040283203125,644.1572265625,2019-08-06 09:23:07.500,2019-08-06 09:23:19.507,4,2344.6610794067383,4689.322158813477,Dahu31,12.007,180.35854456974909,optimized,test,LU,B,32,optimized,2146.197509765625
6603,optimized_test_LU_B_32_5,151.39763641357422,46.00147247314453,1489.897705078125,641.82080078125,2019-08-06 09:23:22.511,2019-08-06 09:23:34.521,5,2329.1176147460938,4658.2352294921875,Dahu31,12.01,179.1628934420072,optimized,test,LU,B,32,optimized,2131.718505859375
6647,optimized_test_LU_B_32_6,152.79202270507812,46.11023712158203,1502.3450927734375,646.5483093261719,2019-08-06 09:23:38.527,2019-08-06 09:23:50.535,6,2347.7956619262695,4695.591323852539,Dahu31,12.008,180.59966630202072,optimized,test,LU,B,32,optimized,2148.8934020996094
6690,optimized_test_LU_B_32_7,152.332763671875,46.038978576660156,1497.0660705566406,638.9722595214844,2019-08-06 09:23:53.539,2019-08-06 09:24:05.551,7,2334.41007232666,4668.82014465332,Dahu31,12.012,179.57000556358923,optimized,test,LU,B,32,optimized,2136.038330078125
6733,optimized_test_LU_B_32_8,163.33871459960938,50.11412048339844,1603.3973083496094,690.377685546875,2019-08-06 09:24:08.556,2019-08-06 09:24:21.563,8,2507.227828979492,5014.455657958984,Dahu31,13.007,179.08770206996374,optimized,test,LU,B,32,optimized,2293.7749938964844
6779,optimized_test_LU_B_32_9,153.07726287841797,46.072959899902344,1504.4277648925781,642.0715637207031,2019-08-06 09:24:24.568,2019-08-06 09:24:36.575,9,2345.6495513916016,4691.299102783203,Dahu31,12.007,180.43458087627704,optimized,test,LU,B,32,optimized,2146.4993286132812
6823,optimized_test_LU_B_32_10,152.23261260986328,46.11378479003906,1493.3167419433594,635.7501831054688,2019-08-06 09:24:39.580,2019-08-06 09:24:51.592,10,2327.4133224487305,4654.826644897461,Dahu31,12.012,179.03179403451773,optimized,test,LU,B,32,optimized,2129.066925048828
6865,optimized_test_LU_B_32_11,163.78204345703125,50.24859619140625,1606.9088439941406,690.1327514648438,2019-08-06 09:24:54.597,2019-08-06 09:25:07.606,11,2511.072235107422,5022.144470214844,Dahu31,13.009,179.36230250767298,optimized,test,LU,B,32,optimized,2297.0415954589844
6911,optimized_test_LU_B_32_12,153.54790496826172,46.126220703125,1505.1951904296875,636.7626037597656,2019-08-06 09:25:10.610,2019-08-06 09:25:22.618,12,2341.63191986084,4683.26383972168,Dahu31,12.008,180.12553229698767,optimized,test,LU,B,32,optimized,2141.957794189453
6955,optimized_test_LU_B_32_13,152.0209197998047,46.29450225830078,1493.1244201660156,636.2082214355469,2019-08-06 09:25:25.623,2019-08-06 09:25:37.638,13,2327.648063659668,4655.296127319336,Dahu31,12.015,179.04985105074368,optimized,test,LU,B,32,optimized,2129.3326416015625
6999,optimized_test_LU_B_32_14,153.46219635009766,46.197540283203125,1504.0224304199219,637.2459106445312,2019-08-06 09:25:41.643,2019-08-06 09:25:53.650,14,2340.928077697754,4681.856155395508,Dahu31,12.007,180.07139059213492,optimized,test,LU,B,32,optimized,2141.268341064453
7043,optimized_test_LU_B_32_15,153.17433166503906,46.1475830078125,1502.5538635253906,636.709716796875,2019-08-06 09:25:56.654,2019-08-06 09:26:08.666,15,2338.585494995117,4677.170989990234,Dahu31,12.012,179.89119192270132,optimized,test,LU,B,32,optimized,2139.2635803222656
7085,optimized_test_LU_B_32_16,163.88035583496094,50.14653778076172,1604.9780883789062,685.8059997558594,2019-08-06 09:26:11.672,2019-08-06 09:26:24.680,16,2504.8109817504883,5009.621963500977,Dahu31,13.008,178.91507012503487,optimized,test,LU,B,32,optimized,2290.7840881347656
7131,optimized_test_LU_B_32_17,153.5536880493164,45.96320343017578,1503.9596252441406,638.8016357421875,2019-08-06 09:26:27.684,2019-08-06 09:26:39.692,17,2342.2781524658203,4684.556304931641,Dahu31,12.008,180.1752424973708,optimized,test,LU,B,32,optimized,2142.761260986328
7175,optimized_test_LU_B_32_18,164.08804321289062,50.022193908691406,1609.177734375,690.0822448730469,2019-08-06 09:26:42.696,2019-08-06 09:26:55.707,18,2513.370216369629,5026.740432739258,Dahu31,13.011,179.52644402640206,optimized,test,LU,B,32,optimized,2299.259979248047
7220,optimized_test_LU_B_32_19,153.94512176513672,45.915443420410156,1504.5043334960938,636.8801879882812,2019-08-06 09:26:58.712,2019-08-06 09:27:10.719,19,2341.245086669922,4682.490173339844,Dahu31,12.007,180.0957758976863,optimized,test,LU,B,32,optimized,2141.384521484375
7263,optimized_test_LU_B_32_20,153.2643280029297,46.04267120361328,1500.912109375,640.6924438476562,2019-08-06 09:27:13.723,2019-08-06 09:27:25.732,20,2340.911552429199,4681.823104858398,Dahu31,12.009,180.0701194176307,optimized,test,LU,B,32,optimized,2141.6045532226562
7306,optimized_test_UL_A_1_1,1042.3498077392578,561.429443359375,8551.392852783203,8105.985687255859,2019-08-06 09:27:28.737,2019-08-06 09:29:55.827,1,18261.157791137695,36522.31558227539,Dahu31,147.09,123.38620129147091,optimized,test,UL,A,1,optimized,16657.378540039062
7756,optimized_test_UL_A_1_2,1035.0050506591797,561.2353973388672,8361.938568115234,8244.30697631836,2019-08-06 09:29:59.831,2019-08-06 09:32:26.921,2,18202.48599243164,36404.97198486328,Dahu31,147.09,122.98977021913271,optimized,test,UL,A,1,optimized,16606.245544433594
8205,optimized_test_UL_A_1_3,1029.982276916504,561.805305480957,8377.35888671875,8208.281005859375,2019-08-06 09:32:29.925,2019-08-06 09:34:57.018,3,18177.427474975586,36354.85494995117,Dahu31,147.093,122.8204559119972,optimized,test,UL,A,1,optimized,16585.639892578125
8652,optimized_test_UL_A_1_4,1028.8109817504883,560.1198654174805,8397.025177001953,8247.42935180664,2019-08-06 09:35:00.022,2019-08-06 09:37:27.102,4,18233.385375976562,36466.770751953125,Dahu31,147.08,123.19854983767948,optimized,test,UL,A,1,optimized,16644.454528808594
9102,optimized_test_UL_A_1_5,1028.6229629516602,561.6025314331055,8413.80630493164,8252.979095458984,2019-08-06 09:37:31.106,2019-08-06 09:39:58.196,5,18257.01089477539,36514.02178955078,Dahu31,147.09,123.35818172145534,optimized,test,UL,A,1,optimized,16666.785400390625
9551,optimized_test_UL_A_1_6,1028.2926025390625,559.5690383911133,8345.557830810547,8214.079010009766,2019-08-06 09:40:01.200,2019-08-06 09:42:28.288,6,18147.49848175049,36294.99696350098,Dahu31,147.088,122.6182329848006,optimized,test,UL,A,1,optimized,16559.636840820312
9999,optimized_test_UL_A_1_7,1028.1444931030273,560.3533554077148,8368.645446777344,8209.542541503906,2019-08-06 09:42:31.293,2019-08-06 09:44:58.371,7,18166.685836791992,36333.371673583984,Dahu31,147.078,122.74787727562156,optimized,test,UL,A,1,optimized,16578.18798828125
10449,optimized_test_UL_A_1_8,1029.6643676757812,560.8034896850586,8410.565704345703,8226.979614257812,2019-08-06 09:45:02.375,2019-08-06 09:47:29.468,8,18228.013175964355,36456.02635192871,Dahu31,147.093,123.16225118894835,optimized,test,UL,A,1,optimized,16637.545318603516
10897,optimized_test_UL_A_1_9,1028.9708938598633,559.8731307983398,8355.272888183594,8256.263763427734,2019-08-06 09:47:32.472,2019-08-06 09:49:59.563,9,18200.38067626953,36400.76135253906,Dahu31,147.091,122.97554510992927,optimized,test,UL,A,1,optimized,16611.536651611328
11344,optimized_test_UL_A_1_10,1026.003059387207,562.325798034668,8429.318542480469,8247.833465576172,2019-08-06 09:50:02.568,2019-08-06 09:52:29.660,10,18265.480865478516,36530.96173095703,Dahu31,147.092,123.41541125323322,optimized,test,UL,A,1,optimized,16677.15200805664
11793,optimized_test_UL_A_1_11,1026.2482986450195,562.1753616333008,8381.048736572266,8211.099578857422,2019-08-06 09:52:32.664,2019-08-06 09:54:59.743,11,18180.571975708008,36361.143951416016,Dahu31,147.079,122.84170253856762,optimized,test,UL,A,1,optimized,16592.148315429688
12243,optimized_test_UL_A_1_12,1027.9436874389648,562.3000030517578,8418.60092163086,8232.178802490234,2019-08-06 09:55:03.747,2019-08-06 09:57:30.839,12,18241.023414611816,36482.04682922363,Dahu31,147.092,123.2501582068366,optimized,test,UL,A,1,optimized,16650.779724121094
12690,optimized_test_UL_A_1_13,1036.531379699707,566.2953491210938,8455.069580078125,8174.321319580078,2019-08-06 09:57:33.843,2019-08-06 10:00:01.921,13,18232.217628479004,36464.43525695801,Dahu31,148.078,122.36387670120136,optimized,test,UL,A,1,optimized,16629.390899658203
13142,optimized_test_UL_A_1_14,1029.1401824951172,564.0237655639648,8395.368835449219,8244.677612304688,2019-08-06 10:00:04.925,2019-08-06 10:02:32.016,14,18233.21039581299,36466.42079162598,Dahu31,147.091,123.19736753927695,optimized,test,UL,A,1,optimized,16640.046447753906
13590,optimized_test_UL_A_1_15,1027.4003067016602,564.3026428222656,8412.779022216797,8240.190826416016,2019-08-06 10:02:35.021,2019-08-06 10:05:02.099,15,18244.67279815674,36489.34559631348,Dahu31,147.078,123.27481620376174,optimized,test,UL,A,1,optimized,16652.969848632812
14040,optimized_test_UL_A_1_16,1028.2445526123047,562.692253112793,8384.22348022461,8219.82876586914,2019-08-06 10:05:06.104,2019-08-06 10:07:33.195,16,18194.989051818848,36389.978103637695,Dahu31,147.091,122.93911521499221,optimized,test,UL,A,1,optimized,16604.05224609375
14487,optimized_test_UL_A_1_17,1027.5718688964844,563.3462753295898,8421.319946289062,8229.683227539062,2019-08-06 10:07:36.200,2019-08-06 10:10:03.289,17,18241.9213180542,36483.8426361084,Dahu31,147.089,123.25622512198784,optimized,test,UL,A,1,optimized,16651.003173828125
14936,optimized_test_UL_A_1_18,1028.420150756836,564.1856918334961,8384.47573852539,8175.863189697266,2019-08-06 10:10:06.294,2019-08-06 10:12:33.374,18,18152.94477081299,36305.88954162598,Dahu31,147.08,122.65503223522289,optimized,test,UL,A,1,optimized,16560.338928222656
15386,optimized_test_UL_A_1_19,1027.459129333496,564.7266998291016,8318.430145263672,8222.764892578125,2019-08-06 10:12:37.378,2019-08-06 10:15:04.471,19,18133.380867004395,36266.76173400879,Dahu31,147.093,122.52284369597564,optimized,test,UL,A,1,optimized,16541.195037841797
15833,optimized_test_UL_A_1_20,1029.607894897461,564.2311401367188,8416.193756103516,8216.122192382812,2019-08-06 10:15:07.475,2019-08-06 10:17:34.567,20,18226.154983520508,36452.309967041016,Dahu31,147.092,123.14969583459802,optimized,test,UL,A,1,optimized,16632.315948486328
