,target,RAPL_ENERGY_DRAM_0,RAPL_ENERGY_DRAM_1,RAPL_ENERGY_PKG_0,RAPL_ENERGY_PKG_1,begin,end,entryNumber,RAPL_ENERGY_PKG_all,RAPL_ENERGY_DRAM_all,machineName,time,powers_av_all,type,methode,bench,class,Nbprocess,y_ax
146,normal_normal_CG_C_16_1,208.42507934570312,92.56285095214844,1621.0452270507812,1312.5154724121094,2019-06-19 13:31:13.356,2019-06-19 13:31:26.366,1,3234.548629760742,6469.097259521484,threadtest,13.01,231.03918784005302,normal,normal,CG,C,16,normal normal
193,normal_normal_CG_C_16_2,110.55120849609375,187.20826721191406,1319.2037963867188,1617.8819885253906,2019-06-19 13:31:29.371,2019-06-19 13:31:42.379,2,3234.845260620117,6469.690521240234,threadtest,13.008,231.0603757585798,normal,normal,CG,C,16,normal normal
241,normal_normal_CG_C_16_3,113.40696716308594,175.05925750732422,1351.0552673339844,1402.1481628417969,2019-06-19 13:31:46.384,2019-06-19 13:31:58.395,3,3041.6696548461914,6083.339309692383,threadtest,12.011,233.97458883432242,normal,normal,CG,C,16,normal normal
284,normal_normal_CG_C_16_4,221.6471176147461,98.27861022949219,1728.7340087890625,1450.7997741699219,2019-06-19 13:32:01.399,2019-06-19 13:32:15.409,4,3499.4595108032227,6998.919021606445,threadtest,14.01,233.29730072021485,normal,normal,CG,C,16,normal normal
333,normal_normal_CG_C_16_5,208.41202545166016,92.26348114013672,1631.523681640625,1365.7608947753906,2019-06-19 13:32:18.416,2019-06-19 13:32:31.426,5,3297.9600830078125,6595.920166015625,threadtest,13.01,235.5685773577009,normal,normal,CG,C,16,normal normal
378,normal_normal_CG_C_16_6,122.2858657836914,185.88992309570312,1439.8906860351562,1579.3385925292969,2019-06-19 13:32:34.430,2019-06-19 13:32:47.441,6,3327.4050674438477,6654.810134887695,threadtest,13.011,237.6717905317034,normal,normal,CG,C,16,normal normal
425,normal_normal_CG_C_16_7,115.93602752685547,185.8818130493164,1341.1015014648438,1624.832275390625,2019-06-19 13:32:50.446,2019-06-19 13:33:03.456,7,3267.7516174316406,6535.503234863281,threadtest,13.01,233.41082981654577,normal,normal,CG,C,16,normal normal
470,normal_normal_CG_C_16_8,122.38374328613281,186.6763153076172,1432.6376037597656,1608.2245178222656,2019-06-19 13:33:06.461,2019-06-19 13:33:19.470,8,3349.9221801757812,6699.8443603515625,threadtest,13.009,239.2801557268415,normal,normal,CG,C,16,normal normal
516,normal_normal_CG_C_16_9,208.01614379882812,92.59370422363281,1607.2769470214844,1383.7037353515625,2019-06-19 13:33:22.475,2019-06-19 13:33:35.483,9,3291.590530395508,6583.181060791016,threadtest,13.008,235.11360931396484,normal,normal,CG,C,16,normal normal
564,normal_normal_CG_C_16_10,115.28890991210938,188.57135009765625,1459.9839172363281,1613.3308410644531,2019-06-19 13:33:39.490,2019-06-19 13:33:52.500,10,3377.175018310547,6754.350036621094,threadtest,13.01,241.22678702218192,normal,normal,CG,C,16,normal normal
611,normal_normal_CG_C_16_11,114.66934204101562,187.1686019897461,1353.4386596679688,1620.9747619628906,2019-06-19 13:33:55.505,2019-06-19 13:34:08.516,11,3276.251365661621,6552.502731323242,threadtest,13.011,234.0179546901158,normal,normal,CG,C,16,normal normal
658,normal_normal_CG_C_16_12,208.6046905517578,92.21218872070312,1625.8143310546875,1356.2261047363281,2019-06-19 13:34:12.521,2019-06-19 13:34:25.531,12,3282.8573150634766,6565.714630126953,threadtest,13.01,234.48980821881975,normal,normal,CG,C,16,normal normal
705,normal_normal_CG_C_16_13,123.68189239501953,185.02479553222656,1376.2005615234375,1489.8354797363281,2019-06-19 13:34:28.535,2019-06-19 13:34:41.546,13,3174.7427291870117,6349.485458374023,threadtest,13.011,226.76733779907227,normal,normal,CG,C,16,normal normal
751,normal_normal_CG_C_16_14,208.77127838134766,92.67158508300781,1583.067138671875,1396.4830627441406,2019-06-19 13:34:44.551,2019-06-19 13:34:57.559,14,3280.993064880371,6561.986129760742,threadtest,13.008,234.35664749145508,normal,normal,CG,C,16,normal normal
798,normal_normal_CG_C_16_15,209.20983123779297,99.76947784423828,1587.67578125,1319.6867065429688,2019-06-19 13:35:01.569,2019-06-19 13:35:14.578,15,3216.341796875,6432.68359375,threadtest,13.009,229.73869977678572,normal,normal,CG,C,16,normal normal
845,normal_normal_CG_C_16_16,208.8313446044922,92.24169158935547,1633.8078918457031,1326.882080078125,2019-06-19 13:35:17.583,2019-06-19 13:35:30.593,16,3261.763008117676,6523.526016235352,threadtest,13.01,232.9830720084054,normal,normal,CG,C,16,normal normal
892,normal_normal_CG_C_16_17,195.7942352294922,94.23606872558594,1511.2958068847656,1347.6716918945312,2019-06-19 13:35:34.598,2019-06-19 13:35:46.607,17,3148.997802734375,6297.99560546875,threadtest,12.009,242.23060021033655,normal,normal,CG,C,16,normal normal
935,normal_normal_CG_C_16_18,225.06947326660156,98.66192626953125,1749.7129516601562,1476.5628662109375,2019-06-19 13:35:49.612,2019-06-19 13:36:03.624,18,3550.0072174072266,7100.014434814453,threadtest,14.012,236.66714782714843,normal,normal,CG,C,16,normal normal
985,normal_normal_CG_C_16_19,115.736328125,188.04790496826172,1414.3411865234375,1625.5960388183594,2019-06-19 13:36:06.630,2019-06-19 13:36:19.642,19,3343.7214584350586,6687.442916870117,threadtest,13.012,238.8372470310756,normal,normal,CG,C,16,normal normal
1031,normal_normal_CG_C_16_20,124.15208435058594,200.65579223632812,1519.9660034179688,1740.9045104980469,2019-06-19 13:36:22.647,2019-06-19 13:36:36.656,20,3585.6783905029297,7171.356781005859,threadtest,14.009,239.04522603352865,normal,normal,CG,C,16,normal normal
1080,normal_normal_CG_C_8_1,294.3571090698242,146.80480194091797,2169.375213623047,1781.3598937988281,2019-06-19 13:36:39.661,2019-06-19 13:37:00.676,1,4391.897018432617,8783.794036865234,threadtest,21.015,199.63168265602806,normal,normal,CG,C,8,normal normal
1152,normal_normal_CG_C_8_2,283.3963623046875,141.31854248046875,2097.642852783203,1791.5081787109375,2019-06-19 13:37:04.681,2019-06-19 13:37:24.695,2,4313.865936279297,8627.731872558594,threadtest,20.014,205.42218744187127,normal,normal,CG,C,8,normal normal
1219,normal_normal_CG_C_8_3,277.5415344238281,155.04811096191406,2143.070068359375,1826.0169677734375,2019-06-19 13:37:27.700,2019-06-19 13:37:47.716,3,4401.676681518555,8803.35336303711,threadtest,20.016,209.60365150088356,normal,normal,CG,C,8,normal normal
1286,normal_normal_CG_C_8_4,176.0634536743164,234.11529541015625,1868.0669250488281,1969.9464416503906,2019-06-19 13:37:50.720,2019-06-19 13:38:09.735,4,4248.192115783691,8496.384231567383,threadtest,19.015,212.40960578918458,normal,normal,CG,C,8,normal normal
1352,normal_normal_CG_C_8_5,179.78182220458984,245.02864837646484,1894.2521057128906,1967.9189453125,2019-06-19 13:38:13.740,2019-06-19 13:38:33.756,5,4286.981521606445,8573.96304321289,threadtest,20.016,204.14197721935454,normal,normal,CG,C,8,normal normal
1420,normal_normal_CG_C_8_6,177.98828125,233.62567901611328,1877.4835510253906,1963.7129516601562,2019-06-19 13:38:37.761,2019-06-19 13:38:56.776,6,4252.81046295166,8505.62092590332,threadtest,19.015,212.640523147583,normal,normal,CG,C,8,normal normal
1485,normal_normal_CG_C_8_7,195.68177032470703,235.88583374023438,1925.0654296875,2048.7281494140625,2019-06-19 13:38:59.780,2019-06-19 13:39:19.795,7,4405.361183166504,8810.722366333008,threadtest,20.015,209.7791039603097,normal,normal,CG,C,8,normal normal
1552,normal_normal_CG_C_8_8,177.79772186279297,247.35597229003906,1944.9978942871094,2082.566131591797,2019-06-19 13:39:22.799,2019-06-19 13:39:42.814,8,4452.717720031738,8905.435440063477,threadtest,20.015,212.0341771443685,normal,normal,CG,C,8,normal normal
1619,normal_normal_CG_C_8_9,188.0243377685547,242.19156646728516,1983.4359741210938,2070.330810546875,2019-06-19 13:39:45.818,2019-06-19 13:40:05.832,9,4483.982688903809,8967.965377807617,threadtest,20.014,213.52298518589564,normal,normal,CG,C,8,normal normal
1686,normal_normal_CG_C_8_10,283.6816177368164,141.50592041015625,2119.857391357422,1804.2362060546875,2019-06-19 13:40:08.836,2019-06-19 13:40:28.851,10,4349.281135559082,8698.562271118164,threadtest,20.015,207.10862550281342,normal,normal,CG,C,8,normal normal
1755,normal_normal_CG_C_8_11,274.20057678222656,134.44988250732422,2088.4562072753906,1786.6903686523438,2019-06-19 13:40:32.856,2019-06-19 13:40:51.869,11,4283.797035217285,8567.59407043457,threadtest,19.013,214.18985176086426,normal,normal,CG,C,8,normal normal
1818,normal_normal_CG_C_8_12,286.61936950683594,139.9250717163086,2204.6195373535156,1822.9720153808594,2019-06-19 13:40:54.874,2019-06-19 13:41:14.887,12,4454.1359939575195,8908.271987915039,threadtest,20.013,212.10171399797713,normal,normal,CG,C,8,normal normal
1885,normal_normal_CG_C_8_13,274.50720977783203,134.27493286132812,2102.753204345703,1777.4523010253906,2019-06-19 13:41:17.892,2019-06-19 13:41:36.905,13,4288.987648010254,8577.975296020508,threadtest,19.013,214.4493824005127,normal,normal,CG,C,8,normal normal
1949,normal_normal_CG_C_8_14,284.3906021118164,140.84265899658203,2177.8207397460938,1812.14013671875,2019-06-19 13:41:39.911,2019-06-19 13:41:59.926,14,4415.194137573242,8830.388275146484,threadtest,20.015,210.2473398844401,normal,normal,CG,C,8,normal normal
2017,normal_normal_CG_C_8_15,286.6844482421875,139.8780059814453,2214.0900268554688,1837.7985229492188,2019-06-19 13:42:02.932,2019-06-19 13:42:22.946,15,4478.45100402832,8956.90200805664,threadtest,20.014,213.2595716203962,normal,normal,CG,C,8,normal normal
2083,normal_normal_CG_C_8_16,279.9393310546875,152.06988525390625,2188.5279235839844,1790.3825988769531,2019-06-19 13:42:25.951,2019-06-19 13:42:45.964,16,4410.919738769531,8821.839477539062,threadtest,20.013,210.0437970842634,normal,normal,CG,C,8,normal normal
2150,normal_normal_CG_C_8_17,184.50699615478516,245.45459747314453,1996.2755737304688,2080.832244873047,2019-06-19 13:42:48.969,2019-06-19 13:43:08.983,17,4507.069412231445,9014.13882446289,threadtest,20.014,214.62235296340216,normal,normal,CG,C,8,normal normal
2218,normal_normal_CG_C_8_18,178.8041763305664,248.17506408691406,1988.7779541015625,2079.6710205078125,2019-06-19 13:43:11.988,2019-06-19 13:43:32.003,18,4495.4282150268555,8990.856430053711,threadtest,20.015,214.06801023937408,normal,normal,CG,C,8,normal normal
2285,normal_normal_CG_C_8_19,179.50543212890625,246.14749908447266,1938.02783203125,2068.9011840820312,2019-06-19 13:43:35.008,2019-06-19 13:43:55.024,19,4432.58194732666,8865.16389465332,threadtest,20.016,211.07533082507905,normal,normal,CG,C,8,normal normal
2352,normal_normal_CG_C_8_20,295.31156158447266,147.50538635253906,2187.6260681152344,1839.3346252441406,2019-06-19 13:43:58.030,2019-06-19 13:44:19.045,20,4469.777641296387,8939.555282592773,threadtest,21.015,203.17171096801758,normal,normal,CG,C,8,normal normal
2422,normal_normal_CG_C_4_1,417.2820510864258,293.16149139404297,3135.1494750976562,2879.678741455078,2019-06-19 13:44:22.050,2019-06-19 13:44:58.077,1,6725.271759033203,13450.543518066406,threadtest,36.027,181.76410159549198,normal,normal,CG,C,4,normal normal
2537,normal_normal_CG_C_4_2,372.11146545410156,357.92108154296875,3131.767578125,3001.123779296875,2019-06-19 13:45:01.081,2019-06-19 13:45:38.110,2,6862.923904418945,13725.84780883789,threadtest,37.029,180.60326064260383,normal,normal,CG,C,4,normal normal
2655,normal_normal_CG_C_4_3,370.8533630371094,356.9733123779297,3094.2501831054688,3062.4476928710938,2019-06-19 13:45:41.116,2019-06-19 13:46:18.144,3,6884.524551391602,13769.049102783203,threadtest,37.028,181.1716987208316,normal,normal,CG,C,4,normal normal
2773,normal_normal_CG_C_4_4,369.9857177734375,357.49566650390625,3107.223663330078,3060.5579528808594,2019-06-19 13:46:21.149,2019-06-19 13:46:58.177,4,6895.263000488281,13790.526000976562,threadtest,37.028,181.45428948653372,normal,normal,CG,C,4,normal normal
2893,normal_normal_CG_C_4_5,359.99857330322266,349.8403854370117,3041.0775756835938,2965.981170654297,2019-06-19 13:47:02.182,2019-06-19 13:47:38.211,5,6716.897705078125,13433.79541015625,threadtest,36.029,181.5377758129223,normal,normal,CG,C,4,normal normal
3008,normal_normal_CG_C_4_6,361.8285903930664,363.8402099609375,3094.7511596679688,3067.678924560547,2019-06-19 13:47:41.216,2019-06-19 13:48:18.245,6,6888.0988845825195,13776.197769165039,threadtest,37.029,181.26576012059263,normal,normal,CG,C,4,normal normal
3125,normal_normal_CG_C_4_7,346.8878173828125,372.9623565673828,3070.3624877929688,3062.6376342773438,2019-06-19 13:48:21.250,2019-06-19 13:48:58.276,7,6852.850296020508,13705.700592041016,threadtest,37.026,180.3381656847502,normal,normal,CG,C,4,normal normal
3244,normal_normal_CG_C_4_8,437.5972366333008,307.0241241455078,3256.9872131347656,2991.500946044922,2019-06-19 13:49:01.281,2019-06-19 13:49:39.311,8,6993.109519958496,13986.219039916992,threadtest,38.03,179.31050051175632,normal,normal,CG,C,4,normal normal
3365,normal_normal_CG_C_4_9,370.23111724853516,357.58792877197266,3120.6190185546875,3066.33544921875,2019-06-19 13:49:42.317,2019-06-19 13:50:19.343,9,6914.773513793945,13829.54702758789,threadtest,37.026,181.9677240472091,normal,normal,CG,C,4,normal normal
3482,normal_normal_CG_C_4_10,369.90967559814453,357.23130798339844,3109.7518005371094,3067.8985290527344,2019-06-19 13:50:22.348,2019-06-19 13:50:59.374,10,6904.791313171387,13809.582626342773,threadtest,37.026,181.70503455714174,normal,normal,CG,C,4,normal normal
3601,normal_normal_CG_C_4_11,436.8428192138672,307.57274627685547,3248.956268310547,2947.39306640625,2019-06-19 13:51:02.379,2019-06-19 13:51:40.405,11,6940.7649002075195,13881.529800415039,threadtest,38.026,177.9683307745518,normal,normal,CG,C,4,normal normal
3723,normal_normal_CG_C_4_12,417.0373229980469,295.11890411376953,3121.466064453125,2867.8209838867188,2019-06-19 13:51:44.411,2019-06-19 13:52:20.436,12,6701.44327545166,13402.88655090332,threadtest,36.025,181.12008852572055,normal,normal,CG,C,4,normal normal
3839,normal_normal_CG_C_4_13,416.7166213989258,293.47167205810547,3104.7813415527344,2865.0952758789062,2019-06-19 13:52:23.441,2019-06-19 13:52:59.467,13,6680.064910888672,13360.129821777344,threadtest,36.026,180.54229488888302,normal,normal,CG,C,4,normal normal
3956,normal_normal_CG_C_4_14,363.53529357910156,347.53160858154297,3017.8482971191406,2943.0931396484375,2019-06-19 13:53:03.472,2019-06-19 13:53:39.500,14,6672.008338928223,13344.016677856445,threadtest,36.028,180.3245497007628,normal,normal,CG,C,4,normal normal
4071,normal_normal_CG_C_4_15,387.3869934082031,372.8495635986328,3215.462646484375,3129.5606384277344,2019-06-19 13:53:42.506,2019-06-19 13:54:21.534,15,7105.259841918945,14210.51968383789,threadtest,39.028,177.63149604797363,normal,normal,CG,C,4,normal normal
4195,normal_normal_CG_C_4_16,370.4467239379883,357.4565124511719,3092.969482421875,3019.7196044921875,2019-06-19 13:54:24.539,2019-06-19 13:55:01.568,16,6840.592323303223,13681.184646606445,threadtest,37.029,180.01558745534797,normal,normal,CG,C,4,normal normal
4312,normal_normal_CG_C_4_17,543.8420104980469,342.0178756713867,4021.858154296875,3544.158233642578,2019-06-19 13:55:04.573,2019-06-19 13:55:51.609,17,8451.876274108887,16903.752548217773,threadtest,47.036,176.0807557106018,normal,normal,CG,C,4,normal normal
4461,normal_normal_CG_C_4_18,371.29451751708984,357.03233337402344,3085.8960571289062,3010.8567810058594,2019-06-19 13:55:54.614,2019-06-19 13:56:31.641,18,6825.079689025879,13650.159378051758,threadtest,37.027,179.60736023752312,normal,normal,CG,C,4,normal normal
4579,normal_normal_CG_C_4_19,492.54102325439453,291.2708053588867,3568.955291748047,3192.8474731445312,2019-06-19 13:56:34.645,2019-06-19 13:57:15.676,19,7545.614593505859,15091.229187011719,threadtest,41.031,179.65749032156808,normal,normal,CG,C,4,normal normal
4709,normal_normal_CG_C_4_20,421.5498962402344,456.7919158935547,3834.900115966797,3849.2543334960938,2019-06-19 13:57:18.681,2019-06-19 13:58:05.719,20,8562.49626159668,17124.99252319336,threadtest,47.038,178.38533878326416,normal,normal,CG,C,4,normal normal
4859,normal_normal_CG_C_2_1,659.6456604003906,536.4141845703125,4852.924285888672,4549.555389404297,2019-06-19 13:58:09.725,2019-06-19 13:59:14.774,1,10598.539520263672,21197.079040527344,threadtest,65.049,160.58393212520716,normal,normal,CG,C,2,normal normal
5063,normal_normal_CG_C_2_2,623.6106948852539,506.58936309814453,4505.552581787109,4237.052429199219,2019-06-19 13:59:18.782,2019-06-19 14:00:19.829,2,9872.805068969727,19745.610137939453,threadtest,61.047,159.2387914349956,normal,normal,CG,C,2,normal normal
5253,normal_normal_CG_C_2_3,651.2851867675781,527.3826293945312,4710.990875244141,4483.820739746094,2019-06-19 14:00:22.834,2019-06-19 14:01:26.883,3,10373.479431152344,20746.958862304688,threadtest,64.049,159.5919912484976,normal,normal,CG,C,2,normal normal
5452,normal_normal_CG_C_2_4,648.2458038330078,526.8416900634766,4719.607086181641,4410.550842285156,2019-06-19 14:01:29.887,2019-06-19 14:02:33.931,4,10305.245422363281,20610.490844726562,threadtest,64.044,158.5422372671274,normal,normal,CG,C,2,normal normal
5650,normal_normal_CG_C_2_5,645.7835006713867,525.9969024658203,4761.124298095703,4426.436309814453,2019-06-19 14:02:36.935,2019-06-19 14:03:40.980,5,10359.341011047363,20718.682022094727,threadtest,64.045,159.37447709303635,normal,normal,CG,C,2,normal normal
5852,normal_normal_CG_C_2_6,779.3988952636719,759.4844512939453,6215.423797607422,6128.790802001953,2019-06-19 14:03:44.987,2019-06-19 14:05:12.049,6,13883.097946166992,27766.195892333984,threadtest,87.062,157.76247666098854,normal,normal,CG,C,2,normal normal
6120,normal_normal_CG_C_2_7,647.849006652832,526.777099609375,4700.0927734375,4428.721771240234,2019-06-19 14:05:15.054,2019-06-19 14:06:19.099,7,10303.440650939941,20606.881301879883,threadtest,64.045,158.51447155292217,normal,normal,CG,C,2,normal normal
6319,normal_normal_CG_C_2_8,619.1705322265625,506.6317443847656,4463.3087158203125,4243.577362060547,2019-06-19 14:06:22.104,2019-06-19 14:07:23.149,8,9832.688354492188,19665.376708984375,threadtest,61.045,158.5917476530998,normal,normal,CG,C,2,normal normal
6509,normal_normal_CG_C_2_9,629.0719985961914,513.3525085449219,4552.318939208984,4285.459930419922,2019-06-19 14:07:26.154,2019-06-19 14:08:28.197,9,9980.20337677002,19960.40675354004,threadtest,62.043,158.41592661539713,normal,normal,CG,C,2,normal normal
6702,normal_normal_CG_C_2_10,620.0802001953125,506.41822052001953,4463.78173828125,4223.812591552734,2019-06-19 14:08:31.202,2019-06-19 14:09:32.244,10,9814.092750549316,19628.185501098633,threadtest,61.042,158.29181855724704,normal,normal,CG,C,2,normal normal
6894,normal_normal_CG_C_2_11,617.4404144287109,504.55721282958984,4400.823944091797,4209.8404541015625,2019-06-19 14:09:36.251,2019-06-19 14:10:37.297,11,9732.66202545166,19465.32405090332,threadtest,61.046,156.97841976534934,normal,normal,CG,C,2,normal normal
7086,normal_normal_CG_C_2_12,635.3753204345703,520.6003799438477,4568.333892822266,4344.536224365234,2019-06-19 14:10:41.301,2019-06-19 14:11:44.344,12,10068.845817565918,20137.691635131836,threadtest,63.043,157.32571589946747,normal,normal,CG,C,2,normal normal
7282,normal_normal_CG_C_2_13,785.6221771240234,545.3526000976562,5413.0927734375,4964.804931640625,2019-06-19 14:11:47.349,2019-06-19 14:13:01.406,13,11708.872482299805,23417.74496459961,threadtest,74.057,156.11829976399738,normal,normal,CG,C,2,normal normal
7513,normal_normal_CG_C_2_14,643.0730895996094,527.1888732910156,4668.539306640625,4428.136291503906,2019-06-19 14:13:05.411,2019-06-19 14:14:09.459,14,10266.937561035156,20533.875122070312,threadtest,64.048,157.95288555438702,normal,normal,CG,C,2,normal normal
7712,normal_normal_CG_C_2_15,616.0448455810547,504.46282958984375,4443.281463623047,4216.8941650390625,2019-06-19 14:14:12.464,2019-06-19 14:15:13.506,15,9780.683303833008,19561.366607666016,threadtest,61.042,157.7529565134356,normal,normal,CG,C,2,normal normal
7902,normal_normal_CG_C_2_16,624.827995300293,511.44525146484375,4515.0718994140625,4278.22509765625,2019-06-19 14:15:16.511,2019-06-19 14:16:18.558,16,9929.57024383545,19859.1404876709,threadtest,62.047,157.61222609262617,normal,normal,CG,C,2,normal normal
8095,normal_normal_CG_C_2_17,635.7091217041016,520.6460800170898,4614.038238525391,4362.605041503906,2019-06-19 14:16:21.563,2019-06-19 14:17:24.611,17,10132.998481750488,20265.996963500977,threadtest,63.048,158.32810127735138,normal,normal,CG,C,2,normal normal
8290,normal_normal_CG_C_2_18,635.0325927734375,519.8628692626953,4618.645812988281,4343.047027587891,2019-06-19 14:17:27.616,2019-06-19 14:18:30.659,18,10116.588302612305,20233.17660522461,threadtest,63.043,158.07169222831726,normal,normal,CG,C,2,normal normal
8489,normal_normal_CG_C_2_19,626.8557281494141,512.4452819824219,4559.194519042969,4287.643127441406,2019-06-19 14:18:34.664,2019-06-19 14:19:36.707,19,9986.138656616211,19972.277313232422,threadtest,62.043,158.51013740660653,normal,normal,CG,C,2,normal normal
8682,normal_normal_CG_C_2_20,608.2167129516602,498.80835723876953,4397.398651123047,4147.1705322265625,2019-06-19 14:19:39.712,2019-06-19 14:20:39.760,20,9651.594253540039,19303.188507080078,threadtest,60.048,158.22285661541048,normal,normal,CG,C,2,normal normal
8915,cstates_split_CG_C_16_1,222.24698638916016,48.621482849121094,1621.1106262207031,594.8170471191406,2019-06-19 14:26:16.726,2019-06-19 14:26:29.736,1,2486.796142578125,4973.59228515625,threadtest,13.01,177.6282958984375,cstates,split,CG,C,16,cstates split
8961,cstates_split_CG_C_16_2,208.95781707763672,44.62206268310547,1512.1463012695312,544.9179382324219,2019-06-19 14:26:32.740,2019-06-19 14:26:44.748,2,2310.6441192626953,4621.288238525391,threadtest,12.008,177.74185532789963,cstates,split,CG,C,16,cstates split
9005,cstates_split_CG_C_16_3,206.32569885253906,44.65364074707031,1505.7433776855469,547.421630859375,2019-06-19 14:26:47.752,2019-06-19 14:26:59.761,3,2304.1443481445312,4608.2886962890625,threadtest,12.009,177.2418729341947,cstates,split,CG,C,16,cstates split
9050,cstates_split_CG_C_16_4,222.34523010253906,48.391319274902344,1631.8046264648438,571.2257385253906,2019-06-19 14:27:03.766,2019-06-19 14:27:16.774,4,2473.766914367676,4947.533828735352,threadtest,13.008,176.69763674054826,cstates,split,CG,C,16,cstates split
9095,cstates_split_CG_C_16_5,208.0941162109375,44.62970733642578,1511.83251953125,527.8482666015625,2019-06-19 14:27:19.777,2019-06-19 14:27:31.785,5,2292.404609680176,4584.809219360352,threadtest,12.008,176.3388161292443,cstates,split,CG,C,16,cstates split
9139,cstates_split_CG_C_16_6,222.5248031616211,48.49029541015625,1626.3995666503906,574.3917541503906,2019-06-19 14:27:34.790,2019-06-19 14:27:47.800,6,2471.8064193725586,4943.612838745117,threadtest,13.01,176.5576013837542,cstates,split,CG,C,16,cstates split
9185,cstates_split_CG_C_16_7,207.4235076904297,44.709144592285156,1512.4251098632812,529.3429565429688,2019-06-19 14:27:50.804,2019-06-19 14:28:02.811,7,2293.900718688965,4587.80143737793,threadtest,12.007,176.45390143761267,cstates,split,CG,C,16,cstates split
9229,cstates_split_CG_C_16_8,207.91241455078125,44.678062438964844,1509.3260803222656,524.9666442871094,2019-06-19 14:28:06.816,2019-06-19 14:28:18.824,8,2286.883201599121,4573.766403198242,threadtest,12.008,175.91409243070163,cstates,split,CG,C,16,cstates split
9273,cstates_split_CG_C_16_9,223.20611572265625,48.48387145996094,1628.9030151367188,573.7333068847656,2019-06-19 14:28:21.828,2019-06-19 14:28:34.840,9,2474.3263092041016,4948.652618408203,threadtest,13.012,176.7375935145787,cstates,split,CG,C,16,cstates split
9319,cstates_split_CG_C_16_10,208.0547103881836,44.70722961425781,1512.0884399414062,527.5349426269531,2019-06-19 14:28:37.844,2019-06-19 14:28:49.853,10,2292.385322570801,4584.770645141602,threadtest,12.009,176.33733250544623,cstates,split,CG,C,16,cstates split
9361,cstates_split_CG_C_16_11,222.8332748413086,48.456886291503906,1625.9313354492188,573.818603515625,2019-06-19 14:28:52.857,2019-06-19 14:29:05.869,11,2471.0401000976562,4942.0802001953125,threadtest,13.012,176.50286429268974,cstates,split,CG,C,16,cstates split
9408,cstates_split_CG_C_16_12,219.62277221679688,48.42291259765625,1636.9203186035156,574.6177368164062,2019-06-19 14:29:08.874,2019-06-19 14:29:21.883,12,2479.583740234375,4959.16748046875,threadtest,13.009,177.11312430245536,cstates,split,CG,C,16,cstates split
9456,cstates_split_CG_C_16_13,208.09407806396484,44.64745330810547,1510.900146484375,524.8070373535156,2019-06-19 14:29:25.888,2019-06-19 14:29:37.896,13,2288.448715209961,4576.897430419922,threadtest,12.008,176.03451655461237,cstates,split,CG,C,16,cstates split
9498,cstates_split_CG_C_16_14,222.79696655273438,48.383522033691406,1627.0147399902344,571.6095581054688,2019-06-19 14:29:40.901,2019-06-19 14:29:53.909,14,2469.804786682129,4939.609573364258,threadtest,13.008,176.41462762015206,cstates,split,CG,C,16,cstates split
9545,cstates_split_CG_C_16_15,223.88562774658203,48.355430603027344,1632.3913879394531,571.089599609375,2019-06-19 14:29:56.914,2019-06-19 14:30:09.926,15,2475.7220458984375,4951.444091796875,threadtest,13.012,176.83728899274553,cstates,split,CG,C,16,cstates split
9590,cstates_split_CG_C_16_16,223.83331298828125,48.35383605957031,1633.558349609375,569.5791625976562,2019-06-19 14:30:12.930,2019-06-19 14:30:25.940,16,2475.324661254883,4950.649322509766,threadtest,13.01,176.80890437534876,cstates,split,CG,C,16,cstates split
9636,cstates_split_CG_C_16_17,207.93274688720703,44.634178161621094,1511.6679077148438,525.1405944824219,2019-06-19 14:30:28.944,2019-06-19 14:30:40.952,17,2289.3754272460938,4578.7508544921875,threadtest,12.008,176.10580209585336,cstates,split,CG,C,16,cstates split
9681,cstates_split_CG_C_16_18,208.6472396850586,44.65345764160156,1508.9123840332031,522.8798522949219,2019-06-19 14:30:44.957,2019-06-19 14:30:56.966,18,2285.092933654785,4570.18586730957,threadtest,12.009,175.77637951190655,cstates,split,CG,C,16,cstates split
9725,cstates_split_CG_C_16_19,223.04881286621094,48.3726806640625,1628.3222045898438,570.3658447265625,2019-06-19 14:30:59.970,2019-06-19 14:31:12.980,19,2470.1095428466797,4940.219085693359,threadtest,13.01,176.43639591762,cstates,split,CG,C,16,cstates split
9770,cstates_split_CG_C_16_20,224.0261001586914,48.427513122558594,1634.38232421875,570.1293640136719,2019-06-19 14:31:15.985,2019-06-19 14:31:28.994,20,2476.965301513672,4953.930603027344,threadtest,13.009,176.92609296526228,cstates,split,CG,C,16,cstates split
9937,cstates_suite_CG_C_16_1,149.5370330810547,129.7422103881836,1179.3519287109375,1102.8139343261719,2019-06-19 14:32:32.023,2019-06-19 14:32:43.032,1,2561.4451065063477,5122.890213012695,threadtest,11.009,213.45375887552896,cstates,suite,CG,C,16,cstates suite
9978,cstates_suite_CG_C_16_2,150.32550811767578,130.49545288085938,1192.3538818359375,1112.9926147460938,2019-06-19 14:32:47.036,2019-06-19 14:32:58.044,2,2586.1674575805664,5172.334915161133,threadtest,11.008,215.51395479838052,cstates,suite,CG,C,16,cstates suite
10020,cstates_suite_CG_C_16_3,150.70955657958984,128.27139282226562,1198.098388671875,1118.3811340332031,2019-06-19 14:33:02.048,2019-06-19 14:33:13.055,3,2595.4604721069336,5190.920944213867,threadtest,11.007,216.2883726755778,cstates,suite,CG,C,16,cstates suite
10061,cstates_suite_CG_C_16_4,162.42804718017578,139.11846160888672,1296.0223999023438,1206.8856506347656,2019-06-19 14:33:16.060,2019-06-19 14:33:28.070,4,2804.454559326172,5608.909118652344,threadtest,12.01,215.72727379432092,cstates,suite,CG,C,16,cstates suite
10103,cstates_suite_CG_C_16_5,163.55792236328125,140.19895935058594,1313.5563354492188,1222.8557434082031,2019-06-19 14:33:31.075,2019-06-19 14:33:43.083,5,2840.168960571289,5680.337921142578,threadtest,12.008,218.4745354285607,cstates,suite,CG,C,16,cstates suite
10147,cstates_suite_CG_C_16_6,163.4024429321289,140.2569808959961,1318.7939147949219,1232.1809387207031,2019-06-19 14:33:46.087,2019-06-19 14:33:58.098,6,2854.63427734375,5709.2685546875,threadtest,12.011,219.5872521033654,cstates,suite,CG,C,16,cstates suite
10190,cstates_suite_CG_C_16_7,167.6727294921875,132.99349975585938,1342.3551635742188,1232.197509765625,2019-06-19 14:34:01.102,2019-06-19 14:34:13.113,7,2875.2189025878906,5750.437805175781,threadtest,12.011,221.17068481445312,cstates,suite,CG,C,16,cstates suite
10233,cstates_suite_CG_C_16_8,163.39576721191406,138.8729705810547,1321.2074890136719,1224.8364562988281,2019-06-19 14:34:16.118,2019-06-19 14:34:28.126,8,2848.3126831054688,5696.6253662109375,threadtest,12.008,219.1009756234976,cstates,suite,CG,C,16,cstates suite
10275,cstates_suite_CG_C_16_9,157.9966583251953,143.40203094482422,1319.5277404785156,1242.0993041992188,2019-06-19 14:34:31.131,2019-06-19 14:34:43.140,9,2863.025733947754,5726.051467895508,threadtest,12.009,220.23274876521185,cstates,suite,CG,C,16,cstates suite
10318,cstates_suite_CG_C_16_10,163.29149627685547,140.21460723876953,1316.115966796875,1229.7165222167969,2019-06-19 14:34:46.145,2019-06-19 14:34:58.152,10,2849.338592529297,5698.677185058594,threadtest,12.007,219.17989173302283,cstates,suite,CG,C,16,cstates suite
10361,cstates_suite_CG_C_16_11,163.34347534179688,140.85265350341797,1321.6628112792969,1236.8025207519531,2019-06-19 14:35:01.157,2019-06-19 14:35:13.165,11,2862.661460876465,5725.32292175293,threadtest,12.008,220.20472775972806,cstates,suite,CG,C,16,cstates suite
10404,cstates_suite_CG_C_16_12,150.5497817993164,129.6942138671875,1214.1310119628906,1137.2654724121094,2019-06-19 14:35:16.169,2019-06-19 14:35:27.177,12,2631.640480041504,5263.280960083008,threadtest,11.008,219.303373336792,cstates,suite,CG,C,16,cstates suite
10446,cstates_suite_CG_C_16_13,151.15936279296875,130.75546264648438,1216.8886413574219,1139.7471008300781,2019-06-19 14:35:31.181,2019-06-19 14:35:42.188,13,2638.550567626953,5277.101135253906,threadtest,11.007,219.87921396891275,cstates,suite,CG,C,16,cstates suite
10488,cstates_suite_CG_C_16_14,152.26194763183594,129.92617797851562,1219.2835998535156,1139.8348083496094,2019-06-19 14:35:46.193,2019-06-19 14:35:57.200,14,2641.3065338134766,5282.613067626953,threadtest,11.007,220.1088778177897,cstates,suite,CG,C,16,cstates suite
10528,cstates_suite_CG_C_16_15,164.67768096923828,140.64414978027344,1324.1591796875,1234.9991455078125,2019-06-19 14:36:00.205,2019-06-19 14:36:12.214,15,2864.480155944824,5728.960311889648,threadtest,12.009,220.3446273803711,cstates,suite,CG,C,16,cstates suite
10572,cstates_suite_CG_C_16_16,151.14637756347656,129.54195404052734,1226.8019409179688,1139.3700866699219,2019-06-19 14:36:15.219,2019-06-19 14:36:26.226,16,2646.8603591918945,5293.720718383789,threadtest,11.007,220.57169659932455,cstates,suite,CG,C,16,cstates suite
10613,cstates_suite_CG_C_16_17,151.44142150878906,130.78836822509766,1233.9863891601562,1145.0924682617188,2019-06-19 14:36:30.231,2019-06-19 14:36:41.240,17,2661.3086471557617,5322.617294311523,threadtest,11.009,221.77572059631348,cstates,suite,CG,C,16,cstates suite
10653,cstates_suite_CG_C_16_18,163.65308380126953,141.86717224121094,1338.017333984375,1242.7674560546875,2019-06-19 14:36:44.244,2019-06-19 14:36:56.253,18,2886.305046081543,5772.610092163086,threadtest,12.009,222.02346508319562,cstates,suite,CG,C,16,cstates suite
10696,cstates_suite_CG_C_16_19,164.52721405029297,141.21173858642578,1340.9916381835938,1243.8736572265625,2019-06-19 14:36:59.257,2019-06-19 14:37:11.265,19,2890.604248046875,5781.20849609375,threadtest,12.008,222.35417292668268,cstates,suite,CG,C,16,cstates suite
10739,cstates_suite_CG_C_16_20,152.23531341552734,129.0109100341797,1235.468994140625,1142.6546325683594,2019-06-19 14:37:14.269,2019-06-19 14:37:25.279,20,2659.3698501586914,5318.739700317383,threadtest,11.01,221.61415417989096,cstates,suite,CG,C,16,cstates suite
10899,cstates_split_CG_C_8_1,309.56712341308594,82.05067443847656,2339.231414794922,1263.4099426269531,2019-06-19 14:38:28.308,2019-06-19 14:38:50.323,1,3994.2591552734375,7988.518310546875,threadtest,22.015,173.66344153362772,cstates,split,CG,C,8,cstates split
10973,cstates_split_CG_C_8_2,310.2578887939453,81.99506378173828,2378.160919189453,1243.4804077148438,2019-06-19 14:38:53.328,2019-06-19 14:39:15.344,2,4013.8942794799805,8027.788558959961,threadtest,22.016,174.5171425860861,cstates,split,CG,C,8,cstates split
11045,cstates_split_CG_C_8_3,297.60939025878906,78.12496948242188,2297.6497497558594,1192.4351806640625,2019-06-19 14:39:18.348,2019-06-19 14:39:39.363,3,3865.819290161133,7731.638580322266,threadtest,21.015,175.71905864368784,cstates,split,CG,C,8,cstates split
11116,cstates_split_CG_C_8_4,309.8342056274414,81.9313735961914,2417.576904296875,1210.9471740722656,2019-06-19 14:39:42.367,2019-06-19 14:40:04.382,4,4020.2896575927734,8040.579315185547,threadtest,22.015,174.79520250403363,cstates,split,CG,C,8,cstates split
11188,cstates_split_CG_C_8_5,296.98999786376953,78.15734100341797,2322.7526245117188,1195.3739318847656,2019-06-19 14:40:07.388,2019-06-19 14:40:28.403,5,3893.273895263672,7786.547790527344,threadtest,21.015,176.9669952392578,cstates,split,CG,C,8,cstates split
11260,cstates_split_CG_C_8_6,297.75707244873047,78.1042709350586,2327.005096435547,1209.2605285644531,2019-06-19 14:40:32.408,2019-06-19 14:40:53.424,6,3912.126968383789,7824.253936767578,threadtest,21.016,177.82395310835406,cstates,split,CG,C,8,cstates split
11331,cstates_split_CG_C_8_7,309.78646087646484,81.86837005615234,2422.035919189453,1232.1224670410156,2019-06-19 14:40:56.428,2019-06-19 14:41:18.443,7,4045.813217163086,8091.626434326172,threadtest,22.015,175.90492248535156,cstates,split,CG,C,8,cstates split
11403,cstates_split_CG_C_8_8,297.2943572998047,78.12313842773438,2323.9335327148438,1148.8569946289062,2019-06-19 14:41:21.448,2019-06-19 14:41:42.463,8,3848.208023071289,7696.416046142578,threadtest,21.015,174.9185465032404,cstates,split,CG,C,8,cstates split
11475,cstates_split_CG_C_8_9,309.49224853515625,81.74910736083984,2444.167510986328,1204.8298950195312,2019-06-19 14:41:46.468,2019-06-19 14:42:08.484,9,4040.2387619018555,8080.477523803711,threadtest,22.016,175.66255486529806,cstates,split,CG,C,8,cstates split
11549,cstates_split_CG_C_8_10,310.4303665161133,81.82110595703125,2455.8885192871094,1203.6294555664062,2019-06-19 14:42:11.489,2019-06-19 14:42:33.504,10,4051.76944732666,8103.53889465332,threadtest,22.015,176.16388901420262,cstates,split,CG,C,8,cstates split
11621,cstates_split_CG_C_8_11,297.61519622802734,78.07698822021484,2357.519012451172,1151.1583862304688,2019-06-19 14:42:36.508,2019-06-19 14:42:57.524,11,3884.369583129883,7768.739166259766,threadtest,21.016,176.56225377863103,cstates,split,CG,C,8,cstates split
11691,cstates_split_CG_C_8_12,310.0334701538086,82.11724090576172,2455.6979064941406,1201.245849609375,2019-06-19 14:43:00.528,2019-06-19 14:43:22.545,12,4049.094467163086,8098.188934326172,threadtest,22.017,176.0475855288298,cstates,split,CG,C,8,cstates split
11765,cstates_split_CG_C_8_13,297.3101806640625,78.332275390625,2356.2200927734375,1153.0036010742188,2019-06-19 14:43:25.549,2019-06-19 14:43:46.564,13,3884.8661499023438,7769.7322998046875,threadtest,21.015,176.5848249955611,cstates,split,CG,C,8,cstates split
11837,cstates_split_CG_C_8_14,298.20569610595703,78.30657958984375,2361.425994873047,1152.2288208007812,2019-06-19 14:43:50.569,2019-06-19 14:44:11.584,14,3890.167091369629,7780.334182739258,threadtest,21.015,176.82577688043767,cstates,split,CG,C,8,cstates split
11907,cstates_split_CG_C_8_15,310.67557525634766,81.9677505493164,2465.215118408203,1207.3101806640625,2019-06-19 14:44:14.588,2019-06-19 14:44:36.607,15,4065.1686248779297,8130.337249755859,threadtest,22.019,176.74646195121434,cstates,split,CG,C,8,cstates split
11980,cstates_split_CG_C_8_16,298.0071258544922,78.20137023925781,2362.1199340820312,1156.9764709472656,2019-06-19 14:44:39.612,2019-06-19 14:45:00.627,16,3895.304901123047,7790.609802246094,threadtest,21.015,177.05931368741122,cstates,split,CG,C,8,cstates split
12050,cstates_split_CG_C_8_17,310.36798095703125,82.02031707763672,2462.3409729003906,1205.0838012695312,2019-06-19 14:45:03.631,2019-06-19 14:45:25.647,17,4059.81307220459,8119.62614440918,threadtest,22.016,176.51361183498216,cstates,split,CG,C,8,cstates split
12123,cstates_split_CG_C_8_18,297.4690933227539,78.28113555908203,2360.327362060547,1215.8783874511719,2019-06-19 14:45:28.651,2019-06-19 14:45:49.666,18,3951.9559783935547,7903.911956787109,threadtest,21.015,179.6343626542525,cstates,split,CG,C,8,cstates split
12195,cstates_split_CG_C_8_19,318.2921371459961,85.79500579833984,2586.361114501953,1321.6547241210938,2019-06-19 14:45:53.671,2019-06-19 14:46:16.688,19,4312.102981567383,8624.205963134766,threadtest,23.017,179.67095756530762,cstates,split,CG,C,8,cstates split
12271,cstates_split_CG_C_8_20,310.6299057006836,82.05845642089844,2474.4099731445312,1256.9757995605469,2019-06-19 14:46:19.693,2019-06-19 14:46:41.711,20,4124.07413482666,8248.14826965332,threadtest,22.018,179.30757107942,cstates,split,CG,C,8,cstates split
12463,cstates_suite_CG_C_8_1,251.25374603271484,211.0189666748047,1881.7247619628906,1717.9764404296875,2019-06-19 14:47:44.742,2019-06-19 14:48:05.758,1,4061.9739151000977,8123.947830200195,threadtest,21.016,184.63517795909536,cstates,suite,CG,C,8,cstates suite
12536,cstates_suite_CG_C_8_2,251.37823486328125,210.73136138916016,1885.1418151855469,1731.8898315429688,2019-06-19 14:48:09.763,2019-06-19 14:48:30.779,2,4079.141242980957,8158.282485961914,threadtest,21.016,185.41551104458895,cstates,suite,CG,C,8,cstates suite
12605,cstates_suite_CG_C_8_3,260.1175003051758,220.4109878540039,1972.2154235839844,1812.3657836914062,2019-06-19 14:48:33.784,2019-06-19 14:48:55.805,3,4265.10969543457,8530.21939086914,threadtest,22.021,185.4395519754161,cstates,suite,CG,C,8,cstates suite
12678,cstates_suite_CG_C_8_4,249.1519012451172,211.60098266601562,1905.5868225097656,1754.24609375,2019-06-19 14:48:58.809,2019-06-19 14:49:19.829,4,4120.585800170898,8241.171600341797,threadtest,21.02,187.29935455322266,cstates,suite,CG,C,8,cstates suite
12751,cstates_suite_CG_C_8_5,249.90477752685547,211.37052154541016,1917.8179321289062,1763.3975830078125,2019-06-19 14:49:23.834,2019-06-19 14:49:44.853,5,4142.490814208984,8284.981628417969,threadtest,21.019,188.29503700949928,cstates,suite,CG,C,8,cstates suite
12823,cstates_suite_CG_C_8_6,249.92303466796875,211.2667465209961,1904.4047241210938,1761.7295532226562,2019-06-19 14:49:48.858,2019-06-19 14:50:09.877,6,4127.324058532715,8254.64811706543,threadtest,21.019,187.6056390242143,cstates,suite,CG,C,8,cstates suite
12893,cstates_suite_CG_C_8_7,259.1142807006836,220.66683197021484,1968.6050109863281,1832.0014953613281,2019-06-19 14:50:12.882,2019-06-19 14:50:34.895,7,4280.387619018555,8560.77523803711,threadtest,22.013,186.10380952254584,cstates,suite,CG,C,8,cstates suite
12965,cstates_suite_CG_C_8_8,268.92298126220703,228.14244842529297,2065.09033203125,1924.3809814453125,2019-06-19 14:50:37.899,2019-06-19 14:51:00.913,8,4486.5367431640625,8973.073486328125,threadtest,23.014,186.93903096516928,cstates,suite,CG,C,8,cstates suite
13041,cstates_suite_CG_C_8_9,260.1802749633789,221.10665130615234,1995.3286743164062,1846.7943420410156,2019-06-19 14:51:03.918,2019-06-19 14:51:25.931,9,4323.409942626953,8646.819885253906,threadtest,22.013,187.97434533160666,cstates,suite,CG,C,8,cstates suite
13114,cstates_suite_CG_C_8_10,248.65235900878906,210.638916015625,1915.8568725585938,1765.4412536621094,2019-06-19 14:51:28.935,2019-06-19 14:51:49.948,10,4140.589401245117,8281.178802490234,threadtest,21.013,188.2086091475053,cstates,suite,CG,C,8,cstates suite
13186,cstates_suite_CG_C_8_11,249.40460968017578,212.45509338378906,1919.3448791503906,1770.7290954589844,2019-06-19 14:51:53.953,2019-06-19 14:52:14.966,11,4151.93367767334,8303.86735534668,threadtest,21.013,188.7242580760609,cstates,suite,CG,C,8,cstates suite
13256,cstates_suite_CG_C_8_12,260.2109069824219,221.1783905029297,2000.9161376953125,1843.5740356445312,2019-06-19 14:52:17.971,2019-06-19 14:52:39.985,12,4325.879470825195,8651.75894165039,threadtest,22.014,188.0817161228346,cstates,suite,CG,C,8,cstates suite
13329,cstates_suite_CG_C_8_13,249.2887954711914,210.80352783203125,1915.4562377929688,1765.4776611328125,2019-06-19 14:52:42.990,2019-06-19 14:53:04.006,13,4141.026222229004,8282.052444458008,threadtest,21.016,188.2284646467729,cstates,suite,CG,C,8,cstates suite
13401,cstates_suite_CG_C_8_14,249.4278564453125,211.5625228881836,1920.50244140625,1769.2319641113281,2019-06-19 14:53:08.011,2019-06-19 14:53:29.027,14,4150.724784851074,8301.449569702148,threadtest,21.016,188.66930840232155,cstates,suite,CG,C,8,cstates suite
13473,cstates_suite_CG_C_8_15,269.66192626953125,228.61609649658203,2116.4249267578125,1934.7022705078125,2019-06-19 14:53:33.032,2019-06-19 14:53:56.051,15,4549.405220031738,9098.810440063477,threadtest,23.019,189.55855083465576,cstates,suite,CG,C,8,cstates suite
13550,cstates_suite_CG_C_8_16,260.80651092529297,220.2976837158203,2017.8937072753906,1847.2693176269531,2019-06-19 14:53:59.055,2019-06-19 14:54:21.076,16,4346.267219543457,8692.534439086914,threadtest,22.021,188.9681399801503,cstates,suite,CG,C,8,cstates suite
13623,cstates_suite_CG_C_8_17,250.21907806396484,211.86669921875,1979.3052062988281,1771.1912841796875,2019-06-19 14:54:24.080,2019-06-19 14:54:45.099,17,4212.5822677612305,8425.164535522461,threadtest,21.019,191.48101217096502,cstates,suite,CG,C,8,cstates suite
13692,cstates_suite_CG_C_8_18,259.9303283691406,219.52745819091797,2015.154541015625,1840.0527038574219,2019-06-19 14:54:48.103,2019-06-19 14:55:10.118,18,4334.6650314331055,8669.330062866211,threadtest,22.015,188.4636970188307,cstates,suite,CG,C,8,cstates suite
13765,cstates_suite_CG_C_8_19,261.5942840576172,220.8771743774414,2064.161407470703,1848.2652893066406,2019-06-19 14:55:13.122,2019-06-19 14:55:35.142,19,4394.898155212402,8789.796310424805,threadtest,22.02,191.08252848749575,cstates,suite,CG,C,8,cstates suite
13838,cstates_suite_CG_C_8_20,261.90772247314453,220.4864959716797,2076.433319091797,1849.0562438964844,2019-06-19 14:55:38.146,2019-06-19 14:56:00.161,20,4407.8837814331055,8815.767562866211,threadtest,22.015,191.64712093187416,cstates,suite,CG,C,8,cstates suite
14032,cstates_split_CG_C_4_1,520.6676712036133,159.9389877319336,3828.825897216797,2377.9877319335938,2019-06-19 14:57:03.192,2019-06-19 14:57:46.223,1,6887.4202880859375,13774.840576171875,threadtest,43.031,156.5322792746804,cstates,split,CG,C,4,cstates split
14167,cstates_split_CG_C_4_2,518.1848297119141,160.14287567138672,3880.935821533203,2427.277313232422,2019-06-19 14:57:49.228,2019-06-19 14:58:32.259,2,6986.540840148926,13973.081680297852,threadtest,43.031,158.78501909429377,cstates,split,CG,C,4,cstates split
14305,cstates_split_CG_C_4_3,519.2469024658203,160.05501556396484,3902.275360107422,2494.082763671875,2019-06-19 14:58:36.264,2019-06-19 14:59:19.295,3,7075.660041809082,14151.320083618164,threadtest,43.031,160.81045549566096,cstates,split,CG,C,4,cstates split
14441,cstates_split_CG_C_4_4,517.9801635742188,159.87276458740234,3898.736602783203,2486.2290649414062,2019-06-19 14:59:22.300,2019-06-19 15:00:05.331,4,7062.8185958862305,14125.637191772461,threadtest,43.031,160.5186044519598,cstates,split,CG,C,4,cstates split
14577,cstates_split_CG_C_4_5,515.9923248291016,159.85292053222656,3946.003173828125,2384.1436462402344,2019-06-19 15:00:08.335,2019-06-19 15:00:51.363,5,7005.9920654296875,14011.984130859375,threadtest,43.028,159.22709239612925,cstates,split,CG,C,4,cstates split
14716,cstates_split_CG_C_4_6,517.994499206543,159.76441955566406,3969.1866455078125,2406.3010864257812,2019-06-19 15:00:55.368,2019-06-19 15:01:38.397,6,7053.246650695801,14106.493301391602,threadtest,43.029,160.30106024308637,cstates,split,CG,C,4,cstates split
14852,cstates_split_CG_C_4_7,517.5890502929688,160.034423828125,4008.1146850585938,2395.3218383789062,2019-06-19 15:01:41.402,2019-06-19 15:02:24.432,7,7081.059997558594,14162.119995117188,threadtest,43.03,160.9331817626953,cstates,split,CG,C,4,cstates split
14988,cstates_split_CG_C_4_8,517.4863891601562,160.11544036865234,4026.707275390625,2388.5013122558594,2019-06-19 15:02:27.437,2019-06-19 15:03:10.471,8,7092.810417175293,14185.620834350586,threadtest,43.034,161.20023675398394,cstates,split,CG,C,4,cstates split
15125,cstates_split_CG_C_4_9,518.1528549194336,160.14614868164062,4035.2762756347656,2395.4711303710938,2019-06-19 15:03:14.475,2019-06-19 15:03:57.506,9,7109.046409606934,14218.092819213867,threadtest,43.031,161.56923658197576,cstates,split,CG,C,4,cstates split
15262,cstates_split_CG_C_4_10,518.1629486083984,160.1778793334961,4036.590850830078,2493.6153869628906,2019-06-19 15:04:00.510,2019-06-19 15:04:43.541,10,7208.547065734863,14417.094131469727,threadtest,43.031,163.8306151303378,cstates,split,CG,C,4,cstates split
15397,cstates_split_CG_C_4_11,517.3305282592773,160.68280029296875,4031.1527709960938,2394.4738159179688,2019-06-19 15:04:46.545,2019-06-19 15:05:29.574,11,7103.639915466309,14207.279830932617,threadtest,43.029,161.44636171514338,cstates,split,CG,C,4,cstates split
15534,cstates_split_CG_C_4_12,528.235481262207,164.14517211914062,4116.028717041016,2509.7677001953125,2019-06-19 15:05:32.579,2019-06-19 15:06:16.610,12,7318.177070617676,14636.354141235352,threadtest,44.031,162.62615712483725,cstates,split,CG,C,4,cstates split
15672,cstates_split_CG_C_4_13,517.0388259887695,159.9186553955078,4030.8877868652344,2420.7440795898438,2019-06-19 15:06:19.614,2019-06-19 15:07:02.644,13,7128.5893478393555,14257.178695678711,threadtest,43.03,162.01339426907626,cstates,split,CG,C,4,cstates split
15808,cstates_split_CG_C_4_14,517.3274917602539,159.88109588623047,4025.3851623535156,2438.858367919922,2019-06-19 15:07:05.649,2019-06-19 15:07:48.679,14,7141.452117919922,14282.904235839844,threadtest,43.03,162.3057299527255,cstates,split,CG,C,4,cstates split
15944,cstates_split_CG_C_4_15,516.5835952758789,160.10186004638672,4032.8318786621094,2403.1452026367188,2019-06-19 15:07:51.684,2019-06-19 15:08:34.713,15,7112.662536621094,14225.325073242188,threadtest,43.029,161.65142128684303,cstates,split,CG,C,4,cstates split
16081,cstates_split_CG_C_4_16,515.7618408203125,160.06356811523438,4026.573211669922,2469.9004516601562,2019-06-19 15:08:37.718,2019-06-19 15:09:20.747,16,7172.299072265625,14344.59814453125,threadtest,43.029,163.00679709694603,cstates,split,CG,C,4,cstates split
16218,cstates_split_CG_C_4_17,527.4787292480469,163.63670349121094,4125.15576171875,2516.769256591797,2019-06-19 15:09:24.752,2019-06-19 15:10:08.783,17,7333.040451049805,14666.08090209961,threadtest,44.031,162.95645446777343,cstates,split,CG,C,4,cstates split
16358,cstates_split_CG_C_4_18,515.6620559692383,160.24616241455078,4032.0806579589844,2481.2623291015625,2019-06-19 15:10:11.787,2019-06-19 15:10:54.816,18,7189.251205444336,14378.502410888672,threadtest,43.029,163.39207285100764,cstates,split,CG,C,4,cstates split
16494,cstates_split_CG_C_4_19,516.3783874511719,160.2257537841797,4025.0377502441406,2428.7835083007812,2019-06-19 15:10:57.821,2019-06-19 15:11:40.852,19,7130.425399780273,14260.850799560547,threadtest,43.031,162.05512272227895,cstates,split,CG,C,4,cstates split
16631,cstates_split_CG_C_4_20,517.8669815063477,160.1956024169922,4037.5479431152344,2489.678741455078,2019-06-19 15:11:44.856,2019-06-19 15:12:27.887,20,7205.289268493652,14410.578536987305,threadtest,43.031,163.75657428394663,cstates,split,CG,C,4,cstates split
16887,cstates_suite_CG_C_4_1,459.29551696777344,381.75304412841797,3421.1683044433594,3131.2671813964844,2019-06-19 15:13:30.915,2019-06-19 15:14:13.944,1,7393.484046936035,14786.96809387207,threadtest,43.029,168.03372833945534,cstates,suite,CG,C,4,cstates suite
17024,cstates_suite_CG_C_4_2,468.3884048461914,390.08436584472656,3556.2227172851562,3249.58740234375,2019-06-19 15:14:16.948,2019-06-19 15:15:00.977,2,7664.282890319824,15328.565780639648,threadtest,44.029,170.31739756266276,cstates,suite,CG,C,4,cstates suite
17163,cstates_suite_CG_C_4_3,459.21312713623047,382.61038970947266,3495.412109375,3189.2215270996094,2019-06-19 15:15:03.982,2019-06-19 15:15:47.009,3,7526.4571533203125,15052.914306640625,threadtest,43.027,171.05584439364347,cstates,suite,CG,C,4,cstates suite
17299,cstates_suite_CG_C_4_4,457.94092559814453,381.9995803833008,3486.8301391601562,3184.3392944335938,2019-06-19 15:15:50.014,2019-06-19 15:16:33.047,4,7511.109939575195,15022.21987915039,threadtest,43.033,170.70704408125445,cstates,suite,CG,C,4,cstates suite
17436,cstates_suite_CG_C_4_5,457.5988464355469,384.8294372558594,3497.0687255859375,3194.1236572265625,2019-06-19 15:16:37.052,2019-06-19 15:17:20.083,5,7533.620666503906,15067.241333007812,threadtest,43.031,171.2186515114524,cstates,suite,CG,C,4,cstates suite
17573,cstates_suite_CG_C_4_6,456.68531799316406,382.60693359375,3523.345184326172,3186.9043884277344,2019-06-19 15:17:23.087,2019-06-19 15:18:06.115,6,7549.54182434082,15099.08364868164,threadtest,43.028,171.58049600774592,cstates,suite,CG,C,4,cstates suite
17711,cstates_suite_CG_C_4_7,456.7397766113281,384.8571090698242,3548.991668701172,3195.175018310547,2019-06-19 15:18:10.119,2019-06-19 15:18:53.148,7,7585.763572692871,15171.527145385742,threadtest,43.029,172.4037175612016,cstates,suite,CG,C,4,cstates suite
17846,cstates_suite_CG_C_4_8,457.1473846435547,381.9393844604492,3556.877471923828,3186.847900390625,2019-06-19 15:18:56.152,2019-06-19 15:19:39.180,8,7582.812141418457,15165.624282836914,threadtest,43.028,172.3366395776922,cstates,suite,CG,C,4,cstates suite
17984,cstates_suite_CG_C_4_9,460.7453155517578,381.9084243774414,3570.498321533203,3199.8983764648438,2019-06-19 15:19:43.184,2019-06-19 15:20:26.212,9,7613.050437927246,15226.100875854492,threadtest,43.028,173.0238735892556,cstates,suite,CG,C,4,cstates suite
18120,cstates_suite_CG_C_4_10,456.8061294555664,383.04503631591797,3561.74267578125,3201.3384704589844,2019-06-19 15:20:29.217,2019-06-19 15:21:12.247,10,7602.932312011719,15205.864624023438,threadtest,43.03,172.79391618208453,cstates,suite,CG,C,4,cstates suite
18258,cstates_suite_CG_C_4_11,460.938232421875,382.89898681640625,3571.7757873535156,3212.9186401367188,2019-06-19 15:21:16.252,2019-06-19 15:21:59.281,11,7628.531646728516,15257.063293457031,threadtest,43.029,173.3757192438299,cstates,suite,CG,C,4,cstates suite
18395,cstates_suite_CG_C_4_12,459.4762649536133,380.9931640625,3565.2715454101562,3202.462432861328,2019-06-19 15:22:02.286,2019-06-19 15:22:45.314,12,7608.203407287598,15216.406814575195,threadtest,43.028,172.91371380199087,cstates,suite,CG,C,4,cstates suite
18533,cstates_suite_CG_C_4_13,458.8714370727539,384.06334686279297,3569.29052734375,3214.0145263671875,2019-06-19 15:22:49.319,2019-06-19 15:23:32.348,13,7626.239837646484,15252.479675292969,threadtest,43.029,173.32363267378375,cstates,suite,CG,C,4,cstates suite
18669,cstates_suite_CG_C_4_14,460.7906799316406,380.9556198120117,3567.3915100097656,3213.2689819335938,2019-06-19 15:23:35.353,2019-06-19 15:24:18.381,14,7622.406791687012,15244.813583374023,threadtest,43.028,173.23651799288663,cstates,suite,CG,C,4,cstates suite
18804,cstates_suite_CG_C_4_15,470.52174377441406,389.85106658935547,3647.4532470703125,3281.443634033203,2019-06-19 15:24:21.386,2019-06-19 15:25:05.416,15,7789.269691467285,15578.53938293457,threadtest,44.03,173.09488203260634,cstates,suite,CG,C,4,cstates suite
18944,cstates_suite_CG_C_4_16,459.39820861816406,382.52388763427734,3566.170166015625,3220.1427612304688,2019-06-19 15:25:08.420,2019-06-19 15:25:51.455,16,7628.235023498535,15256.47004699707,threadtest,43.035,173.3689778067849,cstates,suite,CG,C,4,cstates suite
19079,cstates_suite_CG_C_4_17,471.22352600097656,390.19029235839844,3645.9021606445312,3293.2178649902344,2019-06-19 15:25:54.460,2019-06-19 15:26:38.489,17,7800.533843994141,15601.067687988281,threadtest,44.029,173.34519653320314,cstates,suite,CG,C,4,cstates suite
19219,cstates_suite_CG_C_4_18,461.45130157470703,382.4891052246094,3572.3885498046875,3223.9513549804688,2019-06-19 15:26:41.493,2019-06-19 15:27:24.523,18,7640.280311584473,15280.560623168945,threadtest,43.03,173.64273435419256,cstates,suite,CG,C,4,cstates suite
19354,cstates_suite_CG_C_4_19,470.88838958740234,391.7228698730469,3650.475799560547,3295.99169921875,2019-06-19 15:27:27.527,2019-06-19 15:28:11.557,19,7809.078758239746,15618.157516479492,threadtest,44.03,173.5350835164388,cstates,suite,CG,C,4,cstates suite
19493,cstates_suite_CG_C_4_20,462.6758041381836,381.4577102661133,3575.4252014160156,3222.381317138672,2019-06-19 15:28:14.561,2019-06-19 15:28:57.592,20,7641.940032958984,15283.880065917969,threadtest,43.031,173.68045529452237,cstates,suite,CG,C,4,cstates suite
19750,cstates_split_CG_C_2_1,895.4723281860352,307.92645263671875,6393.771484375,4708.701171875,2019-06-19 15:30:00.624,2019-06-19 15:31:23.682,1,12305.871437072754,24611.742874145508,threadtest,83.058,146.49846948896135,cstates,split,CG,C,2,cstates split
20008,cstates_split_CG_C_2_2,890.9844665527344,307.8236389160156,6514.286560058594,4705.5040283203125,2019-06-19 15:31:27.687,2019-06-19 15:32:50.747,2,12418.598693847656,24837.197387695312,threadtest,83.06,147.84046064104353,cstates,split,CG,C,2,cstates split
20263,cstates_split_CG_C_2_3,889.445686340332,308.2537841796875,6540.777801513672,4697.338317871094,2019-06-19 15:32:53.752,2019-06-19 15:34:16.814,3,12435.815589904785,24871.63117980957,threadtest,83.062,148.04542368934267,cstates,split,CG,C,2,cstates split
20519,cstates_split_CG_C_2_4,887.4561614990234,308.31433868408203,6629.259826660156,4780.5347900390625,2019-06-19 15:34:19.818,2019-06-19 15:35:42.874,4,12605.565116882324,25211.13023376465,threadtest,83.056,150.06625139145623,cstates,split,CG,C,2,cstates split
20777,cstates_split_CG_C_2_5,890.1756439208984,308.6215133666992,6674.187347412109,4615.095947265625,2019-06-19 15:35:46.878,2019-06-19 15:37:09.940,5,12488.080451965332,24976.160903930664,threadtest,83.062,148.66762442815872,cstates,split,CG,C,2,cstates split
21033,cstates_split_CG_C_2_6,891.9584350585938,308.1618957519531,6673.837554931641,4762.972412109375,2019-06-19 15:37:12.945,2019-06-19 15:38:36.006,6,12636.930297851562,25273.860595703125,threadtest,83.061,150.43964640299478,cstates,split,CG,C,2,cstates split
21290,cstates_split_CG_C_2_7,891.9856262207031,308.1372299194336,6673.195831298828,4647.412292480469,2019-06-19 15:38:39.012,2019-06-19 15:40:02.068,7,12520.730979919434,25041.461959838867,threadtest,83.056,149.05632118951706,cstates,split,CG,C,2,cstates split
21547,cstates_split_CG_C_2_8,892.5168762207031,308.2292709350586,6680.260559082031,4711.122589111328,2019-06-19 15:40:06.073,2019-06-19 15:41:29.133,8,12592.129295349121,25184.258590698242,threadtest,83.06,149.90630113510858,cstates,split,CG,C,2,cstates split
21804,cstates_split_CG_C_2_9,892.578742980957,308.2521438598633,6682.826629638672,4786.690338134766,2019-06-19 15:41:32.138,2019-06-19 15:42:55.197,9,12670.347854614258,25340.695709228516,threadtest,83.059,150.83747445969354,cstates,split,CG,C,2,cstates split
22060,cstates_split_CG_C_2_10,893.0002746582031,308.45179748535156,6682.545928955078,4789.239044189453,2019-06-19 15:42:58.201,2019-06-19 15:44:21.258,10,12673.237045288086,25346.474090576172,threadtest,83.057,150.87186958676293,cstates,split,CG,C,2,cstates split
22315,cstates_split_CG_C_2_11,892.7318115234375,308.20279693603516,6674.688659667969,4796.279632568359,2019-06-19 15:44:24.263,2019-06-19 15:45:47.322,11,12671.9029006958,25343.8058013916,threadtest,83.059,150.85598691304526,cstates,split,CG,C,2,cstates split
22573,cstates_split_CG_C_2_12,891.9876022338867,308.1509475708008,6679.315246582031,4781.665802001953,2019-06-19 15:45:51.327,2019-06-19 15:47:14.387,12,12661.119598388672,25322.239196777344,threadtest,83.06,150.72761426653182,cstates,split,CG,C,2,cstates split
22829,cstates_split_CG_C_2_13,901.1724548339844,311.9809341430664,6756.569030761719,4841.037902832031,2019-06-19 15:47:17.391,2019-06-19 15:48:41.450,13,12810.7603225708,25621.5206451416,threadtest,84.059,150.71482732436237,cstates,split,CG,C,2,cstates split
23089,cstates_split_CG_C_2_14,890.5520553588867,308.00528717041016,6674.139862060547,4781.898742675781,2019-06-19 15:48:44.454,2019-06-19 15:50:07.513,14,12654.595947265625,25309.19189453125,threadtest,83.059,150.6499517531622,cstates,split,CG,C,2,cstates split
23346,cstates_split_CG_C_2_15,893.6143569946289,308.3873977661133,6685.571197509766,4800.817169189453,2019-06-19 15:50:11.518,2019-06-19 15:51:34.581,15,12688.390121459961,25376.780242919922,threadtest,83.063,151.05226335071382,cstates,split,CG,C,2,cstates split
23602,cstates_split_CG_C_2_16,893.1234664916992,308.28318786621094,6683.321044921875,4794.5982666015625,2019-06-19 15:51:37.585,2019-06-19 15:53:00.648,16,12679.325965881348,25358.651931762695,threadtest,83.063,150.94435673668272,cstates,split,CG,C,2,cstates split
23859,cstates_split_CG_C_2_17,892.650276184082,308.30369567871094,6679.0877685546875,4612.707977294922,2019-06-19 15:53:03.652,2019-06-19 15:54:26.708,17,12492.749717712402,24985.499435424805,threadtest,83.056,148.72321092514764,cstates,split,CG,C,2,cstates split
24116,cstates_split_CG_C_2_18,891.7825241088867,308.287841796875,6682.923095703125,4686.886047363281,2019-06-19 15:54:30.713,2019-06-19 15:55:53.770,18,12569.879508972168,25139.759017944336,threadtest,83.057,149.64142272585914,cstates,split,CG,C,2,cstates split
24372,cstates_split_CG_C_2_19,890.48193359375,308.24422454833984,6682.874328613281,4782.092712402344,2019-06-19 15:55:56.775,2019-06-19 15:57:19.834,19,12663.693199157715,25327.38639831543,threadtest,83.059,150.75825237092516,cstates,split,CG,C,2,cstates split
24629,cstates_split_CG_C_2_20,889.2715606689453,308.39732360839844,6674.508239746094,4778.687713623047,2019-06-19 15:57:22.838,2019-06-19 15:58:45.882,20,12650.864837646484,25301.72967529297,threadtest,83.044,150.60553378150576,cstates,split,CG,C,2,cstates split
25005,cstates_suite_CG_C_2_1,822.6016387939453,665.0915374755859,6074.99853515625,5592.706695556641,2019-06-19 15:59:48.912,2019-06-19 16:01:11.963,1,13155.398406982422,26310.796813964844,threadtest,83.051,156.6118857974098,cstates,suite,CG,C,2,cstates suite
25263,cstates_suite_CG_C_2_2,831.6381988525391,673.7051315307617,6259.041412353516,5777.955413818359,2019-06-19 16:01:15.968,2019-06-19 16:02:40.024,2,13542.340156555176,27084.68031311035,threadtest,84.056,159.32164890064914,cstates,suite,CG,C,2,cstates suite
25522,cstates_suite_CG_C_2_3,822.3445587158203,666.8022613525391,6294.507110595703,5735.8399658203125,2019-06-19 16:02:43.028,2019-06-19 16:04:06.084,3,13519.493896484375,27038.98779296875,threadtest,83.056,160.94635591052827,cstates,suite,CG,C,2,cstates suite
25778,cstates_suite_CG_C_2_4,824.5120468139648,666.7047882080078,6322.205322265625,5731.910919189453,2019-06-19 16:04:09.088,2019-06-19 16:05:32.143,4,13545.33307647705,27090.6661529541,threadtest,83.055,161.25396519615538,cstates,suite,CG,C,2,cstates suite
26034,cstates_suite_CG_C_2_5,823.3010330200195,665.8740768432617,6327.373748779297,5728.045745849609,2019-06-19 16:05:35.147,2019-06-19 16:06:58.203,5,13544.594604492188,27089.189208984375,threadtest,83.056,161.24517386300224,cstates,suite,CG,C,2,cstates suite
26290,cstates_suite_CG_C_2_6,832.7056884765625,673.8326034545898,6428.942657470703,5796.750823974609,2019-06-19 16:07:01.208,2019-06-19 16:08:25.263,6,13732.231773376465,27464.46354675293,threadtest,84.055,161.55566792207605,cstates,suite,CG,C,2,cstates suite
26549,cstates_suite_CG_C_2_7,823.2944793701172,667.4668502807617,6369.815673828125,5736.570495605469,2019-06-19 16:08:28.267,2019-06-19 16:09:51.323,7,13597.147499084473,27194.294998168945,threadtest,83.056,161.87080356052942,cstates,suite,CG,C,2,cstates suite
26805,cstates_suite_CG_C_2_8,824.1648025512695,667.9070129394531,6369.370056152344,5737.391693115234,2019-06-19 16:09:54.328,2019-06-19 16:11:17.384,8,13598.8335647583,27197.6671295166,threadtest,83.056,161.89087577093215,cstates,suite,CG,C,2,cstates suite
27060,cstates_suite_CG_C_2_9,825.1670532226562,666.6142120361328,6377.649261474609,5736.3162841796875,2019-06-19 16:11:20.388,2019-06-19 16:12:43.445,9,13605.746810913086,27211.493621826172,threadtest,83.057,161.9731763203939,cstates,suite,CG,C,2,cstates suite
27316,cstates_suite_CG_C_2_10,824.9050598144531,666.9003524780273,6371.062347412109,5733.707611083984,2019-06-19 16:12:46.450,2019-06-19 16:14:09.503,10,13596.575370788574,27193.15074157715,threadtest,83.053,161.8639925093878,cstates,suite,CG,C,2,cstates suite
27573,cstates_suite_CG_C_2_11,834.7440185546875,674.3114852905273,6398.083709716797,5801.174407958984,2019-06-19 16:14:12.507,2019-06-19 16:15:36.567,11,13708.313621520996,27416.627243041992,threadtest,84.06,161.274277900247,cstates,suite,CG,C,2,cstates suite
27831,cstates_suite_CG_C_2_12,825.2278060913086,667.4768981933594,6235.320983886719,5734.766571044922,2019-06-19 16:15:39.571,2019-06-19 16:17:02.630,12,13462.792259216309,26925.584518432617,threadtest,83.059,160.27133641924178,cstates,suite,CG,C,2,cstates suite
28088,cstates_suite_CG_C_2_13,842.10986328125,680.853157043457,6351.270416259766,5868.398468017578,2019-06-19 16:17:05.634,2019-06-19 16:18:30.688,13,13742.63190460205,27485.2638092041,threadtest,85.054,159.79804540234943,cstates,suite,CG,C,2,cstates suite
28351,cstates_suite_CG_C_2_14,824.5267181396484,666.7841949462891,6326.531036376953,5735.838623046875,2019-06-19 16:18:34.692,2019-06-19 16:19:57.747,14,13553.680572509766,27107.36114501953,threadtest,83.055,161.35334014892578,cstates,suite,CG,C,2,cstates suite
28608,cstates_suite_CG_C_2_15,823.8984451293945,667.3386306762695,6327.660064697266,5737.252593994141,2019-06-19 16:20:00.752,2019-06-19 16:21:23.807,15,13556.14973449707,27112.29946899414,threadtest,83.055,161.38273493448892,cstates,suite,CG,C,2,cstates suite
28863,cstates_suite_CG_C_2_16,823.9865646362305,667.5873718261719,6327.096466064453,5734.3985595703125,2019-06-19 16:21:26.811,2019-06-19 16:22:49.867,16,13553.068962097168,27106.137924194336,threadtest,83.056,161.34605907258532,cstates,suite,CG,C,2,cstates suite
29119,cstates_suite_CG_C_2_17,825.3466262817383,666.9466018676758,6329.226806640625,5733.377593994141,2019-06-19 16:22:52.871,2019-06-19 16:24:15.927,17,13554.89762878418,27109.79525756836,threadtest,83.056,161.36782891409737,cstates,suite,CG,C,2,cstates suite
29376,cstates_suite_CG_C_2_18,825.2396926879883,667.2959060668945,6333.743408203125,5732.031921386719,2019-06-19 16:24:18.931,2019-06-19 16:25:41.985,18,13558.310928344727,27116.621856689453,threadtest,83.054,161.40846343267532,cstates,suite,CG,C,2,cstates suite
29632,cstates_suite_CG_C_2_19,824.5786819458008,667.4751892089844,6328.035949707031,5733.924896240234,2019-06-19 16:25:44.990,2019-06-19 16:27:08.045,19,13554.01471710205,27108.0294342041,threadtest,83.055,161.3573180607387,cstates,suite,CG,C,2,cstates suite
29888,cstates_suite_CG_C_2_20,824.1420211791992,667.3650817871094,6334.078521728516,5729.999328613281,2019-06-19 16:27:11.050,2019-06-19 16:28:34.103,20,13555.584953308105,27111.16990661621,threadtest,83.053,161.37601134890602,cstates,suite,CG,C,2,cstates suite
